{
    "images": [
        {
            "height": 2288,
            "width": 2376,
            "id": 0,
            "file_name": "10T3_1_colour_1.png"
        }
    ],
    "categories": [
        {
            "supercategory": "g",
            "id": 0,
            "name": "g"
        },
        {
            "supercategory": "p",
            "id": 1,
            "name": "p"
        }
    ],
    "annotations": [
        {
            "segmentation": [
                [
                    860.0,
                    852.5,
                    875.0,
                    877.5
                ]
            ],
            "iscrowd": 0,
            "area": 0.0,
            "image_id": 0,
            "bbox": [
                860.0,
                852.0,
                15.0,
                25.0
            ],
            "category_id": 0,
            "id": 1
        },
        {
            "segmentation": [
                [
                    947.5,
                    747.5,
                    960.0,
                    772.5
                ]
            ],
            "iscrowd": 0,
            "area": 0.0,
            "image_id": 0,
            "bbox": [
                947.0,
                747.0,
                13.0,
                25.0
            ],
            "category_id": 0,
            "id": 2
        },
        {
            "segmentation": [
                [
                    905.0,
                    687.5,
                    920.0,
                    710.0
                ]
            ],
            "iscrowd": 0,
            "area": 0.0,
            "image_id": 0,
            "bbox": [
                905.0,
                687.0,
                15.0,
                23.0
            ],
            "category_id": 0,
            "id": 3
        },
        {
            "segmentation": [
                [
                    1110.0,
                    730.0,
                    1117.5,
                    757.5
                ]
            ],
            "iscrowd": 0,
            "area": 0.0,
            "image_id": 0,
            "bbox": [
                1110.0,
                730.0,
                7.0,
                27.0
            ],
            "category_id": 0,
            "id": 4
        },
        {
            "segmentation": [
                [
                    1065.0,
                    632.5,
                    1072.5,
                    665.0
                ]
            ],
            "iscrowd": 0,
            "area": 0.0,
            "image_id": 0,
            "bbox": [
                1065.0,
                632.0,
                7.0,
                33.0
            ],
            "category_id": 0,
            "id": 5
        },
        {
            "segmentation": [
                [
                    857.5,
                    567.5,
                    827.5,
                    587.5,
                    842.5,
                    617.5,
                    872.5,
                    612.5,
                    880.0,
                    582.5
                ]
            ],
            "iscrowd": 0,
            "area": 1706.25,
            "image_id": 0,
            "bbox": [
                827.0,
                567.0,
                53.0,
                50.0
            ],
            "category_id": 0,
            "id": 6
        },
        {
            "segmentation": [
                [
                    1392.5,
                    1095.0,
                    1415.0,
                    1112.5
                ]
            ],
            "iscrowd": 0,
            "area": 0.0,
            "image_id": 0,
            "bbox": [
                1392.0,
                1095.0,
                23.0,
                17.0
            ],
            "category_id": 0,
            "id": 7
        },
        {
            "segmentation": [
                [
                    1097.5,
                    940.0,
                    1110.0,
                    965.0
                ]
            ],
            "iscrowd": 0,
            "area": 0.0,
            "image_id": 0,
            "bbox": [
                1097.0,
                940.0,
                13.0,
                25.0
            ],
            "category_id": 0,
            "id": 8
        },
        {
            "segmentation": [
                [
                    1130.0,
                    902.5,
                    1145.0,
                    925.0
                ]
            ],
            "iscrowd": 0,
            "area": 0.0,
            "image_id": 0,
            "bbox": [
                1130.0,
                902.0,
                15.0,
                23.0
            ],
            "category_id": 0,
            "id": 9
        },
        {
            "segmentation": [
                [
                    1002.5,
                    827.5,
                    1017.5,
                    847.5
                ]
            ],
            "iscrowd": 0,
            "area": 0.0,
            "image_id": 0,
            "bbox": [
                1002.0,
                827.0,
                15.0,
                20.0
            ],
            "category_id": 0,
            "id": 10
        },
        {
            "segmentation": [
                [
                    990.0,
                    892.5,
                    997.5,
                    917.5
                ]
            ],
            "iscrowd": 0,
            "area": 0.0,
            "image_id": 0,
            "bbox": [
                990.0,
                892.0,
                7.0,
                25.0
            ],
            "category_id": 0,
            "id": 11
        },
        {
            "segmentation": [
                [
                    1062.5,
                    885.0,
                    1080.0,
                    902.5
                ]
            ],
            "iscrowd": 0,
            "area": 0.0,
            "image_id": 0,
            "bbox": [
                1062.0,
                885.0,
                18.0,
                17.0
            ],
            "category_id": 0,
            "id": 12
        },
        {
            "segmentation": [
                [
                    1097.5,
                    872.5,
                    1110.0,
                    887.5
                ]
            ],
            "iscrowd": 0,
            "area": 0.0,
            "image_id": 0,
            "bbox": [
                1097.0,
                872.0,
                13.0,
                15.0
            ],
            "category_id": 0,
            "id": 13
        },
        {
            "segmentation": [
                [
                    1265.0,
                    537.5,
                    1282.5,
                    560.0
                ]
            ],
            "iscrowd": 0,
            "area": 0.0,
            "image_id": 0,
            "bbox": [
                1265.0,
                537.0,
                17.0,
                23.0
            ],
            "category_id": 0,
            "id": 14
        },
        {
            "segmentation": [
                [
                    1212.5,
                    487.5,
                    1237.5,
                    507.5
                ]
            ],
            "iscrowd": 0,
            "area": 0.0,
            "image_id": 0,
            "bbox": [
                1212.0,
                487.0,
                25.0,
                20.0
            ],
            "category_id": 0,
            "id": 15
        },
        {
            "segmentation": [
                [
                    1045.0,
                    487.5,
                    1067.5,
                    505.0
                ]
            ],
            "iscrowd": 0,
            "area": 0.0,
            "image_id": 0,
            "bbox": [
                1045.0,
                487.0,
                22.0,
                18.0
            ],
            "category_id": 0,
            "id": 16
        },
        {
            "segmentation": [
                [
                    998.5294117647059,
                    973.5294117647059,
                    1004.4117647058823,
                    980.8823529411764
                ]
            ],
            "iscrowd": 0,
            "area": 0.0,
            "image_id": 0,
            "bbox": [
                998.0,
                973.0,
                6.0,
                7.0
            ],
            "category_id": 1,
            "id": 17
        },
        {
            "segmentation": [
                [
                    671.9101123595506,
                    553.9325842696629,
                    676.4044943820224,
                    560.6741573033707
                ]
            ],
            "iscrowd": 0,
            "area": 0.0,
            "image_id": 0,
            "bbox": [
                671.0,
                553.0,
                5.0,
                7.0
            ],
            "category_id": 1,
            "id": 18
        },
        {
            "segmentation": [
                [
                    508.9887640449438,
                    693.2584269662922,
                    512.3595505617977,
                    700.0
                ]
            ],
            "iscrowd": 0,
            "area": 0.0,
            "image_id": 0,
            "bbox": [
                508.0,
                693.0,
                4.0,
                7.0
            ],
            "category_id": 1,
            "id": 19
        },
        {
            "segmentation": [
                [
                    885.3932584269663,
                    500.0,
                    898.876404494382,
                    529.2134831460675
                ]
            ],
            "iscrowd": 0,
            "area": 0.0,
            "image_id": 0,
            "bbox": [
                885.0,
                500.0,
                13.0,
                29.0
            ],
            "category_id": 0,
            "id": 20
        },
        {
            "segmentation": [
                [
                    698.876404494382,
                    461.7977528089888,
                    714.6067415730337,
                    486.51685393258424
                ]
            ],
            "iscrowd": 0,
            "area": 0.0,
            "image_id": 0,
            "bbox": [
                698.0,
                461.0,
                16.0,
                25.0
            ],
            "category_id": 0,
            "id": 21
        },
        {
            "segmentation": [
                [
                    698.876404494382,
                    375.2808988764045,
                    719.1011235955056,
                    401.12359550561797
                ]
            ],
            "iscrowd": 0,
            "area": 0.0,
            "image_id": 0,
            "bbox": [
                698.0,
                375.0,
                21.0,
                26.0
            ],
            "category_id": 0,
            "id": 22
        },
        {
            "segmentation": [
                [
                    795.5056179775281,
                    461.7977528089888,
                    812.3595505617977,
                    488.76404494382024
                ]
            ],
            "iscrowd": 0,
            "area": 0.0,
            "image_id": 0,
            "bbox": [
                795.0,
                461.0,
                17.0,
                27.0
            ],
            "category_id": 0,
            "id": 23
        },
        {
            "segmentation": [
                [
                    797.7528089887641,
                    410.1123595505618,
                    811.2359550561798,
                    432.5842696629213
                ]
            ],
            "iscrowd": 0,
            "area": 0.0,
            "image_id": 0,
            "bbox": [
                797.0,
                410.0,
                14.0,
                22.0
            ],
            "category_id": 0,
            "id": 24
        },
        {
            "segmentation": [
                [
                    904.4943820224719,
                    425.8426966292135,
                    915.7303370786517,
                    450.56179775280896
                ]
            ],
            "iscrowd": 0,
            "area": 0.0,
            "image_id": 0,
            "bbox": [
                904.0,
                425.0,
                11.0,
                25.0
            ],
            "category_id": 0,
            "id": 25
        },
        {
            "segmentation": [
                [
                    602.2471910112359,
                    619.1011235955056,
                    615.7303370786517,
                    644.943820224719
                ]
            ],
            "iscrowd": 0,
            "area": 0.0,
            "image_id": 0,
            "bbox": [
                602.0,
                619.0,
                13.0,
                25.0
            ],
            "category_id": 0,
            "id": 26
        },
        {
            "segmentation": [
                [
                    547.1910112359551,
                    725.8426966292135,
                    566.2921348314607,
                    742.6966292134831
                ]
            ],
            "iscrowd": 0,
            "area": 0.0,
            "image_id": 0,
            "bbox": [
                547.0,
                725.0,
                19.0,
                17.0
            ],
            "category_id": 0,
            "id": 27
        },
        {
            "segmentation": [
                [
                    704.4943820224719,
                    907.8651685393259,
                    723.5955056179776,
                    929.2134831460673
                ]
            ],
            "iscrowd": 0,
            "area": 0.0,
            "image_id": 0,
            "bbox": [
                704.0,
                907.0,
                19.0,
                22.0
            ],
            "category_id": 0,
            "id": 28
        },
        {
            "segmentation": [
                [
                    698.876404494382,
                    883.1460674157303,
                    716.8539325842696,
                    905.6179775280899
                ]
            ],
            "iscrowd": 0,
            "area": 0.0,
            "image_id": 0,
            "bbox": [
                698.0,
                883.0,
                18.0,
                22.0
            ],
            "category_id": 0,
            "id": 29
        },
        {
            "segmentation": [
                [
                    812.3595505617977,
                    775.2808988764045,
                    826.9662921348314,
                    795.5056179775281
                ]
            ],
            "iscrowd": 0,
            "area": 0.0,
            "image_id": 0,
            "bbox": [
                812.0,
                775.0,
                14.0,
                20.0
            ],
            "category_id": 0,
            "id": 30
        },
        {
            "segmentation": [
                [
                    830.3370786516854,
                    752.8089887640449,
                    842.6966292134831,
                    770.7865168539325
                ]
            ],
            "iscrowd": 0,
            "area": 0.0,
            "image_id": 0,
            "bbox": [
                830.0,
                752.0,
                12.0,
                18.0
            ],
            "category_id": 0,
            "id": 31
        },
        {
            "segmentation": [
                [
                    793.2584269662922,
                    732.5842696629213,
                    807.8651685393259,
                    753.9325842696629
                ]
            ],
            "iscrowd": 0,
            "area": 0.0,
            "image_id": 0,
            "bbox": [
                793.0,
                732.0,
                14.0,
                21.0
            ],
            "category_id": 0,
            "id": 32
        },
        {
            "segmentation": [
                [
                    752.8089887640449,
                    723.5955056179776,
                    769.6629213483146,
                    743.8202247191011
                ]
            ],
            "iscrowd": 0,
            "area": 0.0,
            "image_id": 0,
            "bbox": [
                752.0,
                723.0,
                17.0,
                20.0
            ],
            "category_id": 0,
            "id": 33
        },
        {
            "segmentation": [
                [
                    542.6966292134831,
                    665.1685393258426,
                    556.1797752808989,
                    678.6516853932584
                ]
            ],
            "iscrowd": 0,
            "area": 0.0,
            "image_id": 0,
            "bbox": [
                542.0,
                665.0,
                14.0,
                13.0
            ],
            "category_id": 0,
            "id": 34
        },
        {
            "segmentation": [
                [
                    387.64044943820227,
                    939.3258426966293,
                    407.86516853932585,
                    966.2921348314607
                ]
            ],
            "iscrowd": 0,
            "area": 0.0,
            "image_id": 0,
            "bbox": [
                387.0,
                939.0,
                20.0,
                27.0
            ],
            "category_id": 0,
            "id": 35
        },
        {
            "segmentation": [
                [
                    671.9101123595506,
                    1193.258426966292,
                    689.8876404494382,
                    1216.8539325842696
                ]
            ],
            "iscrowd": 0,
            "area": 0.0,
            "image_id": 0,
            "bbox": [
                671.0,
                1193.0,
                18.0,
                23.0
            ],
            "category_id": 0,
            "id": 36
        },
        {
            "segmentation": [
                [
                    596.629213483146,
                    1107.8651685393259,
                    616.8539325842696,
                    1129.2134831460673
                ]
            ],
            "iscrowd": 0,
            "area": 0.0,
            "image_id": 0,
            "bbox": [
                596.0,
                1107.0,
                20.0,
                22.0
            ],
            "category_id": 0,
            "id": 37
        },
        {
            "segmentation": [
                [
                    623.5955056179776,
                    1152.808988764045,
                    638.2022471910112,
                    1174.1573033707864
                ]
            ],
            "iscrowd": 0,
            "area": 0.0,
            "image_id": 0,
            "bbox": [
                623.0,
                1152.0,
                15.0,
                22.0
            ],
            "category_id": 0,
            "id": 38
        },
        {
            "segmentation": [
                [
                    488.76404494382024,
                    1089.887640449438,
                    511.23595505617976,
                    1108.9887640449438
                ]
            ],
            "iscrowd": 0,
            "area": 0.0,
            "image_id": 0,
            "bbox": [
                488.0,
                1089.0,
                23.0,
                19.0
            ],
            "category_id": 0,
            "id": 39
        },
        {
            "segmentation": [
                [
                    584.2696629213483,
                    1273.0337078651685,
                    604.4943820224719,
                    1296.629213483146
                ]
            ],
            "iscrowd": 0,
            "area": 0.0,
            "image_id": 0,
            "bbox": [
                584.0,
                1273.0,
                20.0,
                23.0
            ],
            "category_id": 0,
            "id": 40
        },
        {
            "segmentation": [
                [
                    595.5056179775281,
                    1237.0786516853932,
                    611.2359550561798,
                    1256.1797752808989
                ]
            ],
            "iscrowd": 0,
            "area": 0.0,
            "image_id": 0,
            "bbox": [
                595.0,
                1237.0,
                16.0,
                19.0
            ],
            "category_id": 0,
            "id": 41
        },
        {
            "segmentation": [
                [
                    694.3820224719101,
                    1383.1460674157304,
                    717.9775280898876,
                    1404.4943820224719
                ]
            ],
            "iscrowd": 0,
            "area": 0.0,
            "image_id": 0,
            "bbox": [
                694.0,
                1383.0,
                23.0,
                21.0
            ],
            "category_id": 0,
            "id": 42
        },
        {
            "segmentation": [
                [
                    455.0561797752809,
                    1205.6179775280898,
                    468.5393258426966,
                    1228.0898876404494
                ]
            ],
            "iscrowd": 0,
            "area": 0.0,
            "image_id": 0,
            "bbox": [
                455.0,
                1205.0,
                13.0,
                23.0
            ],
            "category_id": 0,
            "id": 43
        },
        {
            "segmentation": [
                [
                    475.2808988764045,
                    1229.2134831460673,
                    487.64044943820227,
                    1249.438202247191
                ]
            ],
            "iscrowd": 0,
            "area": 0.0,
            "image_id": 0,
            "bbox": [
                475.0,
                1229.0,
                12.0,
                20.0
            ],
            "category_id": 0,
            "id": 44
        },
        {
            "segmentation": [
                [
                    533.7078651685393,
                    1242.6966292134832,
                    551.685393258427,
                    1261.7977528089887
                ]
            ],
            "iscrowd": 0,
            "area": 0.0,
            "image_id": 0,
            "bbox": [
                533.0,
                1242.0,
                18.0,
                19.0
            ],
            "category_id": 0,
            "id": 45
        },
        {
            "segmentation": [
                [
                    468.5393258426966,
                    1276.4044943820224,
                    484.2696629213483,
                    1298.876404494382
                ]
            ],
            "iscrowd": 0,
            "area": 0.0,
            "image_id": 0,
            "bbox": [
                468.0,
                1276.0,
                16.0,
                22.0
            ],
            "category_id": 0,
            "id": 46
        },
        {
            "segmentation": [
                [
                    515.7303370786517,
                    1283.1460674157304,
                    531.4606741573034,
                    1302.2471910112358
                ]
            ],
            "iscrowd": 0,
            "area": 0.0,
            "image_id": 0,
            "bbox": [
                515.0,
                1283.0,
                16.0,
                19.0
            ],
            "category_id": 0,
            "id": 47
        },
        {
            "segmentation": [
                [
                    557.3033707865169,
                    1328.0898876404494,
                    575.2808988764045,
                    1347.191011235955
                ]
            ],
            "iscrowd": 0,
            "area": 0.0,
            "image_id": 0,
            "bbox": [
                557.0,
                1328.0,
                18.0,
                19.0
            ],
            "category_id": 0,
            "id": 48
        },
        {
            "segmentation": [
                [
                    531.4606741573034,
                    1382.0224719101122,
                    549.438202247191,
                    1403.370786516854
                ]
            ],
            "iscrowd": 0,
            "area": 0.0,
            "image_id": 0,
            "bbox": [
                531.0,
                1382.0,
                18.0,
                21.0
            ],
            "category_id": 0,
            "id": 49
        },
        {
            "segmentation": [
                [
                    585.3932584269663,
                    1371.9101123595506,
                    606.7415730337078,
                    1393.258426966292
                ]
            ],
            "iscrowd": 0,
            "area": 0.0,
            "image_id": 0,
            "bbox": [
                585.0,
                1371.0,
                21.0,
                22.0
            ],
            "category_id": 0,
            "id": 50
        },
        {
            "segmentation": [
                [
                    603.370786516854,
                    1358.426966292135,
                    630.3370786516854,
                    1379.7752808988764
                ]
            ],
            "iscrowd": 0,
            "area": 0.0,
            "image_id": 0,
            "bbox": [
                603.0,
                1358.0,
                27.0,
                21.0
            ],
            "category_id": 0,
            "id": 51
        },
        {
            "segmentation": [
                [
                    794.3820224719101,
                    346.0674157303371,
                    810.1123595505618,
                    362.92134831460675
                ]
            ],
            "iscrowd": 0,
            "area": 0.0,
            "image_id": 0,
            "bbox": [
                794.0,
                346.0,
                16.0,
                16.0
            ],
            "category_id": 0,
            "id": 52
        },
        {
            "segmentation": [
                [
                    853.9325842696629,
                    313.4831460674157,
                    874.1573033707865,
                    332.5842696629213
                ]
            ],
            "iscrowd": 0,
            "area": 0.0,
            "image_id": 0,
            "bbox": [
                853.0,
                313.0,
                21.0,
                19.0
            ],
            "category_id": 0,
            "id": 53
        },
        {
            "segmentation": [
                [
                    978.6516853932584,
                    284.2696629213483,
                    1000.0,
                    311.23595505617976
                ]
            ],
            "iscrowd": 0,
            "area": 0.0,
            "image_id": 0,
            "bbox": [
                978.0,
                284.0,
                22.0,
                27.0
            ],
            "category_id": 0,
            "id": 54
        },
        {
            "segmentation": [
                [
                    1021.3483146067416,
                    364.0449438202247,
                    1040.4494382022472,
                    388.76404494382024
                ]
            ],
            "iscrowd": 0,
            "area": 0.0,
            "image_id": 0,
            "bbox": [
                1021.0,
                364.0,
                19.0,
                24.0
            ],
            "category_id": 0,
            "id": 55
        },
        {
            "segmentation": [
                [
                    1047.191011235955,
                    420.2247191011236,
                    1065.1685393258426,
                    440.44943820224717
                ]
            ],
            "iscrowd": 0,
            "area": 0.0,
            "image_id": 0,
            "bbox": [
                1047.0,
                420.0,
                18.0,
                20.0
            ],
            "category_id": 0,
            "id": 56
        },
        {
            "segmentation": [
                [
                    1386.5168539325844,
                    374.1573033707865,
                    1404.4943820224719,
                    398.87640449438203
                ]
            ],
            "iscrowd": 0,
            "area": 0.0,
            "image_id": 0,
            "bbox": [
                1386.0,
                374.0,
                18.0,
                24.0
            ],
            "category_id": 0,
            "id": 57
        },
        {
            "segmentation": [
                [
                    1579.7752808988764,
                    598.876404494382,
                    1594.38202247191,
                    626.9662921348314
                ]
            ],
            "iscrowd": 0,
            "area": 0.0,
            "image_id": 0,
            "bbox": [
                1579.0,
                598.0,
                15.0,
                28.0
            ],
            "category_id": 0,
            "id": 58
        },
        {
            "segmentation": [
                [
                    1785.3932584269662,
                    576.4044943820224,
                    1803.370786516854,
                    602.2471910112359
                ]
            ],
            "iscrowd": 0,
            "area": 0.0,
            "image_id": 0,
            "bbox": [
                1785.0,
                576.0,
                18.0,
                26.0
            ],
            "category_id": 0,
            "id": 59
        },
        {
            "segmentation": [
                [
                    1686.5168539325844,
                    343.82022471910113,
                    1702.2471910112358,
                    366.29213483146066
                ]
            ],
            "iscrowd": 0,
            "area": 0.0,
            "image_id": 0,
            "bbox": [
                1686.0,
                343.0,
                16.0,
                23.0
            ],
            "category_id": 0,
            "id": 60
        },
        {
            "segmentation": [
                [
                    1780.8988764044943,
                    747.191011235955,
                    1800.0,
                    773.0337078651685
                ]
            ],
            "iscrowd": 0,
            "area": 0.0,
            "image_id": 0,
            "bbox": [
                1780.0,
                747.0,
                20.0,
                26.0
            ],
            "category_id": 0,
            "id": 61
        },
        {
            "segmentation": [
                [
                    1610.1123595505617,
                    771.9101123595506,
                    1637.0786516853932,
                    794.3820224719101
                ]
            ],
            "iscrowd": 0,
            "area": 0.0,
            "image_id": 0,
            "bbox": [
                1610.0,
                771.0,
                27.0,
                23.0
            ],
            "category_id": 0,
            "id": 62
        },
        {
            "segmentation": [
                [
                    1708.9887640449438,
                    833.7078651685393,
                    1723.5955056179776,
                    860.6741573033707
                ]
            ],
            "iscrowd": 0,
            "area": 0.0,
            "image_id": 0,
            "bbox": [
                1708.0,
                833.0,
                15.0,
                27.0
            ],
            "category_id": 0,
            "id": 63
        },
        {
            "segmentation": [
                [
                    1764.0449438202247,
                    924.7191011235955,
                    1784.2696629213483,
                    948.314606741573
                ]
            ],
            "iscrowd": 0,
            "area": 0.0,
            "image_id": 0,
            "bbox": [
                1764.0,
                924.0,
                20.0,
                24.0
            ],
            "category_id": 0,
            "id": 64
        },
        {
            "segmentation": [
                [
                    1611.2359550561798,
                    880.8988764044943,
                    1628.0898876404494,
                    907.8651685393259
                ]
            ],
            "iscrowd": 0,
            "area": 0.0,
            "image_id": 0,
            "bbox": [
                1611.0,
                880.0,
                17.0,
                27.0
            ],
            "category_id": 0,
            "id": 65
        },
        {
            "segmentation": [
                [
                    1440.4494382022472,
                    780.8988764044943,
                    1450.561797752809,
                    806.7415730337078
                ]
            ],
            "iscrowd": 0,
            "area": 0.0,
            "image_id": 0,
            "bbox": [
                1440.0,
                780.0,
                10.0,
                26.0
            ],
            "category_id": 0,
            "id": 66
        },
        {
            "segmentation": [
                [
                    1386.5168539325844,
                    830.3370786516854,
                    1407.8651685393259,
                    856.1797752808989
                ]
            ],
            "iscrowd": 0,
            "area": 0.0,
            "image_id": 0,
            "bbox": [
                1386.0,
                830.0,
                21.0,
                26.0
            ],
            "category_id": 0,
            "id": 67
        },
        {
            "segmentation": [
                [
                    1247.191011235955,
                    866.2921348314607,
                    1265.1685393258426,
                    885.3932584269663
                ]
            ],
            "iscrowd": 0,
            "area": 0.0,
            "image_id": 0,
            "bbox": [
                1247.0,
                866.0,
                18.0,
                19.0
            ],
            "category_id": 0,
            "id": 68
        },
        {
            "segmentation": [
                [
                    1266.2921348314605,
                    916.8539325842696,
                    1278.6516853932585,
                    940.4494382022472
                ]
            ],
            "iscrowd": 0,
            "area": 0.0,
            "image_id": 0,
            "bbox": [
                1266.0,
                916.0,
                12.0,
                24.0
            ],
            "category_id": 0,
            "id": 69
        },
        {
            "segmentation": [
                [
                    1185.3932584269662,
                    962.9213483146067,
                    1205.6179775280898,
                    984.2696629213483
                ]
            ],
            "iscrowd": 0,
            "area": 0.0,
            "image_id": 0,
            "bbox": [
                1185.0,
                962.0,
                20.0,
                22.0
            ],
            "category_id": 0,
            "id": 70
        },
        {
            "segmentation": [
                [
                    1220.2247191011236,
                    985.3932584269663,
                    1230.3370786516855,
                    1010.1123595505618
                ]
            ],
            "iscrowd": 0,
            "area": 0.0,
            "image_id": 0,
            "bbox": [
                1220.0,
                985.0,
                10.0,
                25.0
            ],
            "category_id": 0,
            "id": 71
        },
        {
            "segmentation": [
                [
                    1519.1011235955057,
                    968.5393258426966,
                    1537.0786516853932,
                    996.629213483146
                ]
            ],
            "iscrowd": 0,
            "area": 0.0,
            "image_id": 0,
            "bbox": [
                1519.0,
                968.0,
                18.0,
                28.0
            ],
            "category_id": 0,
            "id": 72
        },
        {
            "segmentation": [
                [
                    1423.5955056179776,
                    1011.2359550561797,
                    1440.4494382022472,
                    1037.0786516853932
                ]
            ],
            "iscrowd": 0,
            "area": 0.0,
            "image_id": 0,
            "bbox": [
                1423.0,
                1011.0,
                17.0,
                26.0
            ],
            "category_id": 0,
            "id": 73
        },
        {
            "segmentation": [
                [
                    1524.7191011235955,
                    1095.5056179775281,
                    1542.6966292134832,
                    1122.4719101123596
                ]
            ],
            "iscrowd": 0,
            "area": 0.0,
            "image_id": 0,
            "bbox": [
                1524.0,
                1095.0,
                18.0,
                27.0
            ],
            "category_id": 0,
            "id": 74
        },
        {
            "segmentation": [
                [
                    1734.8314606741574,
                    1032.5842696629213,
                    1747.191011235955,
                    1057.3033707865168
                ]
            ],
            "iscrowd": 0,
            "area": 0.0,
            "image_id": 0,
            "bbox": [
                1734.0,
                1032.0,
                13.0,
                25.0
            ],
            "category_id": 0,
            "id": 75
        },
        {
            "segmentation": [
                [
                    1766.2921348314605,
                    1098.876404494382,
                    1786.5168539325844,
                    1123.5955056179776
                ]
            ],
            "iscrowd": 0,
            "area": 0.0,
            "image_id": 0,
            "bbox": [
                1766.0,
                1098.0,
                20.0,
                25.0
            ],
            "category_id": 0,
            "id": 76
        },
        {
            "segmentation": [
                [
                    1969.6629213483145,
                    750.561797752809,
                    1986.5168539325841,
                    774.1573033707865
                ]
            ],
            "iscrowd": 0,
            "area": 0.0,
            "image_id": 0,
            "bbox": [
                1969.0,
                750.0,
                17.0,
                24.0
            ],
            "category_id": 0,
            "id": 77
        },
        {
            "segmentation": [
                [
                    2046.067415730337,
                    992.1348314606741,
                    2062.921348314607,
                    1016.8539325842696
                ]
            ],
            "iscrowd": 0,
            "area": 0.0,
            "image_id": 0,
            "bbox": [
                2046.0,
                992.0,
                16.0,
                24.0
            ],
            "category_id": 0,
            "id": 78
        },
        {
            "segmentation": [
                [
                    1994.38202247191,
                    995.5056179775281,
                    2008.9887640449438,
                    1022.4719101123595
                ]
            ],
            "iscrowd": 0,
            "area": 0.0,
            "image_id": 0,
            "bbox": [
                1994.0,
                995.0,
                14.0,
                27.0
            ],
            "category_id": 0,
            "id": 79
        },
        {
            "segmentation": [
                [
                    2087.6404494382023,
                    1206.741573033708,
                    2111.2359550561796,
                    1234.8314606741574
                ]
            ],
            "iscrowd": 0,
            "area": 0.0,
            "image_id": 0,
            "bbox": [
                2087.0,
                1206.0,
                24.0,
                28.0
            ],
            "category_id": 0,
            "id": 80
        },
        {
            "segmentation": [
                [
                    1900.0,
                    1208.9887640449438,
                    1919.1011235955057,
                    1225.8426966292134
                ]
            ],
            "iscrowd": 0,
            "area": 0.0,
            "image_id": 0,
            "bbox": [
                1900.0,
                1208.0,
                19.0,
                17.0
            ],
            "category_id": 0,
            "id": 81
        },
        {
            "segmentation": [
                [
                    1797.752808988764,
                    1206.741573033708,
                    1823.5955056179776,
                    1225.8426966292134
                ]
            ],
            "iscrowd": 0,
            "area": 0.0,
            "image_id": 0,
            "bbox": [
                1797.0,
                1206.0,
                26.0,
                19.0
            ],
            "category_id": 0,
            "id": 82
        },
        {
            "segmentation": [
                [
                    1769.6629213483145,
                    1387.6404494382023,
                    1788.7640449438202,
                    1408.9887640449438
                ]
            ],
            "iscrowd": 0,
            "area": 0.0,
            "image_id": 0,
            "bbox": [
                1769.0,
                1387.0,
                19.0,
                21.0
            ],
            "category_id": 0,
            "id": 83
        },
        {
            "segmentation": [
                [
                    1664.0449438202247,
                    1366.2921348314605,
                    1680.8988764044943,
                    1391.0112359550562
                ]
            ],
            "iscrowd": 0,
            "area": 0.0,
            "image_id": 0,
            "bbox": [
                1664.0,
                1366.0,
                16.0,
                25.0
            ],
            "category_id": 0,
            "id": 84
        },
        {
            "segmentation": [
                [
                    1450.561797752809,
                    1332.5842696629213,
                    1469.6629213483145,
                    1356.1797752808989
                ]
            ],
            "iscrowd": 0,
            "area": 0.0,
            "image_id": 0,
            "bbox": [
                1450.0,
                1332.0,
                19.0,
                24.0
            ],
            "category_id": 0,
            "id": 85
        },
        {
            "segmentation": [
                [
                    1278.6516853932585,
                    1510.1123595505617,
                    1301.123595505618,
                    1533.7078651685392
                ]
            ],
            "iscrowd": 0,
            "area": 0.0,
            "image_id": 0,
            "bbox": [
                1278.0,
                1510.0,
                23.0,
                23.0
            ],
            "category_id": 0,
            "id": 86
        },
        {
            "segmentation": [
                [
                    1083.1460674157304,
                    1756.1797752808989,
                    1103.370786516854,
                    1780.8988764044943
                ]
            ],
            "iscrowd": 0,
            "area": 0.0,
            "image_id": 0,
            "bbox": [
                1083.0,
                1756.0,
                20.0,
                24.0
            ],
            "category_id": 0,
            "id": 87
        },
        {
            "segmentation": [
                [
                    1192.1348314606741,
                    1793.258426966292,
                    1208.9887640449438,
                    1825.8426966292134
                ]
            ],
            "iscrowd": 0,
            "area": 0.0,
            "image_id": 0,
            "bbox": [
                1192.0,
                1793.0,
                16.0,
                32.0
            ],
            "category_id": 0,
            "id": 88
        },
        {
            "segmentation": [
                [
                    1539.3258426966293,
                    1521.3483146067415,
                    1560.6741573033707,
                    1546.067415730337
                ]
            ],
            "iscrowd": 0,
            "area": 0.0,
            "image_id": 0,
            "bbox": [
                1539.0,
                1521.0,
                21.0,
                25.0
            ],
            "category_id": 0,
            "id": 89
        },
        {
            "segmentation": [
                [
                    1623.5955056179776,
                    1515.7303370786517,
                    1635.9550561797753,
                    1533.7078651685392
                ]
            ],
            "iscrowd": 0,
            "area": 0.0,
            "image_id": 0,
            "bbox": [
                1623.0,
                1515.0,
                12.0,
                18.0
            ],
            "category_id": 0,
            "id": 90
        },
        {
            "segmentation": [
                [
                    1653.9325842696628,
                    1465.1685393258426,
                    1674.1573033707864,
                    1488.7640449438202
                ]
            ],
            "iscrowd": 0,
            "area": 0.0,
            "image_id": 0,
            "bbox": [
                1653.0,
                1465.0,
                21.0,
                23.0
            ],
            "category_id": 0,
            "id": 91
        },
        {
            "segmentation": [
                [
                    1793.258426966292,
                    1621.3483146067415,
                    1812.3595505617977,
                    1646.067415730337
                ]
            ],
            "iscrowd": 0,
            "area": 0.0,
            "image_id": 0,
            "bbox": [
                1793.0,
                1621.0,
                19.0,
                25.0
            ],
            "category_id": 0,
            "id": 92
        },
        {
            "segmentation": [
                [
                    1766.2921348314605,
                    1578.6516853932585,
                    1780.8988764044943,
                    1602.2471910112358
                ]
            ],
            "iscrowd": 0,
            "area": 0.0,
            "image_id": 0,
            "bbox": [
                1766.0,
                1578.0,
                14.0,
                24.0
            ],
            "category_id": 0,
            "id": 93
        },
        {
            "segmentation": [
                [
                    1720.2247191011236,
                    1601.123595505618,
                    1734.8314606741574,
                    1626.9662921348315
                ]
            ],
            "iscrowd": 0,
            "area": 0.0,
            "image_id": 0,
            "bbox": [
                1720.0,
                1601.0,
                14.0,
                25.0
            ],
            "category_id": 0,
            "id": 94
        },
        {
            "segmentation": [
                [
                    1716.8539325842696,
                    1701.123595505618,
                    1731.4606741573034,
                    1726.9662921348315
                ]
            ],
            "iscrowd": 0,
            "area": 0.0,
            "image_id": 0,
            "bbox": [
                1716.0,
                1701.0,
                15.0,
                25.0
            ],
            "category_id": 0,
            "id": 95
        },
        {
            "segmentation": [
                [
                    1946.067415730337,
                    1471.9101123595506,
                    1961.7977528089887,
                    1494.38202247191
                ]
            ],
            "iscrowd": 0,
            "area": 0.0,
            "image_id": 0,
            "bbox": [
                1946.0,
                1471.0,
                15.0,
                23.0
            ],
            "category_id": 0,
            "id": 96
        },
        {
            "segmentation": [
                [
                    1957.3033707865168,
                    1446.067415730337,
                    1974.1573033707864,
                    1469.6629213483145
                ]
            ],
            "iscrowd": 0,
            "area": 0.0,
            "image_id": 0,
            "bbox": [
                1957.0,
                1446.0,
                17.0,
                23.0
            ],
            "category_id": 0,
            "id": 97
        },
        {
            "segmentation": [
                [
                    1880.8988764044943,
                    1448.314606741573,
                    1893.258426966292,
                    1476.4044943820224
                ]
            ],
            "iscrowd": 0,
            "area": 0.0,
            "image_id": 0,
            "bbox": [
                1880.0,
                1448.0,
                13.0,
                28.0
            ],
            "category_id": 0,
            "id": 98
        },
        {
            "segmentation": [
                [
                    1885.3932584269662,
                    1426.9662921348315,
                    1904.4943820224719,
                    1449.438202247191
                ]
            ],
            "iscrowd": 0,
            "area": 0.0,
            "image_id": 0,
            "bbox": [
                1885.0,
                1426.0,
                19.0,
                23.0
            ],
            "category_id": 0,
            "id": 99
        },
        {
            "segmentation": [
                [
                    1715.7303370786517,
                    1284.2696629213483,
                    1735.9550561797753,
                    1303.370786516854
                ]
            ],
            "iscrowd": 0,
            "area": 0.0,
            "image_id": 0,
            "bbox": [
                1715.0,
                1284.0,
                20.0,
                19.0
            ],
            "category_id": 0,
            "id": 100
        },
        {
            "segmentation": [
                [
                    1582.0224719101122,
                    1284.2696629213483,
                    1598.876404494382,
                    1307.8651685393259
                ]
            ],
            "iscrowd": 0,
            "area": 0.0,
            "image_id": 0,
            "bbox": [
                1582.0,
                1284.0,
                16.0,
                23.0
            ],
            "category_id": 0,
            "id": 101
        },
        {
            "segmentation": [
                [
                    522.4719101123595,
                    1142.6966292134832,
                    539.3258426966293,
                    1162.9213483146068
                ]
            ],
            "iscrowd": 0,
            "area": 0.0,
            "image_id": 0,
            "bbox": [
                522.0,
                1142.0,
                17.0,
                20.0
            ],
            "category_id": 0,
            "id": 102
        },
        {
            "segmentation": [
                [
                    541.5730337078652,
                    1129.2134831460673,
                    558.4269662921348,
                    1153.9325842696628
                ]
            ],
            "iscrowd": 0,
            "area": 0.0,
            "image_id": 0,
            "bbox": [
                541.0,
                1129.0,
                17.0,
                24.0
            ],
            "category_id": 0,
            "id": 103
        },
        {
            "segmentation": [
                [
                    692.1348314606741,
                    1567.4157303370787,
                    712.3595505617977,
                    1593.258426966292
                ]
            ],
            "iscrowd": 0,
            "area": 0.0,
            "image_id": 0,
            "bbox": [
                692.0,
                1567.0,
                20.0,
                26.0
            ],
            "category_id": 0,
            "id": 104
        },
        {
            "segmentation": [
                [
                    573.0337078651685,
                    1560.6741573033707,
                    593.2584269662922,
                    1583.1460674157304
                ]
            ],
            "iscrowd": 0,
            "area": 0.0,
            "image_id": 0,
            "bbox": [
                573.0,
                1560.0,
                20.0,
                23.0
            ],
            "category_id": 0,
            "id": 105
        },
        {
            "segmentation": [
                [
                    664.0449438202247,
                    1712.3595505617977,
                    683.1460674157303,
                    1735.9550561797753
                ]
            ],
            "iscrowd": 0,
            "area": 0.0,
            "image_id": 0,
            "bbox": [
                664.0,
                1712.0,
                19.0,
                23.0
            ],
            "category_id": 0,
            "id": 106
        },
        {
            "segmentation": [
                [
                    831.4606741573034,
                    1666.2921348314605,
                    844.943820224719,
                    1693.258426966292
                ]
            ],
            "iscrowd": 0,
            "area": 0.0,
            "image_id": 0,
            "bbox": [
                831.0,
                1666.0,
                13.0,
                27.0
            ],
            "category_id": 0,
            "id": 107
        },
        {
            "segmentation": [
                [
                    1611.2359550561798,
                    1241.573033707865,
                    1630.3370786516853,
                    1260.6741573033707
                ]
            ],
            "iscrowd": 0,
            "area": 0.0,
            "image_id": 0,
            "bbox": [
                1611.0,
                1241.0,
                19.0,
                19.0
            ],
            "category_id": 0,
            "id": 108
        },
        {
            "segmentation": [
                [
                    1635.9550561797753,
                    1235.9550561797753,
                    1650.561797752809,
                    1256.1797752808989
                ]
            ],
            "iscrowd": 0,
            "area": 0.0,
            "image_id": 0,
            "bbox": [
                1635.0,
                1235.0,
                15.0,
                21.0
            ],
            "category_id": 0,
            "id": 109
        },
        {
            "segmentation": [
                [
                    1653.9325842696628,
                    1257.3033707865168,
                    1660.6741573033707,
                    1275.2808988764045
                ]
            ],
            "iscrowd": 0,
            "area": 0.0,
            "image_id": 0,
            "bbox": [
                1653.0,
                1257.0,
                7.0,
                18.0
            ],
            "category_id": 0,
            "id": 110
        },
        {
            "segmentation": [
                [
                    1611.2359550561798,
                    1024.7191011235955,
                    1624.7191011235955,
                    1041.573033707865
                ]
            ],
            "iscrowd": 0,
            "area": 0.0,
            "image_id": 0,
            "bbox": [
                1611.0,
                1024.0,
                13.0,
                17.0
            ],
            "category_id": 0,
            "id": 111
        },
        {
            "segmentation": [
                [
                    1717.9775280898875,
                    1184.2696629213483,
                    1733.7078651685392,
                    1208.9887640449438
                ]
            ],
            "iscrowd": 0,
            "area": 0.0,
            "image_id": 0,
            "bbox": [
                1717.0,
                1184.0,
                16.0,
                24.0
            ],
            "category_id": 0,
            "id": 112
        },
        {
            "segmentation": [
                [
                    1731.4606741573034,
                    1225.8426966292134,
                    1743.8202247191011,
                    1240.4494382022472
                ]
            ],
            "iscrowd": 0,
            "area": 0.0,
            "image_id": 0,
            "bbox": [
                1731.0,
                1225.0,
                12.0,
                15.0
            ],
            "category_id": 0,
            "id": 113
        },
        {
            "segmentation": [
                [
                    1673.0337078651685,
                    1188.7640449438202,
                    1688.7640449438202,
                    1211.2359550561798
                ]
            ],
            "iscrowd": 0,
            "area": 0.0,
            "image_id": 0,
            "bbox": [
                1673.0,
                1188.0,
                15.0,
                23.0
            ],
            "category_id": 0,
            "id": 114
        },
        {
            "segmentation": [
                [
                    1633.7078651685392,
                    1174.1573033707864,
                    1651.685393258427,
                    1193.258426966292
                ]
            ],
            "iscrowd": 0,
            "area": 0.0,
            "image_id": 0,
            "bbox": [
                1633.0,
                1174.0,
                18.0,
                19.0
            ],
            "category_id": 0,
            "id": 115
        },
        {
            "segmentation": [
                [
                    1376.4044943820224,
                    976.4044943820224,
                    1388.7640449438202,
                    996.629213483146
                ]
            ],
            "iscrowd": 0,
            "area": 0.0,
            "image_id": 0,
            "bbox": [
                1376.0,
                976.0,
                12.0,
                20.0
            ],
            "category_id": 0,
            "id": 116
        },
        {
            "segmentation": [
                [
                    1379.7752808988764,
                    949.438202247191,
                    1394.3820224719102,
                    968.5393258426966
                ]
            ],
            "iscrowd": 0,
            "area": 0.0,
            "image_id": 0,
            "bbox": [
                1379.0,
                949.0,
                15.0,
                19.0
            ],
            "category_id": 0,
            "id": 117
        },
        {
            "segmentation": [
                [
                    1349.438202247191,
                    924.7191011235955,
                    1369.6629213483145,
                    939.3258426966293
                ]
            ],
            "iscrowd": 0,
            "area": 0.0,
            "image_id": 0,
            "bbox": [
                1349.0,
                924.0,
                20.0,
                15.0
            ],
            "category_id": 0,
            "id": 118
        },
        {
            "segmentation": [
                [
                    1332.5842696629213,
                    905.6179775280899,
                    1348.314606741573,
                    925.8426966292135
                ]
            ],
            "iscrowd": 0,
            "area": 0.0,
            "image_id": 0,
            "bbox": [
                1332.0,
                905.0,
                16.0,
                20.0
            ],
            "category_id": 0,
            "id": 119
        },
        {
            "segmentation": [
                [
                    1412.3595505617977,
                    264.0449438202247,
                    1431.4606741573034,
                    288.76404494382024
                ]
            ],
            "iscrowd": 0,
            "area": 0.0,
            "image_id": 0,
            "bbox": [
                1412.0,
                264.0,
                19.0,
                24.0
            ],
            "category_id": 0,
            "id": 120
        },
        {
            "segmentation": [
                [
                    1369.6629213483145,
                    251.68539325842696,
                    1385.3932584269662,
                    275.2808988764045
                ]
            ],
            "iscrowd": 0,
            "area": 0.0,
            "image_id": 0,
            "bbox": [
                1369.0,
                251.0,
                16.0,
                24.0
            ],
            "category_id": 0,
            "id": 121
        },
        {
            "segmentation": [
                [
                    350.56179775280896,
                    1153.9325842696628,
                    370.7865168539326,
                    1180.8988764044943
                ]
            ],
            "iscrowd": 0,
            "area": 0.0,
            "image_id": 0,
            "bbox": [
                350.0,
                1153.0,
                20.0,
                27.0
            ],
            "category_id": 0,
            "id": 122
        },
        {
            "segmentation": [
                [
                    432.5842696629213,
                    1031.4606741573034,
                    446.0674157303371,
                    1053.9325842696628
                ]
            ],
            "iscrowd": 0,
            "area": 0.0,
            "image_id": 0,
            "bbox": [
                432.0,
                1031.0,
                14.0,
                22.0
            ],
            "category_id": 0,
            "id": 123
        },
        {
            "segmentation": [
                [
                    424.7191011235955,
                    1113.4831460674156,
                    437.07865168539325,
                    1129.2134831460673
                ]
            ],
            "iscrowd": 0,
            "area": 0.0,
            "image_id": 0,
            "bbox": [
                424.0,
                1113.0,
                13.0,
                16.0
            ],
            "category_id": 0,
            "id": 124
        },
        {
            "segmentation": [
                [
                    416.85393258426967,
                    824.7191011235955,
                    435.9550561797753,
                    844.943820224719
                ]
            ],
            "iscrowd": 0,
            "area": 0.0,
            "image_id": 0,
            "bbox": [
                416.0,
                824.0,
                19.0,
                20.0
            ],
            "category_id": 0,
            "id": 125
        },
        {
            "segmentation": [
                [
                    397.75280898876406,
                    808.9887640449438,
                    408.9887640449438,
                    826.9662921348314
                ]
            ],
            "iscrowd": 0,
            "area": 0.0,
            "image_id": 0,
            "bbox": [
                397.0,
                808.0,
                11.0,
                18.0
            ],
            "category_id": 0,
            "id": 126
        },
        {
            "segmentation": [
                [
                    403.3707865168539,
                    847.191011235955,
                    416.85393258426967,
                    868.5393258426966
                ]
            ],
            "iscrowd": 0,
            "area": 0.0,
            "image_id": 0,
            "bbox": [
                403.0,
                847.0,
                13.0,
                21.0
            ],
            "category_id": 0,
            "id": 127
        },
        {
            "segmentation": [
                [
                    405.6179775280899,
                    1039.3258426966293,
                    415.7303370786517,
                    1056.1797752808989
                ]
            ],
            "iscrowd": 0,
            "area": 0.0,
            "image_id": 0,
            "bbox": [
                405.0,
                1039.0,
                10.0,
                17.0
            ],
            "category_id": 0,
            "id": 128
        },
        {
            "segmentation": [
                [
                    314.60674157303373,
                    1173.0337078651685,
                    325.8426966292135,
                    1195.5056179775281
                ]
            ],
            "iscrowd": 0,
            "area": 0.0,
            "image_id": 0,
            "bbox": [
                314.0,
                1173.0,
                11.0,
                22.0
            ],
            "category_id": 0,
            "id": 129
        },
        {
            "segmentation": [
                [
                    410.1123595505618,
                    1074.1573033707864,
                    425.8426966292135,
                    1088.7640449438202
                ]
            ],
            "iscrowd": 0,
            "area": 0.0,
            "image_id": 0,
            "bbox": [
                410.0,
                1074.0,
                15.0,
                14.0
            ],
            "category_id": 0,
            "id": 130
        },
        {
            "segmentation": [
                [
                    352.80898876404495,
                    1107.8651685393259,
                    376.40449438202245,
                    1128.0898876404494
                ]
            ],
            "iscrowd": 0,
            "area": 0.0,
            "image_id": 0,
            "bbox": [
                352.0,
                1107.0,
                24.0,
                21.0
            ],
            "category_id": 0,
            "id": 131
        },
        {
            "segmentation": [
                [
                    386.51685393258424,
                    1093.258426966292,
                    400.0,
                    1114.6067415730338
                ]
            ],
            "iscrowd": 0,
            "area": 0.0,
            "image_id": 0,
            "bbox": [
                386.0,
                1093.0,
                14.0,
                21.0
            ],
            "category_id": 0,
            "id": 132
        },
        {
            "segmentation": [
                [
                    793.2584269662922,
                    585.3932584269663,
                    798.876404494382,
                    589.8876404494382
                ]
            ],
            "iscrowd": 0,
            "area": 0.0,
            "image_id": 0,
            "bbox": [
                793.0,
                585.0,
                5.0,
                4.0
            ],
            "category_id": 1,
            "id": 133
        },
        {
            "segmentation": [
                [
                    665.1685393258426,
                    422.4719101123595,
                    671.9101123595506,
                    428.08988764044943
                ]
            ],
            "iscrowd": 0,
            "area": 0.0,
            "image_id": 0,
            "bbox": [
                665.0,
                422.0,
                6.0,
                6.0
            ],
            "category_id": 1,
            "id": 134
        },
        {
            "segmentation": [
                [
                    356.17977528089887,
                    1001.1235955056179,
                    360.6741573033708,
                    1007.8651685393259
                ]
            ],
            "iscrowd": 0,
            "area": 0.0,
            "image_id": 0,
            "bbox": [
                356.0,
                1001.0,
                4.0,
                6.0
            ],
            "category_id": 1,
            "id": 135
        },
        {
            "segmentation": [
                [
                    1556.1797752808989,
                    1822.4719101123594,
                    1564.0449438202247,
                    1831.4606741573034
                ]
            ],
            "iscrowd": 0,
            "area": 0.0,
            "image_id": 0,
            "bbox": [
                1556.0,
                1822.0,
                8.0,
                9.0
            ],
            "category_id": 1,
            "id": 136
        },
        {
            "segmentation": [
                [
                    1539.3258426966293,
                    1828.0898876404494,
                    1541.573033707865,
                    1835.9550561797753
                ]
            ],
            "iscrowd": 0,
            "area": 0.0,
            "image_id": 0,
            "bbox": [
                1539.0,
                1828.0,
                2.0,
                7.0
            ],
            "category_id": 1,
            "id": 137
        },
        {
            "segmentation": [
                [
                    1279.7752808988764,
                    1406.741573033708,
                    1285.3932584269662,
                    1414.6067415730338
                ]
            ],
            "iscrowd": 0,
            "area": 0.0,
            "image_id": 0,
            "bbox": [
                1279.0,
                1406.0,
                6.0,
                8.0
            ],
            "category_id": 1,
            "id": 138
        },
        {
            "segmentation": [
                [
                    1566.2921348314605,
                    1352.808988764045,
                    1571.9101123595506,
                    1365.1685393258426
                ]
            ],
            "iscrowd": 0,
            "area": 0.0,
            "image_id": 0,
            "bbox": [
                1566.0,
                1352.0,
                5.0,
                13.0
            ],
            "category_id": 1,
            "id": 139
        },
        {
            "segmentation": [
                [
                    1847.191011235955,
                    1658.4269662921347,
                    1855.056179775281,
                    1670.7865168539327
                ]
            ],
            "iscrowd": 0,
            "area": 0.0,
            "image_id": 0,
            "bbox": [
                1847.0,
                1658.0,
                8.0,
                12.0
            ],
            "category_id": 1,
            "id": 140
        },
        {
            "segmentation": [
                [
                    1585.3932584269662,
                    1151.685393258427,
                    1598.876404494382,
                    1171.9101123595506
                ]
            ],
            "iscrowd": 0,
            "area": 0.0,
            "image_id": 0,
            "bbox": [
                1585.0,
                1151.0,
                13.0,
                20.0
            ],
            "category_id": 0,
            "id": 141
        },
        {
            "segmentation": [
                [
                    1610.1123595505617,
                    1151.685393258427,
                    1624.7191011235955,
                    1170.7865168539327
                ]
            ],
            "iscrowd": 0,
            "area": 0.0,
            "image_id": 0,
            "bbox": [
                1610.0,
                1151.0,
                14.0,
                19.0
            ],
            "category_id": 0,
            "id": 142
        },
        {
            "segmentation": [
                [
                    921.3483146067416,
                    635.9550561797753,
                    930.3370786516854,
                    640.4494382022472
                ]
            ],
            "iscrowd": 0,
            "area": 0.0,
            "image_id": 0,
            "bbox": [
                921.0,
                635.0,
                9.0,
                5.0
            ],
            "category_id": 1,
            "id": 143
        },
        {
            "segmentation": [
                [
                    789.8876404494382,
                    844.943820224719,
                    793.2584269662922,
                    851.685393258427
                ]
            ],
            "iscrowd": 0,
            "area": 0.0,
            "image_id": 0,
            "bbox": [
                789.0,
                844.0,
                4.0,
                7.0
            ],
            "category_id": 1,
            "id": 144
        },
        {
            "segmentation": [
                [
                    885.3932584269663,
                    747.191011235955,
                    888.7640449438202,
                    751.685393258427
                ]
            ],
            "iscrowd": 0,
            "area": 0.0,
            "image_id": 0,
            "bbox": [
                885.0,
                747.0,
                3.0,
                4.0
            ],
            "category_id": 1,
            "id": 145
        },
        {
            "segmentation": [
                [
                    887.6404494382023,
                    776.4044943820224,
                    892.1348314606741,
                    785.3932584269663
                ]
            ],
            "iscrowd": 0,
            "area": 0.0,
            "image_id": 0,
            "bbox": [
                887.0,
                776.0,
                5.0,
                9.0
            ],
            "category_id": 1,
            "id": 146
        },
        {
            "segmentation": [
                [
                    866.2921348314607,
                    780.8988764044943,
                    869.6629213483146,
                    788.7640449438202
                ]
            ],
            "iscrowd": 0,
            "area": 0.0,
            "image_id": 0,
            "bbox": [
                866.0,
                780.0,
                3.0,
                8.0
            ],
            "category_id": 1,
            "id": 147
        },
        {
            "segmentation": [
                [
                    893.2584269662922,
                    864.0449438202247,
                    896.629213483146,
                    868.5393258426966
                ]
            ],
            "iscrowd": 0,
            "area": 0.0,
            "image_id": 0,
            "bbox": [
                893.0,
                864.0,
                3.0,
                4.0
            ],
            "category_id": 1,
            "id": 148
        },
        {
            "segmentation": [
                [
                    1471.9101123595506,
                    494.3820224719101,
                    1477.5280898876404,
                    505.61797752808985
                ]
            ],
            "iscrowd": 0,
            "area": 0.0,
            "image_id": 0,
            "bbox": [
                1471.0,
                494.0,
                6.0,
                11.0
            ],
            "category_id": 1,
            "id": 149
        },
        {
            "segmentation": [
                [
                    1222.4719101123596,
                    695.5056179775281,
                    1229.2134831460673,
                    701.1235955056179
                ]
            ],
            "iscrowd": 0,
            "area": 0.0,
            "image_id": 0,
            "bbox": [
                1222.0,
                695.0,
                7.0,
                6.0
            ],
            "category_id": 1,
            "id": 150
        },
        {
            "segmentation": [
                [
                    1216.8539325842696,
                    785.3932584269663,
                    1221.3483146067415,
                    792.1348314606741
                ]
            ],
            "iscrowd": 0,
            "area": 0.0,
            "image_id": 0,
            "bbox": [
                1216.0,
                785.0,
                5.0,
                7.0
            ],
            "category_id": 1,
            "id": 151
        },
        {
            "segmentation": [
                [
                    1234.8314606741574,
                    785.3932584269663,
                    1240.4494382022472,
                    792.1348314606741
                ]
            ],
            "iscrowd": 0,
            "area": 0.0,
            "image_id": 0,
            "bbox": [
                1234.0,
                785.0,
                6.0,
                7.0
            ],
            "category_id": 1,
            "id": 152
        },
        {
            "segmentation": [
                [
                    1042.6966292134832,
                    812.3595505617977,
                    1048.314606741573,
                    819.1011235955056
                ]
            ],
            "iscrowd": 0,
            "area": 0.0,
            "image_id": 0,
            "bbox": [
                1042.0,
                812.0,
                6.0,
                7.0
            ],
            "category_id": 1,
            "id": 153
        },
        {
            "segmentation": [
                [
                    1008.9887640449438,
                    764.0449438202247,
                    1012.3595505617977,
                    771.9101123595506
                ]
            ],
            "iscrowd": 0,
            "area": 0.0,
            "image_id": 0,
            "bbox": [
                1008.0,
                764.0,
                4.0,
                7.0
            ],
            "category_id": 1,
            "id": 154
        },
        {
            "segmentation": [
                [
                    988.7640449438202,
                    764.0449438202247,
                    992.1348314606741,
                    768.5393258426966
                ]
            ],
            "iscrowd": 0,
            "area": 0.0,
            "image_id": 0,
            "bbox": [
                988.0,
                764.0,
                4.0,
                4.0
            ],
            "category_id": 1,
            "id": 155
        },
        {
            "segmentation": [
                [
                    973.0337078651685,
                    779.7752808988764,
                    975.2808988764045,
                    784.2696629213483
                ]
            ],
            "iscrowd": 0,
            "area": 0.0,
            "image_id": 0,
            "bbox": [
                973.0,
                779.0,
                2.0,
                5.0
            ],
            "category_id": 1,
            "id": 156
        },
        {
            "segmentation": [
                [
                    2117.9775280898875,
                    1042.6966292134832,
                    2122.4719101123596,
                    1050.561797752809
                ]
            ],
            "iscrowd": 0,
            "area": 0.0,
            "image_id": 0,
            "bbox": [
                2117.0,
                1042.0,
                5.0,
                8.0
            ],
            "category_id": 1,
            "id": 157
        },
        {
            "segmentation": [
                [
                    1594.38202247191,
                    820.2247191011236,
                    1604.4943820224719,
                    825.8426966292135
                ]
            ],
            "iscrowd": 0,
            "area": 0.0,
            "image_id": 0,
            "bbox": [
                1594.0,
                820.0,
                10.0,
                5.0
            ],
            "category_id": 1,
            "id": 158
        },
        {
            "segmentation": [
                [
                    1517.9775280898875,
                    924.7191011235955,
                    1523.5955056179776,
                    932.5842696629213
                ]
            ],
            "iscrowd": 0,
            "area": 0.0,
            "image_id": 0,
            "bbox": [
                1517.0,
                924.0,
                6.0,
                8.0
            ],
            "category_id": 1,
            "id": 159
        },
        {
            "segmentation": [
                [
                    1313.4831460674156,
                    1034.8314606741574,
                    1317.9775280898875,
                    1043.8202247191011
                ]
            ],
            "iscrowd": 0,
            "area": 0.0,
            "image_id": 0,
            "bbox": [
                1313.0,
                1034.0,
                4.0,
                9.0
            ],
            "category_id": 1,
            "id": 160
        },
        {
            "segmentation": [
                [
                    1693.258426966292,
                    1001.1235955056179,
                    1696.629213483146,
                    1007.8651685393259
                ]
            ],
            "iscrowd": 0,
            "area": 0.0,
            "image_id": 0,
            "bbox": [
                1693.0,
                1001.0,
                3.0,
                6.0
            ],
            "category_id": 1,
            "id": 161
        },
        {
            "segmentation": [
                [
                    1478.6516853932585,
                    1130.3370786516855,
                    1484.2696629213483,
                    1135.9550561797753
                ]
            ],
            "iscrowd": 0,
            "area": 0.0,
            "image_id": 0,
            "bbox": [
                1478.0,
                1130.0,
                6.0,
                5.0
            ],
            "category_id": 1,
            "id": 162
        }
    ]
}