{
    "images": [
        {
            "height": 2288,
            "width": 2376,
            "id": 0,
            "file_name": "CP1_2_3a_colour.png"
        }
    ],
    "categories": [
        {
            "supercategory": "g",
            "id": 0,
            "name": "g"
        },
        {
            "supercategory": "p",
            "id": 1,
            "name": "p"
        }
    ],
    "annotations": [
        {
            "segmentation": [
                [
                    1003.1746031746031,
                    311.1111111111111,
                    1019.047619047619,
                    336.5079365079365
                ]
            ],
            "iscrowd": 0,
            "area": 0.0,
            "image_id": 0,
            "bbox": [
                1003.0,
                311.0,
                16.0,
                25.0
            ],
            "category_id": 0,
            "id": 1
        },
        {
            "segmentation": [
                [
                    958.7301587301587,
                    382.53968253968253,
                    971.4285714285714,
                    404.76190476190476
                ]
            ],
            "iscrowd": 0,
            "area": 0.0,
            "image_id": 0,
            "bbox": [
                958.0,
                382.0,
                13.0,
                22.0
            ],
            "category_id": 0,
            "id": 2
        },
        {
            "segmentation": [
                [
                    911.1111111111111,
                    390.4761904761905,
                    919.047619047619,
                    404.76190476190476
                ]
            ],
            "iscrowd": 0,
            "area": 0.0,
            "image_id": 0,
            "bbox": [
                911.0,
                390.0,
                8.0,
                14.0
            ],
            "category_id": 0,
            "id": 3
        },
        {
            "segmentation": [
                [
                    979.3650793650794,
                    534.9206349206349,
                    996.8253968253969,
                    557.1428571428571
                ]
            ],
            "iscrowd": 0,
            "area": 0.0,
            "image_id": 0,
            "bbox": [
                979.0,
                534.0,
                17.0,
                23.0
            ],
            "category_id": 0,
            "id": 4
        },
        {
            "segmentation": [
                [
                    1479.3650793650793,
                    473.015873015873,
                    1501.5873015873017,
                    493.6507936507937
                ]
            ],
            "iscrowd": 0,
            "area": 0.0,
            "image_id": 0,
            "bbox": [
                1479.0,
                473.0,
                22.0,
                20.0
            ],
            "category_id": 0,
            "id": 5
        },
        {
            "segmentation": [
                [
                    669.8412698412699,
                    901.5873015873016,
                    690.4761904761905,
                    920.6349206349206
                ]
            ],
            "iscrowd": 0,
            "area": 0.0,
            "image_id": 0,
            "bbox": [
                669.0,
                901.0,
                21.0,
                19.0
            ],
            "category_id": 0,
            "id": 6
        },
        {
            "segmentation": [
                [
                    761.9047619047619,
                    746.031746031746,
                    768.2539682539682,
                    761.9047619047619
                ]
            ],
            "iscrowd": 0,
            "area": 0.0,
            "image_id": 0,
            "bbox": [
                761.0,
                746.0,
                7.0,
                15.0
            ],
            "category_id": 0,
            "id": 7
        },
        {
            "segmentation": [
                [
                    1392.063492063492,
                    1019.047619047619,
                    1415.873015873016,
                    1038.095238095238
                ]
            ],
            "iscrowd": 0,
            "area": 0.0,
            "image_id": 0,
            "bbox": [
                1392.0,
                1019.0,
                23.0,
                19.0
            ],
            "category_id": 0,
            "id": 8
        },
        {
            "segmentation": [
                [
                    984.1269841269841,
                    1190.4761904761904,
                    1006.3492063492064,
                    1209.5238095238094
                ]
            ],
            "iscrowd": 0,
            "area": 0.0,
            "image_id": 0,
            "bbox": [
                984.0,
                1190.0,
                22.0,
                19.0
            ],
            "category_id": 0,
            "id": 9
        },
        {
            "segmentation": [
                [
                    1026.984126984127,
                    1471.4285714285713,
                    1049.2063492063492,
                    1488.888888888889
                ]
            ],
            "iscrowd": 0,
            "area": 0.0,
            "image_id": 0,
            "bbox": [
                1026.0,
                1471.0,
                23.0,
                17.0
            ],
            "category_id": 0,
            "id": 10
        },
        {
            "segmentation": [
                [
                    1092.063492063492,
                    1534.920634920635,
                    1109.5238095238094,
                    1550.7936507936508
                ]
            ],
            "iscrowd": 0,
            "area": 0.0,
            "image_id": 0,
            "bbox": [
                1092.0,
                1534.0,
                17.0,
                16.0
            ],
            "category_id": 0,
            "id": 11
        },
        {
            "segmentation": [
                [
                    1231.7460317460318,
                    1312.6984126984128,
                    1247.6190476190477,
                    1338.095238095238
                ]
            ],
            "iscrowd": 0,
            "area": 0.0,
            "image_id": 0,
            "bbox": [
                1231.0,
                1312.0,
                16.0,
                26.0
            ],
            "category_id": 0,
            "id": 12
        },
        {
            "segmentation": [
                [
                    1633.3333333333333,
                    1463.4920634920634,
                    1655.5555555555557,
                    1479.3650793650793
                ]
            ],
            "iscrowd": 0,
            "area": 0.0,
            "image_id": 0,
            "bbox": [
                1633.0,
                1463.0,
                22.0,
                16.0
            ],
            "category_id": 0,
            "id": 13
        },
        {
            "segmentation": [
                [
                    1284.126984126984,
                    1430.1587301587301,
                    1292.063492063492,
                    1439.6825396825398
                ]
            ],
            "iscrowd": 0,
            "area": 0.0,
            "image_id": 0,
            "bbox": [
                1284.0,
                1430.0,
                8.0,
                9.0
            ],
            "category_id": 1,
            "id": 14
        },
        {
            "segmentation": [
                [
                    1304.7619047619048,
                    1412.6984126984128,
                    1311.111111111111,
                    1417.4603174603174
                ]
            ],
            "iscrowd": 0,
            "area": 0.0,
            "image_id": 0,
            "bbox": [
                1304.0,
                1412.0,
                7.0,
                5.0
            ],
            "category_id": 1,
            "id": 15
        },
        {
            "segmentation": [
                [
                    1031.7460317460318,
                    1163.4920634920634,
                    1036.5079365079364,
                    1169.8412698412699
                ]
            ],
            "iscrowd": 0,
            "area": 0.0,
            "image_id": 0,
            "bbox": [
                1031.0,
                1163.0,
                5.0,
                6.0
            ],
            "category_id": 1,
            "id": 16
        },
        {
            "segmentation": [
                [
                    1130.1587301587301,
                    1157.142857142857,
                    1134.920634920635,
                    1163.4920634920634
                ]
            ],
            "iscrowd": 0,
            "area": 0.0,
            "image_id": 0,
            "bbox": [
                1130.0,
                1157.0,
                4.0,
                6.0
            ],
            "category_id": 1,
            "id": 17
        },
        {
            "segmentation": [
                [
                    1214.2857142857142,
                    1188.888888888889,
                    1219.047619047619,
                    1193.6507936507937
                ]
            ],
            "iscrowd": 0,
            "area": 0.0,
            "image_id": 0,
            "bbox": [
                1214.0,
                1188.0,
                5.0,
                5.0
            ],
            "category_id": 1,
            "id": 18
        },
        {
            "segmentation": [
                [
                    1568.2539682539682,
                    1495.2380952380952,
                    1576.1904761904761,
                    1500.0
                ]
            ],
            "iscrowd": 0,
            "area": 0.0,
            "image_id": 0,
            "bbox": [
                1568.0,
                1495.0,
                8.0,
                5.0
            ],
            "category_id": 1,
            "id": 19
        },
        {
            "segmentation": [
                [
                    1455.5555555555557,
                    1701.5873015873017,
                    1460.3174603174602,
                    1707.936507936508
                ]
            ],
            "iscrowd": 0,
            "area": 0.0,
            "image_id": 0,
            "bbox": [
                1455.0,
                1701.0,
                5.0,
                6.0
            ],
            "category_id": 1,
            "id": 20
        },
        {
            "segmentation": [
                [
                    1144.4444444444443,
                    1511.111111111111,
                    1150.7936507936508,
                    1519.047619047619
                ]
            ],
            "iscrowd": 0,
            "area": 0.0,
            "image_id": 0,
            "bbox": [
                1144.0,
                1511.0,
                6.0,
                8.0
            ],
            "category_id": 1,
            "id": 21
        },
        {
            "segmentation": [
                [
                    1250.7936507936508,
                    1255.5555555555557,
                    1255.5555555555557,
                    1260.3174603174602
                ]
            ],
            "iscrowd": 0,
            "area": 0.0,
            "image_id": 0,
            "bbox": [
                1250.0,
                1255.0,
                5.0,
                5.0
            ],
            "category_id": 1,
            "id": 22
        },
        {
            "segmentation": [
                [
                    1352.3809523809523,
                    1122.2222222222222,
                    1365.079365079365,
                    1126.984126984127
                ]
            ],
            "iscrowd": 0,
            "area": 0.0,
            "image_id": 0,
            "bbox": [
                1352.0,
                1122.0,
                13.0,
                4.0
            ],
            "category_id": 1,
            "id": 23
        },
        {
            "segmentation": [
                [
                    1474.6031746031747,
                    1158.7301587301588,
                    1484.126984126984,
                    1166.6666666666667
                ]
            ],
            "iscrowd": 0,
            "area": 0.0,
            "image_id": 0,
            "bbox": [
                1474.0,
                1158.0,
                10.0,
                8.0
            ],
            "category_id": 1,
            "id": 24
        },
        {
            "segmentation": [
                [
                    1660.3174603174602,
                    1734.920634920635,
                    1663.4920634920634,
                    1744.4444444444443
                ]
            ],
            "iscrowd": 0,
            "area": 0.0,
            "image_id": 0,
            "bbox": [
                1660.0,
                1734.0,
                3.0,
                10.0
            ],
            "category_id": 1,
            "id": 25
        },
        {
            "segmentation": [
                [
                    1650.7936507936508,
                    1809.5238095238094,
                    1652.3809523809523,
                    1822.2222222222222
                ]
            ],
            "iscrowd": 0,
            "area": 0.0,
            "image_id": 0,
            "bbox": [
                1650.0,
                1809.0,
                2.0,
                13.0
            ],
            "category_id": 1,
            "id": 26
        },
        {
            "segmentation": [
                [
                    1579.3650793650793,
                    809.5238095238095,
                    1585.7142857142858,
                    819.047619047619
                ]
            ],
            "iscrowd": 0,
            "area": 0.0,
            "image_id": 0,
            "bbox": [
                1579.0,
                809.0,
                6.0,
                10.0
            ],
            "category_id": 1,
            "id": 27
        },
        {
            "segmentation": [
                [
                    1619.047619047619,
                    909.5238095238095,
                    1626.984126984127,
                    914.2857142857143
                ]
            ],
            "iscrowd": 0,
            "area": 0.0,
            "image_id": 0,
            "bbox": [
                1619.0,
                909.0,
                7.0,
                5.0
            ],
            "category_id": 1,
            "id": 28
        },
        {
            "segmentation": [
                [
                    1904.7619047619048,
                    811.1111111111111,
                    1914.2857142857142,
                    820.6349206349206
                ]
            ],
            "iscrowd": 0,
            "area": 0.0,
            "image_id": 0,
            "bbox": [
                1904.0,
                811.0,
                10.0,
                9.0
            ],
            "category_id": 1,
            "id": 29
        },
        {
            "segmentation": [
                [
                    1058.7301587301588,
                    338.0952380952381,
                    1065.079365079365,
                    346.031746031746
                ]
            ],
            "iscrowd": 0,
            "area": 0.0,
            "image_id": 0,
            "bbox": [
                1058.0,
                338.0,
                7.0,
                8.0
            ],
            "category_id": 1,
            "id": 30
        },
        {
            "segmentation": [
                [
                    719.047619047619,
                    752.3809523809524,
                    725.3968253968254,
                    760.3174603174604
                ]
            ],
            "iscrowd": 0,
            "area": 0.0,
            "image_id": 0,
            "bbox": [
                719.0,
                752.0,
                6.0,
                8.0
            ],
            "category_id": 1,
            "id": 31
        },
        {
            "segmentation": [
                [
                    1185.7142857142858,
                    458.73015873015873,
                    1193.6507936507937,
                    466.6666666666667
                ]
            ],
            "iscrowd": 0,
            "area": 0.0,
            "image_id": 0,
            "bbox": [
                1185.0,
                458.0,
                8.0,
                8.0
            ],
            "category_id": 1,
            "id": 32
        },
        {
            "segmentation": [
                [
                    998.4126984126984,
                    722.2222222222222,
                    1003.1746031746031,
                    728.5714285714286
                ]
            ],
            "iscrowd": 0,
            "area": 0.0,
            "image_id": 0,
            "bbox": [
                998.0,
                722.0,
                5.0,
                6.0
            ],
            "category_id": 1,
            "id": 33
        },
        {
            "segmentation": [
                [
                    1087.3015873015872,
                    844.4444444444445,
                    1093.6507936507937,
                    853.968253968254
                ]
            ],
            "iscrowd": 0,
            "area": 0.0,
            "image_id": 0,
            "bbox": [
                1087.0,
                844.0,
                6.0,
                9.0
            ],
            "category_id": 1,
            "id": 34
        },
        {
            "segmentation": [
                [
                    1363.4920634920634,
                    590.4761904761905,
                    1366.6666666666667,
                    601.5873015873016
                ]
            ],
            "iscrowd": 0,
            "area": 0.0,
            "image_id": 0,
            "bbox": [
                1363.0,
                590.0,
                3.0,
                11.0
            ],
            "category_id": 1,
            "id": 35
        },
        {
            "segmentation": [
                [
                    1336.5079365079364,
                    630.1587301587301,
                    1347.6190476190477,
                    639.6825396825396
                ]
            ],
            "iscrowd": 0,
            "area": 0.0,
            "image_id": 0,
            "bbox": [
                1336.0,
                630.0,
                11.0,
                9.0
            ],
            "category_id": 1,
            "id": 36
        }
    ]
}