{
    "images": [
        {
            "height": 2288,
            "width": 2376,
            "id": 0,
            "file_name": "CP1_1_gray_1_colour.png"
        }
    ],
    "categories": [
        {
            "supercategory": "g",
            "id": 0,
            "name": "g"
        },
        {
            "supercategory": "p",
            "id": 1,
            "name": "p"
        }
    ],
    "annotations": [
        {
            "segmentation": [
                [
                    920.754716981132,
                    516.9811320754717,
                    932.0754716981131,
                    533.9622641509434
                ]
            ],
            "iscrowd": 0,
            "area": 0.0,
            "image_id": 0,
            "bbox": [
                920.0,
                516.0,
                12.0,
                17.0
            ],
            "category_id": 0,
            "id": 1
        },
        {
            "segmentation": [
                [
                    649.0566037735849,
                    1083.0188679245282,
                    667.9245283018868,
                    1098.1132075471698
                ]
            ],
            "iscrowd": 0,
            "area": 0.0,
            "image_id": 0,
            "bbox": [
                649.0,
                1083.0,
                18.0,
                15.0
            ],
            "category_id": 0,
            "id": 2
        },
        {
            "segmentation": [
                [
                    664.1509433962264,
                    1054.7169811320755,
                    679.2452830188679,
                    1071.698113207547
                ]
            ],
            "iscrowd": 0,
            "area": 0.0,
            "image_id": 0,
            "bbox": [
                664.0,
                1054.0,
                15.0,
                17.0
            ],
            "category_id": 0,
            "id": 3
        },
        {
            "segmentation": [
                [
                    1500.0,
                    626.4150943396226,
                    1515.0943396226414,
                    645.2830188679245
                ]
            ],
            "iscrowd": 0,
            "area": 0.0,
            "image_id": 0,
            "bbox": [
                1500.0,
                626.0,
                15.0,
                19.0
            ],
            "category_id": 0,
            "id": 4
        },
        {
            "segmentation": [
                [
                    1183.0188679245282,
                    1281.132075471698,
                    1203.7735849056603,
                    1301.8867924528302
                ]
            ],
            "iscrowd": 0,
            "area": 0.0,
            "image_id": 0,
            "bbox": [
                1183.0,
                1281.0,
                20.0,
                20.0
            ],
            "category_id": 0,
            "id": 5
        },
        {
            "segmentation": [
                [
                    1026.4150943396226,
                    1724.5283018867924,
                    1045.2830188679245,
                    1750.943396226415
                ]
            ],
            "iscrowd": 0,
            "area": 0.0,
            "image_id": 0,
            "bbox": [
                1026.0,
                1724.0,
                19.0,
                26.0
            ],
            "category_id": 0,
            "id": 6
        },
        {
            "segmentation": [
                [
                    1105.6603773584905,
                    1688.6792452830189,
                    1126.4150943396226,
                    1709.4339622641508
                ]
            ],
            "iscrowd": 0,
            "area": 0.0,
            "image_id": 0,
            "bbox": [
                1105.0,
                1688.0,
                21.0,
                21.0
            ],
            "category_id": 0,
            "id": 7
        },
        {
            "segmentation": [
                [
                    1290.566037735849,
                    1686.7924528301885,
                    1315.0943396226414,
                    1709.4339622641508
                ]
            ],
            "iscrowd": 0,
            "area": 0.0,
            "image_id": 0,
            "bbox": [
                1290.0,
                1686.0,
                25.0,
                23.0
            ],
            "category_id": 0,
            "id": 8
        },
        {
            "segmentation": [
                [
                    1315.0943396226414,
                    1724.5283018867924,
                    1332.0754716981132,
                    1747.1698113207547
                ]
            ],
            "iscrowd": 0,
            "area": 0.0,
            "image_id": 0,
            "bbox": [
                1315.0,
                1724.0,
                17.0,
                23.0
            ],
            "category_id": 0,
            "id": 9
        },
        {
            "segmentation": [
                [
                    1164.1509433962265,
                    1815.0943396226414,
                    1186.7924528301887,
                    1837.7358490566037
                ]
            ],
            "iscrowd": 0,
            "area": 0.0,
            "image_id": 0,
            "bbox": [
                1164.0,
                1815.0,
                22.0,
                22.0
            ],
            "category_id": 0,
            "id": 10
        },
        {
            "segmentation": [
                [
                    460.377358490566,
                    716.9811320754717,
                    475.47169811320754,
                    735.8490566037735
                ]
            ],
            "iscrowd": 0,
            "area": 0.0,
            "image_id": 0,
            "bbox": [
                460.0,
                716.0,
                15.0,
                19.0
            ],
            "category_id": 0,
            "id": 11
        },
        {
            "segmentation": [
                [
                    484.90566037735846,
                    875.4716981132075,
                    509.4339622641509,
                    884.9056603773585
                ]
            ],
            "iscrowd": 0,
            "area": 0.0,
            "image_id": 0,
            "bbox": [
                484.0,
                875.0,
                25.0,
                9.0
            ],
            "category_id": 0,
            "id": 12
        },
        {
            "segmentation": [
                [
                    1754.7169811320755,
                    924.5283018867924,
                    1771.698113207547,
                    939.622641509434
                ]
            ],
            "iscrowd": 0,
            "area": 0.0,
            "image_id": 0,
            "bbox": [
                1754.0,
                924.0,
                17.0,
                15.0
            ],
            "category_id": 0,
            "id": 13
        },
        {
            "segmentation": [
                [
                    662.2641509433962,
                    600.0,
                    673.5849056603773,
                    609.4339622641509
                ]
            ],
            "iscrowd": 0,
            "area": 0.0,
            "image_id": 0,
            "bbox": [
                662.0,
                600.0,
                11.0,
                9.0
            ],
            "category_id": 1,
            "id": 14
        },
        {
            "segmentation": [
                [
                    794.3396226415094,
                    652.8301886792452,
                    803.7735849056603,
                    650.9433962264151
                ]
            ],
            "iscrowd": 0,
            "area": 0.0,
            "image_id": 0,
            "bbox": [
                794.0,
                650.0,
                9.0,
                2.0
            ],
            "category_id": 1,
            "id": 15
        },
        {
            "segmentation": [
                [
                    726.4150943396226,
                    852.8301886792452,
                    733.9622641509434,
                    860.3773584905659
                ]
            ],
            "iscrowd": 0,
            "area": 0.0,
            "image_id": 0,
            "bbox": [
                726.0,
                852.0,
                7.0,
                8.0
            ],
            "category_id": 1,
            "id": 16
        },
        {
            "segmentation": [
                [
                    611.3207547169811,
                    800.0,
                    618.8679245283018,
                    807.5471698113207
                ]
            ],
            "iscrowd": 0,
            "area": 0.0,
            "image_id": 0,
            "bbox": [
                611.0,
                800.0,
                7.0,
                7.0
            ],
            "category_id": 1,
            "id": 17
        },
        {
            "segmentation": [
                [
                    596.2264150943396,
                    871.6981132075472,
                    607.5471698113207,
                    875.4716981132075
                ]
            ],
            "iscrowd": 0,
            "area": 0.0,
            "image_id": 0,
            "bbox": [
                596.0,
                871.0,
                11.0,
                4.0
            ],
            "category_id": 1,
            "id": 18
        },
        {
            "segmentation": [
                [
                    592.4528301886792,
                    892.4528301886792,
                    598.1132075471697,
                    901.8867924528302
                ]
            ],
            "iscrowd": 0,
            "area": 0.0,
            "image_id": 0,
            "bbox": [
                592.0,
                892.0,
                6.0,
                9.0
            ],
            "category_id": 1,
            "id": 19
        },
        {
            "segmentation": [
                [
                    379.2452830188679,
                    1088.6792452830189,
                    386.79245283018867,
                    1096.2264150943395
                ]
            ],
            "iscrowd": 0,
            "area": 0.0,
            "image_id": 0,
            "bbox": [
                379.0,
                1088.0,
                7.0,
                8.0
            ],
            "category_id": 1,
            "id": 20
        },
        {
            "segmentation": [
                [
                    471.6981132075471,
                    956.6037735849056,
                    477.3584905660377,
                    966.0377358490565
                ]
            ],
            "iscrowd": 0,
            "area": 0.0,
            "image_id": 0,
            "bbox": [
                471.0,
                956.0,
                6.0,
                10.0
            ],
            "category_id": 1,
            "id": 21
        },
        {
            "segmentation": [
                [
                    716.9811320754717,
                    1103.7735849056603,
                    726.4150943396226,
                    1109.433962264151
                ]
            ],
            "iscrowd": 0,
            "area": 0.0,
            "image_id": 0,
            "bbox": [
                716.0,
                1103.0,
                10.0,
                6.0
            ],
            "category_id": 1,
            "id": 22
        },
        {
            "segmentation": [
                [
                    681.132075471698,
                    1252.830188679245,
                    684.9056603773585,
                    1258.4905660377358
                ]
            ],
            "iscrowd": 0,
            "area": 0.0,
            "image_id": 0,
            "bbox": [
                681.0,
                1252.0,
                3.0,
                6.0
            ],
            "category_id": 1,
            "id": 23
        },
        {
            "segmentation": [
                [
                    647.1698113207547,
                    1345.2830188679245,
                    658.4905660377358,
                    1347.1698113207547
                ]
            ],
            "iscrowd": 0,
            "area": 0.0,
            "image_id": 0,
            "bbox": [
                647.0,
                1345.0,
                11.0,
                2.0
            ],
            "category_id": 1,
            "id": 24
        },
        {
            "segmentation": [
                [
                    673.5849056603773,
                    1383.0188679245282,
                    681.132075471698,
                    1390.566037735849
                ]
            ],
            "iscrowd": 0,
            "area": 0.0,
            "image_id": 0,
            "bbox": [
                673.0,
                1383.0,
                8.0,
                7.0
            ],
            "category_id": 1,
            "id": 25
        },
        {
            "segmentation": [
                [
                    430.18867924528297,
                    1432.0754716981132,
                    441.50943396226415,
                    1435.8490566037735
                ]
            ],
            "iscrowd": 0,
            "area": 0.0,
            "image_id": 0,
            "bbox": [
                430.0,
                1432.0,
                11.0,
                3.0
            ],
            "category_id": 1,
            "id": 26
        },
        {
            "segmentation": [
                [
                    447.1698113207547,
                    1477.3584905660377,
                    454.71698113207543,
                    1484.9056603773583
                ]
            ],
            "iscrowd": 0,
            "area": 0.0,
            "image_id": 0,
            "bbox": [
                447.0,
                1477.0,
                7.0,
                7.0
            ],
            "category_id": 1,
            "id": 27
        },
        {
            "segmentation": [
                [
                    464.1509433962264,
                    1518.8679245283017,
                    473.58490566037733,
                    1530.1886792452829
                ]
            ],
            "iscrowd": 0,
            "area": 0.0,
            "image_id": 0,
            "bbox": [
                464.0,
                1518.0,
                9.0,
                12.0
            ],
            "category_id": 1,
            "id": 28
        },
        {
            "segmentation": [
                [
                    590.566037735849,
                    1560.377358490566,
                    600.0,
                    1564.1509433962262
                ]
            ],
            "iscrowd": 0,
            "area": 0.0,
            "image_id": 0,
            "bbox": [
                590.0,
                1560.0,
                10.0,
                4.0
            ],
            "category_id": 1,
            "id": 29
        },
        {
            "segmentation": [
                [
                    507.5471698113207,
                    1598.1132075471696,
                    515.0943396226414,
                    1601.8867924528302
                ]
            ],
            "iscrowd": 0,
            "area": 0.0,
            "image_id": 0,
            "bbox": [
                507.0,
                1598.0,
                8.0,
                3.0
            ],
            "category_id": 1,
            "id": 30
        },
        {
            "segmentation": [
                [
                    1016.9811320754717,
                    1139.6226415094338,
                    1024.5283018867924,
                    1149.0566037735848
                ]
            ],
            "iscrowd": 0,
            "area": 0.0,
            "image_id": 0,
            "bbox": [
                1016.0,
                1139.0,
                8.0,
                10.0
            ],
            "category_id": 1,
            "id": 31
        },
        {
            "segmentation": [
                [
                    1252.830188679245,
                    1143.3962264150944,
                    1260.377358490566,
                    1154.7169811320755
                ]
            ],
            "iscrowd": 0,
            "area": 0.0,
            "image_id": 0,
            "bbox": [
                1252.0,
                1143.0,
                8.0,
                11.0
            ],
            "category_id": 1,
            "id": 32
        },
        {
            "segmentation": [
                [
                    1318.8679245283017,
                    688.6792452830189,
                    1328.3018867924527,
                    694.3396226415094
                ]
            ],
            "iscrowd": 0,
            "area": 0.0,
            "image_id": 0,
            "bbox": [
                1318.0,
                688.0,
                10.0,
                6.0
            ],
            "category_id": 1,
            "id": 33
        },
        {
            "segmentation": [
                [
                    1375.4716981132074,
                    781.132075471698,
                    1383.0188679245282,
                    786.7924528301886
                ]
            ],
            "iscrowd": 0,
            "area": 0.0,
            "image_id": 0,
            "bbox": [
                1375.0,
                781.0,
                8.0,
                5.0
            ],
            "category_id": 1,
            "id": 34
        },
        {
            "segmentation": [
                [
                    1624.5283018867924,
                    749.0566037735848,
                    1633.9622641509434,
                    758.4905660377358
                ]
            ],
            "iscrowd": 0,
            "area": 0.0,
            "image_id": 0,
            "bbox": [
                1624.0,
                749.0,
                9.0,
                9.0
            ],
            "category_id": 1,
            "id": 35
        },
        {
            "segmentation": [
                [
                    1775.4716981132074,
                    633.9622641509434,
                    1784.9056603773583,
                    647.1698113207547
                ]
            ],
            "iscrowd": 0,
            "area": 0.0,
            "image_id": 0,
            "bbox": [
                1775.0,
                633.0,
                9.0,
                14.0
            ],
            "category_id": 1,
            "id": 36
        },
        {
            "segmentation": [
                [
                    1703.7735849056603,
                    1271.698113207547,
                    1715.0943396226414,
                    1279.245283018868
                ]
            ],
            "iscrowd": 0,
            "area": 0.0,
            "image_id": 0,
            "bbox": [
                1703.0,
                1271.0,
                12.0,
                8.0
            ],
            "category_id": 1,
            "id": 37
        },
        {
            "segmentation": [
                [
                    1667.9245283018868,
                    1550.943396226415,
                    1677.3584905660377,
                    1556.6037735849056
                ]
            ],
            "iscrowd": 0,
            "area": 0.0,
            "image_id": 0,
            "bbox": [
                1667.0,
                1550.0,
                10.0,
                6.0
            ],
            "category_id": 1,
            "id": 38
        },
        {
            "segmentation": [
                [
                    1794.3396226415093,
                    1647.1698113207547,
                    1801.8867924528302,
                    1656.6037735849056
                ]
            ],
            "iscrowd": 0,
            "area": 0.0,
            "image_id": 0,
            "bbox": [
                1794.0,
                1647.0,
                7.0,
                9.0
            ],
            "category_id": 1,
            "id": 39
        },
        {
            "segmentation": [
                [
                    2009.4339622641508,
                    1556.6037735849056,
                    2022.6415094339623,
                    1564.1509433962262
                ]
            ],
            "iscrowd": 0,
            "area": 0.0,
            "image_id": 0,
            "bbox": [
                2009.0,
                1556.0,
                13.0,
                8.0
            ],
            "category_id": 1,
            "id": 40
        },
        {
            "segmentation": [
                [
                    2050.943396226415,
                    1475.4716981132074,
                    2058.490566037736,
                    1479.245283018868
                ]
            ],
            "iscrowd": 0,
            "area": 0.0,
            "image_id": 0,
            "bbox": [
                2050.0,
                1475.0,
                8.0,
                4.0
            ],
            "category_id": 1,
            "id": 41
        },
        {
            "segmentation": [
                [
                    815.0943396226414,
                    1594.3396226415093,
                    826.4150943396226,
                    1601.8867924528302
                ]
            ],
            "iscrowd": 0,
            "area": 0.0,
            "image_id": 0,
            "bbox": [
                815.0,
                1594.0,
                11.0,
                7.0
            ],
            "category_id": 1,
            "id": 42
        },
        {
            "segmentation": [
                [
                    949.0566037735848,
                    1632.0754716981132,
                    958.4905660377358,
                    1643.3962264150944
                ]
            ],
            "iscrowd": 0,
            "area": 0.0,
            "image_id": 0,
            "bbox": [
                949.0,
                1632.0,
                9.0,
                11.0
            ],
            "category_id": 1,
            "id": 43
        },
        {
            "segmentation": [
                [
                    994.3396226415094,
                    1586.7924528301885,
                    996.2264150943396,
                    1596.2264150943395
                ]
            ],
            "iscrowd": 0,
            "area": 0.0,
            "image_id": 0,
            "bbox": [
                994.0,
                1586.0,
                2.0,
                10.0
            ],
            "category_id": 1,
            "id": 44
        },
        {
            "segmentation": [
                [
                    1022.6415094339623,
                    1600.0,
                    1032.0754716981132,
                    1609.4339622641508
                ]
            ],
            "iscrowd": 0,
            "area": 0.0,
            "image_id": 0,
            "bbox": [
                1022.0,
                1600.0,
                10.0,
                9.0
            ],
            "category_id": 1,
            "id": 45
        },
        {
            "segmentation": [
                [
                    1037.7358490566037,
                    1454.7169811320755,
                    1049.0566037735848,
                    1464.1509433962262
                ]
            ],
            "iscrowd": 0,
            "area": 0.0,
            "image_id": 0,
            "bbox": [
                1037.0,
                1454.0,
                12.0,
                10.0
            ],
            "category_id": 1,
            "id": 46
        }
    ]
}