{
    "images": [
        {
            "height": 2288,
            "width": 2376,
            "id": 0,
            "file_name": "CP2_cross_1_2_later_gray_c3_colour.png"
        }
    ],
    "categories": [
        {
            "supercategory": "g",
            "id": 0,
            "name": "g"
        },
        {
            "supercategory": "p",
            "id": 1,
            "name": "p"
        }
    ],
    "annotations": [
        {
            "segmentation": [
                [
                    603.7735849056603,
                    594.3396226415094,
                    639.622641509434,
                    624.5283018867924
                ]
            ],
            "iscrowd": 0,
            "area": 0.0,
            "image_id": 0,
            "bbox": [
                603.0,
                594.0,
                36.0,
                30.0
            ],
            "category_id": 0,
            "id": 1
        },
        {
            "segmentation": [
                [
                    1554.7169811320755,
                    975.4716981132075,
                    1603.7735849056603,
                    1011.3207547169811
                ]
            ],
            "iscrowd": 0,
            "area": 0.0,
            "image_id": 0,
            "bbox": [
                1554.0,
                975.0,
                49.0,
                36.0
            ],
            "category_id": 0,
            "id": 2
        },
        {
            "segmentation": [
                [
                    1341.509433962264,
                    1120.754716981132,
                    1358.4905660377358,
                    1156.6037735849056
                ]
            ],
            "iscrowd": 0,
            "area": 0.0,
            "image_id": 0,
            "bbox": [
                1341.0,
                1120.0,
                17.0,
                36.0
            ],
            "category_id": 0,
            "id": 3
        },
        {
            "segmentation": [
                [
                    901.8867924528302,
                    1303.7735849056603,
                    928.3018867924528,
                    1335.8490566037735
                ]
            ],
            "iscrowd": 0,
            "area": 0.0,
            "image_id": 0,
            "bbox": [
                901.0,
                1303.0,
                27.0,
                32.0
            ],
            "category_id": 0,
            "id": 4
        },
        {
            "segmentation": [
                [
                    922.6415094339623,
                    1235.8490566037735,
                    928.3018867924528,
                    1266.0377358490566
                ]
            ],
            "iscrowd": 0,
            "area": 0.0,
            "image_id": 0,
            "bbox": [
                922.0,
                1235.0,
                6.0,
                31.0
            ],
            "category_id": 0,
            "id": 5
        },
        {
            "segmentation": [
                [
                    1337.7358490566037,
                    1316.9811320754716,
                    1358.4905660377358,
                    1352.830188679245
                ]
            ],
            "iscrowd": 0,
            "area": 0.0,
            "image_id": 0,
            "bbox": [
                1337.0,
                1316.0,
                21.0,
                36.0
            ],
            "category_id": 0,
            "id": 6
        },
        {
            "segmentation": [
                [
                    1566.0377358490566,
                    1471.698113207547,
                    1605.6603773584905,
                    1505.6603773584905
                ]
            ],
            "iscrowd": 0,
            "area": 0.0,
            "image_id": 0,
            "bbox": [
                1566.0,
                1471.0,
                39.0,
                34.0
            ],
            "category_id": 0,
            "id": 7
        },
        {
            "segmentation": [
                [
                    1669.811320754717,
                    1467.9245283018868,
                    1700.0,
                    1505.6603773584905
                ]
            ],
            "iscrowd": 0,
            "area": 0.0,
            "image_id": 0,
            "bbox": [
                1669.0,
                1467.0,
                31.0,
                38.0
            ],
            "category_id": 0,
            "id": 8
        },
        {
            "segmentation": [
                [
                    2118.867924528302,
                    1277.3584905660377,
                    2154.7169811320755,
                    1315.0943396226414
                ]
            ],
            "iscrowd": 0,
            "area": 0.0,
            "image_id": 0,
            "bbox": [
                2118.0,
                1277.0,
                36.0,
                38.0
            ],
            "category_id": 0,
            "id": 9
        },
        {
            "segmentation": [
                [
                    1269.811320754717,
                    405.66037735849056,
                    1277.3584905660377,
                    415.0943396226415
                ]
            ],
            "iscrowd": 0,
            "area": 0.0,
            "image_id": 0,
            "bbox": [
                1269.0,
                405.0,
                8.0,
                10.0
            ],
            "category_id": 1,
            "id": 10
        },
        {
            "segmentation": [
                [
                    1209.433962264151,
                    454.71698113207543,
                    1215.0943396226414,
                    469.811320754717
                ]
            ],
            "iscrowd": 0,
            "area": 0.0,
            "image_id": 0,
            "bbox": [
                1209.0,
                454.0,
                6.0,
                15.0
            ],
            "category_id": 1,
            "id": 11
        },
        {
            "segmentation": [
                [
                    947.1698113207547,
                    918.8679245283018,
                    958.4905660377358,
                    928.3018867924528
                ]
            ],
            "iscrowd": 0,
            "area": 0.0,
            "image_id": 0,
            "bbox": [
                947.0,
                918.0,
                11.0,
                10.0
            ],
            "category_id": 1,
            "id": 12
        },
        {
            "segmentation": [
                [
                    526.4150943396227,
                    741.5094339622641,
                    530.188679245283,
                    752.8301886792452
                ]
            ],
            "iscrowd": 0,
            "area": 0.0,
            "image_id": 0,
            "bbox": [
                526.0,
                741.0,
                4.0,
                11.0
            ],
            "category_id": 1,
            "id": 13
        },
        {
            "segmentation": [
                [
                    520.7547169811321,
                    1016.9811320754717,
                    526.4150943396227,
                    1030.1886792452829
                ]
            ],
            "iscrowd": 0,
            "area": 0.0,
            "image_id": 0,
            "bbox": [
                520.0,
                1016.0,
                6.0,
                14.0
            ],
            "category_id": 1,
            "id": 14
        },
        {
            "segmentation": [
                [
                    781.132075471698,
                    1183.0188679245282,
                    788.6792452830189,
                    1186.7924528301887
                ]
            ],
            "iscrowd": 0,
            "area": 0.0,
            "image_id": 0,
            "bbox": [
                781.0,
                1183.0,
                7.0,
                3.0
            ],
            "category_id": 1,
            "id": 15
        },
        {
            "segmentation": [
                [
                    656.6037735849056,
                    1320.754716981132,
                    660.377358490566,
                    1330.1886792452829
                ]
            ],
            "iscrowd": 0,
            "area": 0.0,
            "image_id": 0,
            "bbox": [
                656.0,
                1320.0,
                4.0,
                10.0
            ],
            "category_id": 1,
            "id": 16
        },
        {
            "segmentation": [
                [
                    720.754716981132,
                    1335.8490566037735,
                    728.3018867924528,
                    1343.3962264150944
                ]
            ],
            "iscrowd": 0,
            "area": 0.0,
            "image_id": 0,
            "bbox": [
                720.0,
                1335.0,
                8.0,
                8.0
            ],
            "category_id": 1,
            "id": 17
        },
        {
            "segmentation": [
                [
                    1377.3584905660377,
                    658.4905660377358,
                    1379.245283018868,
                    669.8113207547169
                ]
            ],
            "iscrowd": 0,
            "area": 0.0,
            "image_id": 0,
            "bbox": [
                1377.0,
                658.0,
                2.0,
                11.0
            ],
            "category_id": 1,
            "id": 18
        },
        {
            "segmentation": [
                [
                    1247.1698113207547,
                    754.7169811320755,
                    1254.7169811320755,
                    764.1509433962264
                ]
            ],
            "iscrowd": 0,
            "area": 0.0,
            "image_id": 0,
            "bbox": [
                1247.0,
                754.0,
                7.0,
                10.0
            ],
            "category_id": 1,
            "id": 19
        },
        {
            "segmentation": [
                [
                    1507.936507936508,
                    704.7619047619047,
                    1517.4603174603174,
                    717.4603174603175
                ]
            ],
            "iscrowd": 0,
            "area": 0.0,
            "image_id": 0,
            "bbox": [
                1507.0,
                704.0,
                10.0,
                13.0
            ],
            "category_id": 1,
            "id": 20
        },
        {
            "segmentation": [
                [
                    1452.3809523809523,
                    809.5238095238095,
                    1465.079365079365,
                    823.8095238095239
                ]
            ],
            "iscrowd": 0,
            "area": 0.0,
            "image_id": 0,
            "bbox": [
                1452.0,
                809.0,
                13.0,
                14.0
            ],
            "category_id": 1,
            "id": 21
        },
        {
            "segmentation": [
                [
                    1279.3650793650793,
                    988.8888888888889,
                    1288.888888888889,
                    1000.0
                ]
            ],
            "iscrowd": 0,
            "area": 0.0,
            "image_id": 0,
            "bbox": [
                1279.0,
                988.0,
                9.0,
                12.0
            ],
            "category_id": 1,
            "id": 22
        },
        {
            "segmentation": [
                [
                    1649.2063492063492,
                    1023.8095238095239,
                    1649.2063492063492,
                    1033.3333333333333
                ]
            ],
            "iscrowd": 0,
            "area": 0.0,
            "image_id": 0,
            "bbox": [
                1649.0,
                1023.0,
                0.0,
                10.0
            ],
            "category_id": 1,
            "id": 23
        },
        {
            "segmentation": [
                [
                    1576.1904761904761,
                    1117.4603174603174,
                    1587.3015873015872,
                    1134.920634920635
                ]
            ],
            "iscrowd": 0,
            "area": 0.0,
            "image_id": 0,
            "bbox": [
                1576.0,
                1117.0,
                11.0,
                17.0
            ],
            "category_id": 0,
            "id": 24
        },
        {
            "segmentation": [
                [
                    1596.8253968253969,
                    1114.2857142857142,
                    1606.3492063492063,
                    1128.5714285714287
                ]
            ],
            "iscrowd": 0,
            "area": 0.0,
            "image_id": 0,
            "bbox": [
                1596.0,
                1114.0,
                10.0,
                14.0
            ],
            "category_id": 0,
            "id": 25
        },
        {
            "segmentation": [
                [
                    1406.3492063492063,
                    1174.6031746031747,
                    1414.2857142857142,
                    1188.888888888889
                ]
            ],
            "iscrowd": 0,
            "area": 0.0,
            "image_id": 0,
            "bbox": [
                1406.0,
                1174.0,
                8.0,
                14.0
            ],
            "category_id": 0,
            "id": 26
        },
        {
            "segmentation": [
                [
                    1401.5873015873017,
                    1188.888888888889,
                    1411.111111111111,
                    1203.1746031746031
                ]
            ],
            "iscrowd": 0,
            "area": 0.0,
            "image_id": 0,
            "bbox": [
                1401.0,
                1188.0,
                10.0,
                15.0
            ],
            "category_id": 0,
            "id": 27
        },
        {
            "segmentation": [
                [
                    1057.142857142857,
                    1039.6825396825398,
                    1065.079365079365,
                    1046.031746031746
                ]
            ],
            "iscrowd": 0,
            "area": 0.0,
            "image_id": 0,
            "bbox": [
                1057.0,
                1039.0,
                8.0,
                7.0
            ],
            "category_id": 1,
            "id": 28
        },
        {
            "segmentation": [
                [
                    1076.1904761904761,
                    1092.063492063492,
                    1080.952380952381,
                    1095.2380952380952
                ]
            ],
            "iscrowd": 0,
            "area": 0.0,
            "image_id": 0,
            "bbox": [
                1076.0,
                1092.0,
                4.0,
                3.0
            ],
            "category_id": 1,
            "id": 29
        },
        {
            "segmentation": [
                [
                    1088.888888888889,
                    1069.8412698412699,
                    1090.4761904761904,
                    1074.6031746031747
                ]
            ],
            "iscrowd": 0,
            "area": 0.0,
            "image_id": 0,
            "bbox": [
                1088.0,
                1069.0,
                2.0,
                5.0
            ],
            "category_id": 1,
            "id": 30
        },
        {
            "segmentation": [
                [
                    1319.047619047619,
                    1039.6825396825398,
                    1325.3968253968253,
                    1049.2063492063492
                ]
            ],
            "iscrowd": 0,
            "area": 0.0,
            "image_id": 0,
            "bbox": [
                1319.0,
                1039.0,
                6.0,
                10.0
            ],
            "category_id": 1,
            "id": 31
        },
        {
            "segmentation": [
                [
                    1355.5555555555557,
                    1217.4603174603174,
                    1361.904761904762,
                    1225.3968253968253
                ]
            ],
            "iscrowd": 0,
            "area": 0.0,
            "image_id": 0,
            "bbox": [
                1355.0,
                1217.0,
                6.0,
                8.0
            ],
            "category_id": 1,
            "id": 32
        },
        {
            "segmentation": [
                [
                    1642.857142857143,
                    1311.111111111111,
                    1647.6190476190477,
                    1320.6349206349207
                ]
            ],
            "iscrowd": 0,
            "area": 0.0,
            "image_id": 0,
            "bbox": [
                1642.0,
                1311.0,
                5.0,
                9.0
            ],
            "category_id": 1,
            "id": 33
        },
        {
            "segmentation": [
                [
                    1674.6031746031747,
                    1336.5079365079364,
                    1679.3650793650793,
                    1347.6190476190477
                ]
            ],
            "iscrowd": 0,
            "area": 0.0,
            "image_id": 0,
            "bbox": [
                1674.0,
                1336.0,
                5.0,
                11.0
            ],
            "category_id": 1,
            "id": 34
        },
        {
            "segmentation": [
                [
                    1998.4126984126983,
                    1238.095238095238,
                    2004.7619047619048,
                    1253.968253968254
                ]
            ],
            "iscrowd": 0,
            "area": 0.0,
            "image_id": 0,
            "bbox": [
                1998.0,
                1238.0,
                6.0,
                15.0
            ],
            "category_id": 1,
            "id": 35
        },
        {
            "segmentation": [
                [
                    1990.4761904761904,
                    1261.904761904762,
                    1996.8253968253969,
                    1271.4285714285713
                ]
            ],
            "iscrowd": 0,
            "area": 0.0,
            "image_id": 0,
            "bbox": [
                1990.0,
                1261.0,
                6.0,
                10.0
            ],
            "category_id": 1,
            "id": 36
        },
        {
            "segmentation": [
                [
                    2017.4603174603174,
                    1357.142857142857,
                    2025.3968253968253,
                    1368.2539682539682
                ]
            ],
            "iscrowd": 0,
            "area": 0.0,
            "image_id": 0,
            "bbox": [
                2017.0,
                1357.0,
                8.0,
                11.0
            ],
            "category_id": 1,
            "id": 37
        },
        {
            "segmentation": [
                [
                    912.6984126984127,
                    1169.8412698412699,
                    915.8730158730159,
                    1176.1904761904761
                ]
            ],
            "iscrowd": 0,
            "area": 0.0,
            "image_id": 0,
            "bbox": [
                912.0,
                1169.0,
                3.0,
                7.0
            ],
            "category_id": 1,
            "id": 38
        },
        {
            "segmentation": [
                [
                    961.9047619047619,
                    1239.6825396825398,
                    968.2539682539682,
                    1250.7936507936508
                ]
            ],
            "iscrowd": 0,
            "area": 0.0,
            "image_id": 0,
            "bbox": [
                961.0,
                1239.0,
                7.0,
                11.0
            ],
            "category_id": 1,
            "id": 39
        },
        {
            "segmentation": [
                [
                    877.7777777777778,
                    1401.5873015873017,
                    885.7142857142857,
                    1407.936507936508
                ]
            ],
            "iscrowd": 0,
            "area": 0.0,
            "image_id": 0,
            "bbox": [
                877.0,
                1401.0,
                8.0,
                6.0
            ],
            "category_id": 1,
            "id": 40
        },
        {
            "segmentation": [
                [
                    1047.6190476190477,
                    1373.015873015873,
                    1052.3809523809523,
                    1377.7777777777778
                ]
            ],
            "iscrowd": 0,
            "area": 0.0,
            "image_id": 0,
            "bbox": [
                1047.0,
                1373.0,
                5.0,
                4.0
            ],
            "category_id": 1,
            "id": 41
        },
        {
            "segmentation": [
                [
                    1087.3015873015872,
                    1296.8253968253969,
                    1093.6507936507937,
                    1303.1746031746031
                ]
            ],
            "iscrowd": 0,
            "area": 0.0,
            "image_id": 0,
            "bbox": [
                1087.0,
                1296.0,
                6.0,
                7.0
            ],
            "category_id": 1,
            "id": 42
        },
        {
            "segmentation": [
                [
                    1174.6031746031747,
                    1525.3968253968253,
                    1177.7777777777778,
                    1538.095238095238
                ]
            ],
            "iscrowd": 0,
            "area": 0.0,
            "image_id": 0,
            "bbox": [
                1174.0,
                1525.0,
                3.0,
                13.0
            ],
            "category_id": 1,
            "id": 43
        },
        {
            "segmentation": [
                [
                    1180.952380952381,
                    1311.111111111111,
                    1179.3650793650793,
                    1326.984126984127
                ]
            ],
            "iscrowd": 0,
            "area": 0.0,
            "image_id": 0,
            "bbox": [
                1179.0,
                1311.0,
                1.0,
                15.0
            ],
            "category_id": 1,
            "id": 44
        },
        {
            "segmentation": [
                [
                    1242.857142857143,
                    1330.1587301587301,
                    1242.857142857143,
                    1336.5079365079364
                ]
            ],
            "iscrowd": 0,
            "area": 0.0,
            "image_id": 0,
            "bbox": [
                1242.0,
                1330.0,
                0.0,
                6.0
            ],
            "category_id": 1,
            "id": 45
        },
        {
            "segmentation": [
                [
                    1126.984126984127,
                    1777.7777777777778,
                    1136.5079365079364,
                    1788.888888888889
                ]
            ],
            "iscrowd": 0,
            "area": 0.0,
            "image_id": 0,
            "bbox": [
                1126.0,
                1777.0,
                10.0,
                11.0
            ],
            "category_id": 1,
            "id": 46
        },
        {
            "segmentation": [
                [
                    1392.063492063492,
                    1420.6349206349207,
                    1393.6507936507937,
                    1436.5079365079364
                ]
            ],
            "iscrowd": 0,
            "area": 0.0,
            "image_id": 0,
            "bbox": [
                1392.0,
                1420.0,
                1.0,
                16.0
            ],
            "category_id": 1,
            "id": 47
        },
        {
            "segmentation": [
                [
                    1379.3650793650793,
                    1555.5555555555557,
                    1382.5396825396824,
                    1566.6666666666667
                ]
            ],
            "iscrowd": 0,
            "area": 0.0,
            "image_id": 0,
            "bbox": [
                1379.0,
                1555.0,
                3.0,
                11.0
            ],
            "category_id": 1,
            "id": 48
        },
        {
            "segmentation": [
                [
                    1969.8412698412699,
                    1507.936507936508,
                    1977.7777777777778,
                    1520.6349206349207
                ]
            ],
            "iscrowd": 0,
            "area": 0.0,
            "image_id": 0,
            "bbox": [
                1969.0,
                1507.0,
                8.0,
                13.0
            ],
            "category_id": 1,
            "id": 49
        }
    ]
}