{
    "images": [
        {
            "height": 2288,
            "width": 2376,
            "id": 0,
            "file_name": "CP2_2_2a_colour.png"
        }
    ],
    "categories": [
        {
            "supercategory": "g",
            "id": 0,
            "name": "g"
        },
        {
            "supercategory": "p",
            "id": 1,
            "name": "p"
        }
    ],
    "annotations": [
        {
            "segmentation": [
                [
                    832.7586206896552,
                    358.62068965517244,
                    855.1724137931035,
                    377.58620689655174
                ]
            ],
            "iscrowd": 0,
            "area": 0.0,
            "image_id": 0,
            "bbox": [
                832.0,
                358.0,
                23.0,
                19.0
            ],
            "category_id": 0,
            "id": 1
        },
        {
            "segmentation": [
                [
                    782.7586206896552,
                    393.1034482758621,
                    800.0,
                    408.62068965517244
                ]
            ],
            "iscrowd": 0,
            "area": 0.0,
            "image_id": 0,
            "bbox": [
                782.0,
                393.0,
                18.0,
                15.0
            ],
            "category_id": 0,
            "id": 2
        },
        {
            "segmentation": [
                [
                    741.3793103448277,
                    484.4827586206897,
                    755.1724137931035,
                    503.448275862069
                ]
            ],
            "iscrowd": 0,
            "area": 0.0,
            "image_id": 0,
            "bbox": [
                741.0,
                484.0,
                14.0,
                19.0
            ],
            "category_id": 0,
            "id": 3
        },
        {
            "segmentation": [
                [
                    722.4137931034484,
                    527.5862068965517,
                    732.7586206896552,
                    546.551724137931
                ]
            ],
            "iscrowd": 0,
            "area": 0.0,
            "image_id": 0,
            "bbox": [
                722.0,
                527.0,
                10.0,
                19.0
            ],
            "category_id": 0,
            "id": 4
        },
        {
            "segmentation": [
                [
                    724.1379310344828,
                    562.0689655172414,
                    739.6551724137931,
                    584.4827586206897
                ]
            ],
            "iscrowd": 0,
            "area": 0.0,
            "image_id": 0,
            "bbox": [
                724.0,
                562.0,
                15.0,
                22.0
            ],
            "category_id": 0,
            "id": 5
        },
        {
            "segmentation": [
                [
                    508.62068965517244,
                    679.3103448275863,
                    525.8620689655173,
                    696.551724137931
                ]
            ],
            "iscrowd": 0,
            "area": 0.0,
            "image_id": 0,
            "bbox": [
                508.0,
                679.0,
                17.0,
                17.0
            ],
            "category_id": 0,
            "id": 6
        },
        {
            "segmentation": [
                [
                    1158.6206896551726,
                    586.2068965517242,
                    1175.8620689655172,
                    606.896551724138
                ]
            ],
            "iscrowd": 0,
            "area": 0.0,
            "image_id": 0,
            "bbox": [
                1158.0,
                586.0,
                17.0,
                20.0
            ],
            "category_id": 0,
            "id": 7
        },
        {
            "segmentation": [
                [
                    1062.0689655172414,
                    643.1034482758621,
                    1077.5862068965519,
                    663.7931034482759
                ]
            ],
            "iscrowd": 0,
            "area": 0.0,
            "image_id": 0,
            "bbox": [
                1062.0,
                643.0,
                15.0,
                20.0
            ],
            "category_id": 0,
            "id": 8
        },
        {
            "segmentation": [
                [
                    1015.5172413793105,
                    753.4482758620691,
                    1027.5862068965519,
                    772.4137931034484
                ]
            ],
            "iscrowd": 0,
            "area": 0.0,
            "image_id": 0,
            "bbox": [
                1015.0,
                753.0,
                12.0,
                19.0
            ],
            "category_id": 0,
            "id": 9
        },
        {
            "segmentation": [
                [
                    1118.9655172413793,
                    881.0344827586207,
                    1139.6551724137933,
                    905.1724137931035
                ]
            ],
            "iscrowd": 0,
            "area": 0.0,
            "image_id": 0,
            "bbox": [
                1118.0,
                881.0,
                21.0,
                24.0
            ],
            "category_id": 0,
            "id": 10
        },
        {
            "segmentation": [
                [
                    758.6206896551724,
                    765.5172413793103,
                    774.1379310344828,
                    777.5862068965517
                ]
            ],
            "iscrowd": 0,
            "area": 0.0,
            "image_id": 0,
            "bbox": [
                758.0,
                765.0,
                16.0,
                12.0
            ],
            "category_id": 0,
            "id": 11
        },
        {
            "segmentation": [
                [
                    739.6551724137931,
                    789.6551724137931,
                    755.1724137931035,
                    800.0
                ]
            ],
            "iscrowd": 0,
            "area": 0.0,
            "image_id": 0,
            "bbox": [
                739.0,
                789.0,
                16.0,
                11.0
            ],
            "category_id": 0,
            "id": 12
        },
        {
            "segmentation": [
                [
                    836.2068965517242,
                    772.4137931034484,
                    855.1724137931035,
                    793.1034482758621
                ]
            ],
            "iscrowd": 0,
            "area": 0.0,
            "image_id": 0,
            "bbox": [
                836.0,
                772.0,
                19.0,
                21.0
            ],
            "category_id": 0,
            "id": 13
        },
        {
            "segmentation": [
                [
                    622.4137931034484,
                    817.2413793103449,
                    636.2068965517242,
                    834.4827586206898
                ]
            ],
            "iscrowd": 0,
            "area": 0.0,
            "image_id": 0,
            "bbox": [
                622.0,
                817.0,
                14.0,
                17.0
            ],
            "category_id": 0,
            "id": 14
        },
        {
            "segmentation": [
                [
                    548.2758620689656,
                    882.7586206896552,
                    567.2413793103449,
                    898.2758620689656
                ]
            ],
            "iscrowd": 0,
            "area": 0.0,
            "image_id": 0,
            "bbox": [
                548.0,
                882.0,
                19.0,
                16.0
            ],
            "category_id": 0,
            "id": 15
        },
        {
            "segmentation": [
                [
                    477.58620689655174,
                    898.2758620689656,
                    493.1034482758621,
                    920.6896551724138
                ]
            ],
            "iscrowd": 0,
            "area": 0.0,
            "image_id": 0,
            "bbox": [
                477.0,
                898.0,
                16.0,
                22.0
            ],
            "category_id": 0,
            "id": 16
        },
        {
            "segmentation": [
                [
                    513.7931034482759,
                    931.0344827586207,
                    527.5862068965517,
                    944.8275862068966
                ]
            ],
            "iscrowd": 0,
            "area": 0.0,
            "image_id": 0,
            "bbox": [
                513.0,
                931.0,
                14.0,
                13.0
            ],
            "category_id": 0,
            "id": 17
        },
        {
            "segmentation": [
                [
                    344.82758620689657,
                    1005.1724137931035,
                    362.0689655172414,
                    1024.1379310344828
                ]
            ],
            "iscrowd": 0,
            "area": 0.0,
            "image_id": 0,
            "bbox": [
                344.0,
                1005.0,
                18.0,
                19.0
            ],
            "category_id": 0,
            "id": 18
        },
        {
            "segmentation": [
                [
                    372.4137931034483,
                    1158.6206896551726,
                    384.4827586206897,
                    1177.5862068965519
                ]
            ],
            "iscrowd": 0,
            "area": 0.0,
            "image_id": 0,
            "bbox": [
                372.0,
                1158.0,
                12.0,
                19.0
            ],
            "category_id": 0,
            "id": 19
        },
        {
            "segmentation": [
                [
                    443.1034482758621,
                    987.9310344827587,
                    462.0689655172414,
                    1006.896551724138
                ]
            ],
            "iscrowd": 0,
            "area": 0.0,
            "image_id": 0,
            "bbox": [
                443.0,
                987.0,
                19.0,
                19.0
            ],
            "category_id": 0,
            "id": 20
        },
        {
            "segmentation": [
                [
                    546.551724137931,
                    1003.4482758620691,
                    558.6206896551724,
                    1022.4137931034484
                ]
            ],
            "iscrowd": 0,
            "area": 0.0,
            "image_id": 0,
            "bbox": [
                546.0,
                1003.0,
                12.0,
                19.0
            ],
            "category_id": 0,
            "id": 21
        },
        {
            "segmentation": [
                [
                    639.6551724137931,
                    950.0000000000001,
                    660.344827586207,
                    963.7931034482759
                ]
            ],
            "iscrowd": 0,
            "area": 0.0,
            "image_id": 0,
            "bbox": [
                639.0,
                950.0,
                21.0,
                13.0
            ],
            "category_id": 0,
            "id": 22
        },
        {
            "segmentation": [
                [
                    672.4137931034484,
                    924.1379310344828,
                    686.2068965517242,
                    950.0000000000001
                ]
            ],
            "iscrowd": 0,
            "area": 0.0,
            "image_id": 0,
            "bbox": [
                672.0,
                924.0,
                14.0,
                26.0
            ],
            "category_id": 0,
            "id": 23
        },
        {
            "segmentation": [
                [
                    831.0344827586207,
                    841.3793103448277,
                    846.551724137931,
                    856.896551724138
                ]
            ],
            "iscrowd": 0,
            "area": 0.0,
            "image_id": 0,
            "bbox": [
                831.0,
                841.0,
                15.0,
                15.0
            ],
            "category_id": 0,
            "id": 24
        },
        {
            "segmentation": [
                [
                    808.6206896551724,
                    870.6896551724138,
                    825.8620689655173,
                    891.3793103448277
                ]
            ],
            "iscrowd": 0,
            "area": 0.0,
            "image_id": 0,
            "bbox": [
                808.0,
                870.0,
                17.0,
                21.0
            ],
            "category_id": 0,
            "id": 25
        },
        {
            "segmentation": [
                [
                    918.9655172413794,
                    867.2413793103449,
                    924.1379310344828,
                    882.7586206896552
                ]
            ],
            "iscrowd": 0,
            "area": 0.0,
            "image_id": 0,
            "bbox": [
                918.0,
                867.0,
                6.0,
                15.0
            ],
            "category_id": 0,
            "id": 26
        },
        {
            "segmentation": [
                [
                    963.7931034482759,
                    932.7586206896552,
                    975.8620689655173,
                    951.7241379310345
                ]
            ],
            "iscrowd": 0,
            "area": 0.0,
            "image_id": 0,
            "bbox": [
                963.0,
                932.0,
                12.0,
                19.0
            ],
            "category_id": 0,
            "id": 27
        },
        {
            "segmentation": [
                [
                    1015.5172413793105,
                    1010.344827586207,
                    1037.9310344827586,
                    1032.7586206896553
                ]
            ],
            "iscrowd": 0,
            "area": 0.0,
            "image_id": 0,
            "bbox": [
                1015.0,
                1010.0,
                22.0,
                22.0
            ],
            "category_id": 0,
            "id": 28
        },
        {
            "segmentation": [
                [
                    889.6551724137931,
                    1151.7241379310346,
                    912.0689655172414,
                    1168.9655172413793
                ]
            ],
            "iscrowd": 0,
            "area": 0.0,
            "image_id": 0,
            "bbox": [
                889.0,
                1151.0,
                23.0,
                17.0
            ],
            "category_id": 0,
            "id": 29
        },
        {
            "segmentation": [
                [
                    881.0344827586207,
                    1213.793103448276,
                    898.2758620689656,
                    1232.7586206896553
                ]
            ],
            "iscrowd": 0,
            "area": 0.0,
            "image_id": 0,
            "bbox": [
                881.0,
                1213.0,
                17.0,
                19.0
            ],
            "category_id": 0,
            "id": 30
        },
        {
            "segmentation": [
                [
                    1208.6206896551726,
                    1031.0344827586207,
                    1225.8620689655174,
                    1056.896551724138
                ]
            ],
            "iscrowd": 0,
            "area": 0.0,
            "image_id": 0,
            "bbox": [
                1208.0,
                1031.0,
                17.0,
                25.0
            ],
            "category_id": 0,
            "id": 31
        },
        {
            "segmentation": [
                [
                    1131.0344827586207,
                    1125.8620689655172,
                    1148.2758620689656,
                    1141.3793103448277
                ]
            ],
            "iscrowd": 0,
            "area": 0.0,
            "image_id": 0,
            "bbox": [
                1131.0,
                1125.0,
                17.0,
                16.0
            ],
            "category_id": 0,
            "id": 32
        },
        {
            "segmentation": [
                [
                    1063.793103448276,
                    1200.0,
                    1081.0344827586207,
                    1215.5172413793105
                ]
            ],
            "iscrowd": 0,
            "area": 0.0,
            "image_id": 0,
            "bbox": [
                1063.0,
                1200.0,
                18.0,
                15.0
            ],
            "category_id": 0,
            "id": 33
        },
        {
            "segmentation": [
                [
                    1177.5862068965519,
                    1274.1379310344828,
                    1196.5517241379312,
                    1293.103448275862
                ]
            ],
            "iscrowd": 0,
            "area": 0.0,
            "image_id": 0,
            "bbox": [
                1177.0,
                1274.0,
                19.0,
                19.0
            ],
            "category_id": 0,
            "id": 34
        },
        {
            "segmentation": [
                [
                    1024.1379310344828,
                    1391.3793103448277,
                    1037.9310344827586,
                    1406.8965517241381
                ]
            ],
            "iscrowd": 0,
            "area": 0.0,
            "image_id": 0,
            "bbox": [
                1024.0,
                1391.0,
                13.0,
                15.0
            ],
            "category_id": 0,
            "id": 35
        },
        {
            "segmentation": [
                [
                    1112.0689655172414,
                    1225.8620689655174,
                    1124.1379310344828,
                    1239.6551724137933
                ]
            ],
            "iscrowd": 0,
            "area": 0.0,
            "image_id": 0,
            "bbox": [
                1112.0,
                1225.0,
                12.0,
                14.0
            ],
            "category_id": 0,
            "id": 36
        },
        {
            "segmentation": [
                [
                    1218.9655172413793,
                    1368.9655172413793,
                    1236.2068965517242,
                    1387.9310344827586
                ]
            ],
            "iscrowd": 0,
            "area": 0.0,
            "image_id": 0,
            "bbox": [
                1218.0,
                1368.0,
                18.0,
                19.0
            ],
            "category_id": 0,
            "id": 37
        },
        {
            "segmentation": [
                [
                    1641.3793103448277,
                    632.7586206896552,
                    1655.1724137931035,
                    656.896551724138
                ]
            ],
            "iscrowd": 0,
            "area": 0.0,
            "image_id": 0,
            "bbox": [
                1641.0,
                632.0,
                14.0,
                24.0
            ],
            "category_id": 0,
            "id": 38
        },
        {
            "segmentation": [
                [
                    1763.793103448276,
                    670.6896551724138,
                    1774.1379310344828,
                    686.2068965517242
                ]
            ],
            "iscrowd": 0,
            "area": 0.0,
            "image_id": 0,
            "bbox": [
                1763.0,
                670.0,
                11.0,
                16.0
            ],
            "category_id": 0,
            "id": 39
        },
        {
            "segmentation": [
                [
                    1744.8275862068967,
                    808.6206896551724,
                    1768.9655172413795,
                    825.8620689655173
                ]
            ],
            "iscrowd": 0,
            "area": 0.0,
            "image_id": 0,
            "bbox": [
                1744.0,
                808.0,
                24.0,
                17.0
            ],
            "category_id": 0,
            "id": 40
        },
        {
            "segmentation": [
                [
                    1584.4827586206898,
                    824.1379310344828,
                    1601.7241379310346,
                    846.551724137931
                ]
            ],
            "iscrowd": 0,
            "area": 0.0,
            "image_id": 0,
            "bbox": [
                1584.0,
                824.0,
                17.0,
                22.0
            ],
            "category_id": 0,
            "id": 41
        },
        {
            "segmentation": [
                [
                    1401.7241379310346,
                    1098.2758620689656,
                    1418.9655172413793,
                    1113.793103448276
                ]
            ],
            "iscrowd": 0,
            "area": 0.0,
            "image_id": 0,
            "bbox": [
                1401.0,
                1098.0,
                17.0,
                15.0
            ],
            "category_id": 0,
            "id": 42
        },
        {
            "segmentation": [
                [
                    1355.1724137931035,
                    1215.5172413793105,
                    1368.9655172413793,
                    1231.0344827586207
                ]
            ],
            "iscrowd": 0,
            "area": 0.0,
            "image_id": 0,
            "bbox": [
                1355.0,
                1215.0,
                13.0,
                16.0
            ],
            "category_id": 0,
            "id": 43
        },
        {
            "segmentation": [
                [
                    1400.0,
                    1262.0689655172414,
                    1408.6206896551726,
                    1281.0344827586207
                ]
            ],
            "iscrowd": 0,
            "area": 0.0,
            "image_id": 0,
            "bbox": [
                1400.0,
                1262.0,
                8.0,
                19.0
            ],
            "category_id": 0,
            "id": 44
        },
        {
            "segmentation": [
                [
                    1653.448275862069,
                    1194.8275862068967,
                    1670.689655172414,
                    1213.793103448276
                ]
            ],
            "iscrowd": 0,
            "area": 0.0,
            "image_id": 0,
            "bbox": [
                1653.0,
                1194.0,
                17.0,
                19.0
            ],
            "category_id": 0,
            "id": 45
        },
        {
            "segmentation": [
                [
                    1774.1379310344828,
                    1227.5862068965519,
                    1791.3793103448277,
                    1258.6206896551726
                ]
            ],
            "iscrowd": 0,
            "area": 0.0,
            "image_id": 0,
            "bbox": [
                1774.0,
                1227.0,
                17.0,
                31.0
            ],
            "category_id": 0,
            "id": 46
        },
        {
            "segmentation": [
                [
                    1522.4137931034484,
                    1239.6551724137933,
                    1536.2068965517242,
                    1260.344827586207
                ]
            ],
            "iscrowd": 0,
            "area": 0.0,
            "image_id": 0,
            "bbox": [
                1522.0,
                1239.0,
                14.0,
                21.0
            ],
            "category_id": 0,
            "id": 47
        },
        {
            "segmentation": [
                [
                    1539.6551724137933,
                    1263.793103448276,
                    1548.2758620689656,
                    1282.7586206896553
                ]
            ],
            "iscrowd": 0,
            "area": 0.0,
            "image_id": 0,
            "bbox": [
                1539.0,
                1263.0,
                9.0,
                19.0
            ],
            "category_id": 0,
            "id": 48
        },
        {
            "segmentation": [
                [
                    1596.5517241379312,
                    1298.2758620689656,
                    1610.344827586207,
                    1310.344827586207
                ]
            ],
            "iscrowd": 0,
            "area": 0.0,
            "image_id": 0,
            "bbox": [
                1596.0,
                1298.0,
                14.0,
                12.0
            ],
            "category_id": 0,
            "id": 49
        },
        {
            "segmentation": [
                [
                    1958.6206896551726,
                    1248.2758620689656,
                    1975.8620689655174,
                    1270.689655172414
                ]
            ],
            "iscrowd": 0,
            "area": 0.0,
            "image_id": 0,
            "bbox": [
                1958.0,
                1248.0,
                17.0,
                22.0
            ],
            "category_id": 0,
            "id": 50
        },
        {
            "segmentation": [
                [
                    2013.793103448276,
                    1232.7586206896553,
                    2025.8620689655174,
                    1248.2758620689656
                ]
            ],
            "iscrowd": 0,
            "area": 0.0,
            "image_id": 0,
            "bbox": [
                2013.0,
                1232.0,
                12.0,
                16.0
            ],
            "category_id": 0,
            "id": 51
        },
        {
            "segmentation": [
                [
                    2056.896551724138,
                    1172.4137931034484,
                    2074.137931034483,
                    1196.5517241379312
                ]
            ],
            "iscrowd": 0,
            "area": 0.0,
            "image_id": 0,
            "bbox": [
                2056.0,
                1172.0,
                18.0,
                24.0
            ],
            "category_id": 0,
            "id": 52
        },
        {
            "segmentation": [
                [
                    2101.7241379310344,
                    1387.9310344827586,
                    2108.6206896551726,
                    1408.6206896551726
                ]
            ],
            "iscrowd": 0,
            "area": 0.0,
            "image_id": 0,
            "bbox": [
                2101.0,
                1387.0,
                7.0,
                21.0
            ],
            "category_id": 0,
            "id": 53
        },
        {
            "segmentation": [
                [
                    1941.3793103448277,
                    1381.0344827586207,
                    1958.6206896551726,
                    1398.2758620689656
                ]
            ],
            "iscrowd": 0,
            "area": 0.0,
            "image_id": 0,
            "bbox": [
                1941.0,
                1381.0,
                17.0,
                17.0
            ],
            "category_id": 0,
            "id": 54
        },
        {
            "segmentation": [
                [
                    1977.5862068965519,
                    1389.6551724137933,
                    1998.2758620689656,
                    1405.1724137931035
                ]
            ],
            "iscrowd": 0,
            "area": 0.0,
            "image_id": 0,
            "bbox": [
                1977.0,
                1389.0,
                21.0,
                16.0
            ],
            "category_id": 0,
            "id": 55
        },
        {
            "segmentation": [
                [
                    1384.4827586206898,
                    1137.9310344827586,
                    1398.2758620689656,
                    1153.448275862069
                ]
            ],
            "iscrowd": 0,
            "area": 0.0,
            "image_id": 0,
            "bbox": [
                1384.0,
                1137.0,
                14.0,
                16.0
            ],
            "category_id": 0,
            "id": 56
        },
        {
            "segmentation": [
                [
                    1362.0689655172414,
                    1444.8275862068967,
                    1375.8620689655174,
                    1463.793103448276
                ]
            ],
            "iscrowd": 0,
            "area": 0.0,
            "image_id": 0,
            "bbox": [
                1362.0,
                1444.0,
                13.0,
                19.0
            ],
            "category_id": 0,
            "id": 57
        },
        {
            "segmentation": [
                [
                    1377.5862068965519,
                    1508.6206896551726,
                    1394.8275862068967,
                    1524.1379310344828
                ]
            ],
            "iscrowd": 0,
            "area": 0.0,
            "image_id": 0,
            "bbox": [
                1377.0,
                1508.0,
                17.0,
                16.0
            ],
            "category_id": 0,
            "id": 58
        },
        {
            "segmentation": [
                [
                    1520.689655172414,
                    1462.0689655172414,
                    1537.9310344827588,
                    1481.0344827586207
                ]
            ],
            "iscrowd": 0,
            "area": 0.0,
            "image_id": 0,
            "bbox": [
                1520.0,
                1462.0,
                17.0,
                19.0
            ],
            "category_id": 0,
            "id": 59
        },
        {
            "segmentation": [
                [
                    1336.2068965517242,
                    1591.3793103448277,
                    1350.0,
                    1608.6206896551726
                ]
            ],
            "iscrowd": 0,
            "area": 0.0,
            "image_id": 0,
            "bbox": [
                1336.0,
                1591.0,
                14.0,
                17.0
            ],
            "category_id": 0,
            "id": 60
        },
        {
            "segmentation": [
                [
                    1167.2413793103449,
                    1751.7241379310346,
                    1184.4827586206898,
                    1767.2413793103449
                ]
            ],
            "iscrowd": 0,
            "area": 0.0,
            "image_id": 0,
            "bbox": [
                1167.0,
                1751.0,
                17.0,
                16.0
            ],
            "category_id": 0,
            "id": 61
        },
        {
            "segmentation": [
                [
                    1041.3793103448277,
                    1648.2758620689656,
                    1046.5517241379312,
                    1660.344827586207
                ]
            ],
            "iscrowd": 0,
            "area": 0.0,
            "image_id": 0,
            "bbox": [
                1041.0,
                1648.0,
                5.0,
                12.0
            ],
            "category_id": 0,
            "id": 62
        },
        {
            "segmentation": [
                [
                    1289.855072463768,
                    289.85507246376807,
                    1292.7536231884058,
                    297.1014492753623
                ]
            ],
            "iscrowd": 0,
            "area": 0.0,
            "image_id": 0,
            "bbox": [
                1289.0,
                289.0,
                3.0,
                8.0
            ],
            "category_id": 1,
            "id": 63
        },
        {
            "segmentation": [
                [
                    1301.4492753623188,
                    733.3333333333333,
                    1305.7971014492753,
                    740.5797101449275
                ]
            ],
            "iscrowd": 0,
            "area": 0.0,
            "image_id": 0,
            "bbox": [
                1301.0,
                733.0,
                4.0,
                7.0
            ],
            "category_id": 1,
            "id": 64
        },
        {
            "segmentation": [
                [
                    1539.1304347826085,
                    415.9420289855072,
                    1543.478260869565,
                    423.18840579710144
                ]
            ],
            "iscrowd": 0,
            "area": 0.0,
            "image_id": 0,
            "bbox": [
                1539.0,
                415.0,
                4.0,
                8.0
            ],
            "category_id": 1,
            "id": 65
        },
        {
            "segmentation": [
                [
                    1184.0579710144928,
                    733.3333333333333,
                    1188.4057971014493,
                    740.5797101449275
                ]
            ],
            "iscrowd": 0,
            "area": 0.0,
            "image_id": 0,
            "bbox": [
                1184.0,
                733.0,
                4.0,
                7.0
            ],
            "category_id": 1,
            "id": 66
        },
        {
            "segmentation": [
                [
                    1223.1884057971013,
                    786.9565217391304,
                    1227.5362318840578,
                    791.3043478260869
                ]
            ],
            "iscrowd": 0,
            "area": 0.0,
            "image_id": 0,
            "bbox": [
                1223.0,
                786.0,
                4.0,
                5.0
            ],
            "category_id": 1,
            "id": 67
        },
        {
            "segmentation": [
                [
                    734.7826086956521,
                    618.8405797101449,
                    739.1304347826086,
                    623.1884057971014
                ]
            ],
            "iscrowd": 0,
            "area": 0.0,
            "image_id": 0,
            "bbox": [
                734.0,
                618.0,
                5.0,
                5.0
            ],
            "category_id": 1,
            "id": 68
        },
        {
            "segmentation": [
                [
                    624.6376811594203,
                    740.5797101449275,
                    628.9855072463768,
                    746.3768115942029
                ]
            ],
            "iscrowd": 0,
            "area": 0.0,
            "image_id": 0,
            "bbox": [
                624.0,
                740.0,
                4.0,
                6.0
            ],
            "category_id": 1,
            "id": 69
        },
        {
            "segmentation": [
                [
                    473.9130434782608,
                    1263.7681159420288,
                    482.6086956521739,
                    1271.014492753623
                ]
            ],
            "iscrowd": 0,
            "area": 0.0,
            "image_id": 0,
            "bbox": [
                473.0,
                1263.0,
                9.0,
                8.0
            ],
            "category_id": 1,
            "id": 70
        },
        {
            "segmentation": [
                [
                    427.53623188405794,
                    1340.5797101449275,
                    436.231884057971,
                    1347.8260869565215
                ]
            ],
            "iscrowd": 0,
            "area": 0.0,
            "image_id": 0,
            "bbox": [
                427.0,
                1340.0,
                9.0,
                7.0
            ],
            "category_id": 1,
            "id": 71
        },
        {
            "segmentation": [
                [
                    1707.246376811594,
                    1605.7971014492753,
                    1723.1884057971013,
                    1617.391304347826
                ]
            ],
            "iscrowd": 0,
            "area": 0.0,
            "image_id": 0,
            "bbox": [
                1707.0,
                1605.0,
                16.0,
                12.0
            ],
            "category_id": 0,
            "id": 72
        },
        {
            "segmentation": [
                [
                    1213.0434782608695,
                    1508.695652173913,
                    1218.8405797101448,
                    1513.0434782608695
                ]
            ],
            "iscrowd": 0,
            "area": 0.0,
            "image_id": 0,
            "bbox": [
                1213.0,
                1508.0,
                5.0,
                5.0
            ],
            "category_id": 1,
            "id": 73
        },
        {
            "segmentation": [
                [
                    1201.4492753623188,
                    1843.478260869565,
                    1208.695652173913,
                    1846.3768115942028
                ]
            ],
            "iscrowd": 0,
            "area": 0.0,
            "image_id": 0,
            "bbox": [
                1201.0,
                1843.0,
                7.0,
                3.0
            ],
            "category_id": 1,
            "id": 74
        },
        {
            "segmentation": [
                [
                    1272.463768115942,
                    1415.942028985507,
                    1275.3623188405795,
                    1418.8405797101448
                ]
            ],
            "iscrowd": 0,
            "area": 0.0,
            "image_id": 0,
            "bbox": [
                1272.0,
                1415.0,
                3.0,
                3.0
            ],
            "category_id": 1,
            "id": 75
        },
        {
            "segmentation": [
                [
                    1311.5942028985505,
                    1507.246376811594,
                    1315.9420289855072,
                    1510.1449275362318
                ]
            ],
            "iscrowd": 0,
            "area": 0.0,
            "image_id": 0,
            "bbox": [
                1311.0,
                1507.0,
                4.0,
                3.0
            ],
            "category_id": 1,
            "id": 76
        },
        {
            "segmentation": [
                [
                    1540.5797101449275,
                    1131.8840579710145,
                    1543.478260869565,
                    1134.782608695652
                ]
            ],
            "iscrowd": 0,
            "area": 0.0,
            "image_id": 0,
            "bbox": [
                1540.0,
                1131.0,
                3.0,
                3.0
            ],
            "category_id": 1,
            "id": 77
        },
        {
            "segmentation": [
                [
                    1724.6376811594203,
                    1273.9130434782608,
                    1731.8840579710143,
                    1279.710144927536
                ]
            ],
            "iscrowd": 0,
            "area": 0.0,
            "image_id": 0,
            "bbox": [
                1724.0,
                1273.0,
                7.0,
                6.0
            ],
            "category_id": 1,
            "id": 78
        },
        {
            "segmentation": [
                [
                    1843.478260869565,
                    663.7681159420289,
                    1850.7246376811593,
                    666.6666666666666
                ]
            ],
            "iscrowd": 0,
            "area": 0.0,
            "image_id": 0,
            "bbox": [
                1843.0,
                663.0,
                7.0,
                3.0
            ],
            "category_id": 1,
            "id": 79
        },
        {
            "segmentation": [
                [
                    1614.4927536231883,
                    668.1159420289855,
                    1621.7391304347825,
                    673.9130434782608
                ]
            ],
            "iscrowd": 0,
            "area": 0.0,
            "image_id": 0,
            "bbox": [
                1614.0,
                668.0,
                7.0,
                5.0
            ],
            "category_id": 1,
            "id": 80
        },
        {
            "segmentation": [
                [
                    1586.9565217391303,
                    926.086956521739,
                    1591.3043478260868,
                    934.7826086956521
                ]
            ],
            "iscrowd": 0,
            "area": 0.0,
            "image_id": 0,
            "bbox": [
                1586.0,
                926.0,
                5.0,
                8.0
            ],
            "category_id": 1,
            "id": 81
        },
        {
            "segmentation": [
                [
                    450.7246376811594,
                    715.9420289855071,
                    455.0724637681159,
                    720.2898550724638
                ]
            ],
            "iscrowd": 0,
            "area": 0.0,
            "image_id": 0,
            "bbox": [
                450.0,
                715.0,
                5.0,
                5.0
            ],
            "category_id": 1,
            "id": 82
        }
    ]
}