{
    "images": [
        {
            "height": 2288,
            "width": 2376,
            "id": 0,
            "file_name": "CP3_1_gray_2_colour.png"
        }
    ],
    "categories": [
        {
            "supercategory": "g",
            "id": 0,
            "name": "g"
        },
        {
            "supercategory": "p",
            "id": 1,
            "name": "p"
        }
    ],
    "annotations": [
        {
            "segmentation": [
                [
                    596.551724137931,
                    1270.689655172414,
                    608.6206896551724,
                    1293.103448275862
                ]
            ],
            "iscrowd": 0,
            "area": 0.0,
            "image_id": 0,
            "bbox": [
                596.0,
                1270.0,
                12.0,
                23.0
            ],
            "category_id": 0,
            "id": 1
        },
        {
            "segmentation": [
                [
                    631.0344827586207,
                    1362.0689655172414,
                    643.1034482758621,
                    1379.3103448275863
                ]
            ],
            "iscrowd": 0,
            "area": 0.0,
            "image_id": 0,
            "bbox": [
                631.0,
                1362.0,
                12.0,
                17.0
            ],
            "category_id": 0,
            "id": 2
        },
        {
            "segmentation": [
                [
                    1512.0689655172414,
                    1131.0344827586207,
                    1525.8620689655174,
                    1155.1724137931035
                ]
            ],
            "iscrowd": 0,
            "area": 0.0,
            "image_id": 0,
            "bbox": [
                1512.0,
                1131.0,
                13.0,
                24.0
            ],
            "category_id": 0,
            "id": 3
        },
        {
            "segmentation": [
                [
                    1381.0344827586207,
                    1081.0344827586207,
                    1391.3793103448277,
                    1093.103448275862
                ]
            ],
            "iscrowd": 0,
            "area": 0.0,
            "image_id": 0,
            "bbox": [
                1381.0,
                1081.0,
                10.0,
                12.0
            ],
            "category_id": 0,
            "id": 4
        },
        {
            "segmentation": [
                [
                    1379.3103448275863,
                    1072.4137931034484,
                    1384.4827586206898,
                    1084.4827586206898
                ]
            ],
            "iscrowd": 0,
            "area": 0.0,
            "image_id": 0,
            "bbox": [
                1379.0,
                1072.0,
                5.0,
                12.0
            ],
            "category_id": 0,
            "id": 5
        },
        {
            "segmentation": [
                [
                    1800.0000000000002,
                    772.4137931034484,
                    1812.0689655172414,
                    786.2068965517242
                ]
            ],
            "iscrowd": 0,
            "area": 0.0,
            "image_id": 0,
            "bbox": [
                1800.0,
                772.0,
                12.0,
                14.0
            ],
            "category_id": 0,
            "id": 6
        },
        {
            "segmentation": [
                [
                    1874.1379310344828,
                    694.8275862068966,
                    1879.3103448275863,
                    710.344827586207
                ]
            ],
            "iscrowd": 0,
            "area": 0.0,
            "image_id": 0,
            "bbox": [
                1874.0,
                694.0,
                5.0,
                16.0
            ],
            "category_id": 0,
            "id": 7
        },
        {
            "segmentation": [
                [
                    1874.1379310344828,
                    705.1724137931035,
                    1881.034482758621,
                    718.9655172413794
                ]
            ],
            "iscrowd": 0,
            "area": 0.0,
            "image_id": 0,
            "bbox": [
                1874.0,
                705.0,
                7.0,
                13.0
            ],
            "category_id": 0,
            "id": 8
        },
        {
            "segmentation": [
                [
                    1987.9310344827588,
                    682.7586206896552,
                    2000.0000000000002,
                    696.551724137931
                ]
            ],
            "iscrowd": 0,
            "area": 0.0,
            "image_id": 0,
            "bbox": [
                1987.0,
                682.0,
                13.0,
                14.0
            ],
            "category_id": 0,
            "id": 9
        },
        {
            "segmentation": [
                [
                    1562.0689655172414,
                    610.344827586207,
                    1570.689655172414,
                    620.6896551724138
                ]
            ],
            "iscrowd": 0,
            "area": 0.0,
            "image_id": 0,
            "bbox": [
                1562.0,
                610.0,
                8.0,
                10.0
            ],
            "category_id": 1,
            "id": 10
        },
        {
            "segmentation": [
                [
                    1592.7536231884058,
                    682.6086956521739,
                    1595.6521739130433,
                    688.4057971014493
                ]
            ],
            "iscrowd": 0,
            "area": 0.0,
            "image_id": 0,
            "bbox": [
                1592.0,
                682.0,
                3.0,
                6.0
            ],
            "category_id": 1,
            "id": 11
        },
        {
            "segmentation": [
                [
                    1684.0579710144925,
                    1013.0434782608695,
                    1686.9565217391303,
                    1020.2898550724636
                ]
            ],
            "iscrowd": 0,
            "area": 0.0,
            "image_id": 0,
            "bbox": [
                1684.0,
                1013.0,
                2.0,
                7.0
            ],
            "category_id": 1,
            "id": 12
        },
        {
            "segmentation": [
                [
                    1982.6086956521738,
                    846.3768115942029,
                    1985.5072463768115,
                    852.1739130434781
                ]
            ],
            "iscrowd": 0,
            "area": 0.0,
            "image_id": 0,
            "bbox": [
                1982.0,
                846.0,
                3.0,
                6.0
            ],
            "category_id": 1,
            "id": 13
        },
        {
            "segmentation": [
                [
                    818.8405797101449,
                    1620.2898550724635,
                    826.086956521739,
                    1627.5362318840578
                ]
            ],
            "iscrowd": 0,
            "area": 0.0,
            "image_id": 0,
            "bbox": [
                818.0,
                1620.0,
                8.0,
                7.0
            ],
            "category_id": 1,
            "id": 14
        },
        {
            "segmentation": [
                [
                    1179.710144927536,
                    1633.3333333333333,
                    1185.5072463768115,
                    1639.1304347826085
                ]
            ],
            "iscrowd": 0,
            "area": 0.0,
            "image_id": 0,
            "bbox": [
                1179.0,
                1633.0,
                6.0,
                6.0
            ],
            "category_id": 1,
            "id": 15
        },
        {
            "segmentation": [
                [
                    1223.1884057971013,
                    1726.086956521739,
                    1224.6376811594203,
                    1733.3333333333333
                ]
            ],
            "iscrowd": 0,
            "area": 0.0,
            "image_id": 0,
            "bbox": [
                1223.0,
                1726.0,
                1.0,
                7.0
            ],
            "category_id": 1,
            "id": 16
        },
        {
            "segmentation": [
                [
                    1188.4057971014493,
                    1840.5797101449273,
                    1192.7536231884058,
                    1847.8260869565215
                ]
            ],
            "iscrowd": 0,
            "area": 0.0,
            "image_id": 0,
            "bbox": [
                1188.0,
                1840.0,
                4.0,
                7.0
            ],
            "category_id": 1,
            "id": 17
        },
        {
            "segmentation": [
                [
                    1407.246376811594,
                    1405.7971014492753,
                    1410.1449275362318,
                    1411.5942028985505
                ]
            ],
            "iscrowd": 0,
            "area": 0.0,
            "image_id": 0,
            "bbox": [
                1407.0,
                1405.0,
                3.0,
                6.0
            ],
            "category_id": 1,
            "id": 18
        },
        {
            "segmentation": [
                [
                    2026.086956521739,
                    671.0144927536231,
                    2030.4347826086955,
                    678.2608695652174
                ]
            ],
            "iscrowd": 0,
            "area": 0.0,
            "image_id": 0,
            "bbox": [
                2026.0,
                671.0,
                4.0,
                7.0
            ],
            "category_id": 1,
            "id": 19
        }
    ]
}