{
    "images": [
        {
            "height": 2288,
            "width": 2376,
            "id": 0,
            "file_name": "CP3_2_gray_6_colour.png"
        }
    ],
    "categories": [
        {
            "supercategory": "g",
            "id": 0,
            "name": "g"
        },
        {
            "supercategory": "p",
            "id": 1,
            "name": "p"
        }
    ],
    "annotations": [
        {
            "segmentation": [
                [
                    1132.0754716981132,
                    652.8301886792452,
                    1135.8490566037735,
                    669.8113207547169
                ]
            ],
            "iscrowd": 0,
            "area": 0.0,
            "image_id": 0,
            "bbox": [
                1132.0,
                652.0,
                3.0,
                17.0
            ],
            "category_id": 0,
            "id": 1
        },
        {
            "segmentation": [
                [
                    1135.8490566037735,
                    745.2830188679245,
                    1149.0566037735848,
                    769.8113207547169
                ]
            ],
            "iscrowd": 0,
            "area": 0.0,
            "image_id": 0,
            "bbox": [
                1135.0,
                745.0,
                14.0,
                24.0
            ],
            "category_id": 0,
            "id": 2
        },
        {
            "segmentation": [
                [
                    954.7169811320754,
                    937.7358490566037,
                    971.6981132075471,
                    960.3773584905659
                ]
            ],
            "iscrowd": 0,
            "area": 0.0,
            "image_id": 0,
            "bbox": [
                954.0,
                937.0,
                17.0,
                23.0
            ],
            "category_id": 0,
            "id": 3
        },
        {
            "segmentation": [
                [
                    1624.5283018867924,
                    1211.3207547169811,
                    1647.1698113207547,
                    1235.8490566037735
                ]
            ],
            "iscrowd": 0,
            "area": 0.0,
            "image_id": 0,
            "bbox": [
                1624.0,
                1211.0,
                23.0,
                24.0
            ],
            "category_id": 0,
            "id": 4
        },
        {
            "segmentation": [
                [
                    1807.5471698113206,
                    1200.0,
                    1824.5283018867924,
                    1220.754716981132
                ]
            ],
            "iscrowd": 0,
            "area": 0.0,
            "image_id": 0,
            "bbox": [
                1807.0,
                1200.0,
                17.0,
                20.0
            ],
            "category_id": 0,
            "id": 5
        },
        {
            "segmentation": [
                [
                    2149.056603773585,
                    1266.0377358490566,
                    2167.9245283018868,
                    1281.132075471698
                ]
            ],
            "iscrowd": 0,
            "area": 0.0,
            "image_id": 0,
            "bbox": [
                2149.0,
                1266.0,
                18.0,
                15.0
            ],
            "category_id": 0,
            "id": 6
        },
        {
            "segmentation": [
                [
                    1962.264150943396,
                    1590.566037735849,
                    1967.9245283018868,
                    1600.0
                ]
            ],
            "iscrowd": 0,
            "area": 0.0,
            "image_id": 0,
            "bbox": [
                1962.0,
                1590.0,
                5.0,
                10.0
            ],
            "category_id": 1,
            "id": 7
        }
    ]
}