{
    "images": [
        {
            "height": 2288,
            "width": 2376,
            "id": 0,
            "file_name": "CP3_cross_1_2_later_gray_c2.png"
        }
    ],
    "categories": [
        {
            "supercategory": "g",
            "id": 0,
            "name": "g"
        },
        {
            "supercategory": "p",
            "id": 1,
            "name": "p"
        }
    ],
    "annotations": [
        {
            "segmentation": [
                [
                    1013.7931034482759,
                    451.72413793103453,
                    1029.3103448275863,
                    475.86206896551727
                ]
            ],
            "iscrowd": 0,
            "area": 0.0,
            "image_id": 0,
            "bbox": [
                1013.0,
                451.0,
                16.0,
                24.0
            ],
            "category_id": 0,
            "id": 1
        },
        {
            "segmentation": [
                [
                    1477.5862068965519,
                    513.7931034482759,
                    1501.7241379310346,
                    541.3793103448277
                ]
            ],
            "iscrowd": 0,
            "area": 0.0,
            "image_id": 0,
            "bbox": [
                1477.0,
                513.0,
                24.0,
                28.0
            ],
            "category_id": 0,
            "id": 2
        },
        {
            "segmentation": [
                [
                    1503.448275862069,
                    651.7241379310345,
                    1522.4137931034484,
                    689.6551724137931
                ]
            ],
            "iscrowd": 0,
            "area": 0.0,
            "image_id": 0,
            "bbox": [
                1503.0,
                651.0,
                19.0,
                38.0
            ],
            "category_id": 0,
            "id": 3
        },
        {
            "segmentation": [
                [
                    1591.3793103448277,
                    710.344827586207,
                    1608.6206896551726,
                    737.9310344827587
                ]
            ],
            "iscrowd": 0,
            "area": 0.0,
            "image_id": 0,
            "bbox": [
                1591.0,
                710.0,
                17.0,
                27.0
            ],
            "category_id": 0,
            "id": 4
        },
        {
            "segmentation": [
                [
                    698.2758620689656,
                    582.7586206896552,
                    722.4137931034484,
                    617.2413793103449
                ]
            ],
            "iscrowd": 0,
            "area": 0.0,
            "image_id": 0,
            "bbox": [
                698.0,
                582.0,
                24.0,
                35.0
            ],
            "category_id": 0,
            "id": 5
        },
        {
            "segmentation": [
                [
                    686.2068965517242,
                    822.4137931034484,
                    706.896551724138,
                    860.344827586207
                ]
            ],
            "iscrowd": 0,
            "area": 0.0,
            "image_id": 0,
            "bbox": [
                686.0,
                822.0,
                20.0,
                38.0
            ],
            "category_id": 0,
            "id": 6
        },
        {
            "segmentation": [
                [
                    863.7931034482759,
                    682.7586206896552,
                    891.3793103448277,
                    708.6206896551724
                ]
            ],
            "iscrowd": 0,
            "area": 0.0,
            "image_id": 0,
            "bbox": [
                863.0,
                682.0,
                28.0,
                26.0
            ],
            "category_id": 0,
            "id": 7
        },
        {
            "segmentation": [
                [
                    787.9310344827587,
                    713.7931034482759,
                    808.6206896551724,
                    741.3793103448277
                ]
            ],
            "iscrowd": 0,
            "area": 0.0,
            "image_id": 0,
            "bbox": [
                787.0,
                713.0,
                21.0,
                28.0
            ],
            "category_id": 0,
            "id": 8
        },
        {
            "segmentation": [
                [
                    800.0,
                    615.5172413793103,
                    829.3103448275863,
                    648.2758620689656
                ]
            ],
            "iscrowd": 0,
            "area": 0.0,
            "image_id": 0,
            "bbox": [
                800.0,
                615.0,
                29.0,
                33.0
            ],
            "category_id": 0,
            "id": 9
        },
        {
            "segmentation": [
                [
                    765.5172413793103,
                    641.3793103448277,
                    784.4827586206898,
                    663.7931034482759
                ]
            ],
            "iscrowd": 0,
            "area": 0.0,
            "image_id": 0,
            "bbox": [
                765.0,
                641.0,
                19.0,
                22.0
            ],
            "category_id": 0,
            "id": 10
        },
        {
            "segmentation": [
                [
                    729.3103448275863,
                    653.448275862069,
                    756.896551724138,
                    679.3103448275863
                ]
            ],
            "iscrowd": 0,
            "area": 0.0,
            "image_id": 0,
            "bbox": [
                729.0,
                653.0,
                27.0,
                26.0
            ],
            "category_id": 0,
            "id": 11
        },
        {
            "segmentation": [
                [
                    1282.7586206896553,
                    684.4827586206897,
                    1306.896551724138,
                    705.1724137931035
                ]
            ],
            "iscrowd": 0,
            "area": 0.0,
            "image_id": 0,
            "bbox": [
                1282.0,
                684.0,
                24.0,
                21.0
            ],
            "category_id": 0,
            "id": 12
        },
        {
            "segmentation": [
                [
                    968.9655172413794,
                    782.7586206896552,
                    998.2758620689656,
                    812.0689655172414
                ]
            ],
            "iscrowd": 0,
            "area": 0.0,
            "image_id": 0,
            "bbox": [
                968.0,
                782.0,
                30.0,
                30.0
            ],
            "category_id": 0,
            "id": 13
        },
        {
            "segmentation": [
                [
                    1084.4827586206898,
                    815.5172413793103,
                    1106.896551724138,
                    844.8275862068966
                ]
            ],
            "iscrowd": 0,
            "area": 0.0,
            "image_id": 0,
            "bbox": [
                1084.0,
                815.0,
                22.0,
                29.0
            ],
            "category_id": 0,
            "id": 14
        },
        {
            "segmentation": [
                [
                    1150.0,
                    843.1034482758621,
                    1172.4137931034484,
                    868.9655172413794
                ]
            ],
            "iscrowd": 0,
            "area": 0.0,
            "image_id": 0,
            "bbox": [
                1150.0,
                843.0,
                22.0,
                25.0
            ],
            "category_id": 0,
            "id": 15
        },
        {
            "segmentation": [
                [
                    1367.2413793103449,
                    786.2068965517242,
                    1387.9310344827586,
                    817.2413793103449
                ]
            ],
            "iscrowd": 0,
            "area": 0.0,
            "image_id": 0,
            "bbox": [
                1367.0,
                786.0,
                20.0,
                31.0
            ],
            "category_id": 0,
            "id": 16
        },
        {
            "segmentation": [
                [
                    1413.793103448276,
                    844.8275862068966,
                    1427.5862068965519,
                    870.6896551724138
                ]
            ],
            "iscrowd": 0,
            "area": 0.0,
            "image_id": 0,
            "bbox": [
                1413.0,
                844.0,
                14.0,
                26.0
            ],
            "category_id": 0,
            "id": 17
        },
        {
            "segmentation": [
                [
                    1470.689655172414,
                    870.6896551724138,
                    1487.9310344827588,
                    894.8275862068966
                ]
            ],
            "iscrowd": 0,
            "area": 0.0,
            "image_id": 0,
            "bbox": [
                1470.0,
                870.0,
                17.0,
                24.0
            ],
            "category_id": 0,
            "id": 18
        },
        {
            "segmentation": [
                [
                    1094.8275862068967,
                    912.0689655172414,
                    1113.793103448276,
                    937.9310344827587
                ]
            ],
            "iscrowd": 0,
            "area": 0.0,
            "image_id": 0,
            "bbox": [
                1094.0,
                912.0,
                19.0,
                25.0
            ],
            "category_id": 0,
            "id": 19
        },
        {
            "segmentation": [
                [
                    1158.6206896551726,
                    955.1724137931035,
                    1177.5862068965519,
                    984.4827586206898
                ]
            ],
            "iscrowd": 0,
            "area": 0.0,
            "image_id": 0,
            "bbox": [
                1158.0,
                955.0,
                19.0,
                29.0
            ],
            "category_id": 0,
            "id": 20
        },
        {
            "segmentation": [
                [
                    955.1724137931035,
                    1124.1379310344828,
                    986.2068965517242,
                    1160.344827586207
                ]
            ],
            "iscrowd": 0,
            "area": 0.0,
            "image_id": 0,
            "bbox": [
                955.0,
                1124.0,
                31.0,
                36.0
            ],
            "category_id": 0,
            "id": 21
        },
        {
            "segmentation": [
                [
                    934.4827586206898,
                    1475.8620689655174,
                    962.0689655172414,
                    1508.6206896551726
                ]
            ],
            "iscrowd": 0,
            "area": 0.0,
            "image_id": 0,
            "bbox": [
                934.0,
                1475.0,
                28.0,
                33.0
            ],
            "category_id": 0,
            "id": 22
        },
        {
            "segmentation": [
                [
                    1051.7241379310346,
                    1500.0,
                    1082.7586206896553,
                    1532.7586206896553
                ]
            ],
            "iscrowd": 0,
            "area": 0.0,
            "image_id": 0,
            "bbox": [
                1051.0,
                1500.0,
                31.0,
                32.0
            ],
            "category_id": 0,
            "id": 23
        },
        {
            "segmentation": [
                [
                    1013.7931034482759,
                    1596.5517241379312,
                    1041.3793103448277,
                    1622.4137931034484
                ]
            ],
            "iscrowd": 0,
            "area": 0.0,
            "image_id": 0,
            "bbox": [
                1013.0,
                1596.0,
                28.0,
                26.0
            ],
            "category_id": 0,
            "id": 24
        },
        {
            "segmentation": [
                [
                    1151.7241379310346,
                    1081.0344827586207,
                    1175.8620689655172,
                    1103.448275862069
                ]
            ],
            "iscrowd": 0,
            "area": 0.0,
            "image_id": 0,
            "bbox": [
                1151.0,
                1081.0,
                24.0,
                22.0
            ],
            "category_id": 0,
            "id": 25
        },
        {
            "segmentation": [
                [
                    1158.6206896551726,
                    1210.344827586207,
                    1184.4827586206898,
                    1234.4827586206898
                ]
            ],
            "iscrowd": 0,
            "area": 0.0,
            "image_id": 0,
            "bbox": [
                1158.0,
                1210.0,
                26.0,
                24.0
            ],
            "category_id": 0,
            "id": 26
        },
        {
            "segmentation": [
                [
                    1255.1724137931035,
                    984.4827586206898,
                    1272.4137931034484,
                    1006.896551724138
                ]
            ],
            "iscrowd": 0,
            "area": 0.0,
            "image_id": 0,
            "bbox": [
                1255.0,
                984.0,
                17.0,
                22.0
            ],
            "category_id": 0,
            "id": 27
        },
        {
            "segmentation": [
                [
                    1493.103448275862,
                    1001.7241379310345,
                    1517.2413793103449,
                    1031.0344827586207
                ]
            ],
            "iscrowd": 0,
            "area": 0.0,
            "image_id": 0,
            "bbox": [
                1493.0,
                1001.0,
                24.0,
                30.0
            ],
            "category_id": 0,
            "id": 28
        },
        {
            "segmentation": [
                [
                    1381.0344827586207,
                    1034.4827586206898,
                    1403.448275862069,
                    1056.896551724138
                ]
            ],
            "iscrowd": 0,
            "area": 0.0,
            "image_id": 0,
            "bbox": [
                1381.0,
                1034.0,
                22.0,
                22.0
            ],
            "category_id": 0,
            "id": 29
        },
        {
            "segmentation": [
                [
                    1250.0,
                    1150.0,
                    1272.4137931034484,
                    1174.1379310344828
                ]
            ],
            "iscrowd": 0,
            "area": 0.0,
            "image_id": 0,
            "bbox": [
                1250.0,
                1150.0,
                22.0,
                24.0
            ],
            "category_id": 0,
            "id": 30
        },
        {
            "segmentation": [
                [
                    1324.1379310344828,
                    1158.6206896551726,
                    1334.4827586206898,
                    1181.0344827586207
                ]
            ],
            "iscrowd": 0,
            "area": 0.0,
            "image_id": 0,
            "bbox": [
                1324.0,
                1158.0,
                10.0,
                23.0
            ],
            "category_id": 0,
            "id": 31
        },
        {
            "segmentation": [
                [
                    1322.4137931034484,
                    1127.5862068965519,
                    1343.103448275862,
                    1151.7241379310346
                ]
            ],
            "iscrowd": 0,
            "area": 0.0,
            "image_id": 0,
            "bbox": [
                1322.0,
                1127.0,
                21.0,
                24.0
            ],
            "category_id": 0,
            "id": 32
        },
        {
            "segmentation": [
                [
                    1396.5517241379312,
                    1210.344827586207,
                    1422.4137931034484,
                    1237.9310344827586
                ]
            ],
            "iscrowd": 0,
            "area": 0.0,
            "image_id": 0,
            "bbox": [
                1396.0,
                1210.0,
                26.0,
                27.0
            ],
            "category_id": 0,
            "id": 33
        },
        {
            "segmentation": [
                [
                    1439.6551724137933,
                    1196.5517241379312,
                    1460.344827586207,
                    1218.9655172413793
                ]
            ],
            "iscrowd": 0,
            "area": 0.0,
            "image_id": 0,
            "bbox": [
                1439.0,
                1196.0,
                21.0,
                22.0
            ],
            "category_id": 0,
            "id": 34
        },
        {
            "segmentation": [
                [
                    1382.7586206896553,
                    1479.3103448275863,
                    1401.7241379310346,
                    1517.2413793103449
                ]
            ],
            "iscrowd": 0,
            "area": 0.0,
            "image_id": 0,
            "bbox": [
                1382.0,
                1479.0,
                19.0,
                38.0
            ],
            "category_id": 0,
            "id": 35
        },
        {
            "segmentation": [
                [
                    1337.9310344827586,
                    1682.7586206896553,
                    1362.0689655172414,
                    1713.793103448276
                ]
            ],
            "iscrowd": 0,
            "area": 0.0,
            "image_id": 0,
            "bbox": [
                1337.0,
                1682.0,
                25.0,
                31.0
            ],
            "category_id": 0,
            "id": 36
        },
        {
            "segmentation": [
                [
                    1429.3103448275863,
                    1705.1724137931035,
                    1455.1724137931035,
                    1736.2068965517242
                ]
            ],
            "iscrowd": 0,
            "area": 0.0,
            "image_id": 0,
            "bbox": [
                1429.0,
                1705.0,
                26.0,
                31.0
            ],
            "category_id": 0,
            "id": 37
        },
        {
            "segmentation": [
                [
                    1606.8965517241381,
                    1439.6551724137933,
                    1627.5862068965519,
                    1470.689655172414
                ]
            ],
            "iscrowd": 0,
            "area": 0.0,
            "image_id": 0,
            "bbox": [
                1606.0,
                1439.0,
                21.0,
                31.0
            ],
            "category_id": 0,
            "id": 38
        },
        {
            "segmentation": [
                [
                    1563.793103448276,
                    1474.1379310344828,
                    1579.3103448275863,
                    1503.448275862069
                ]
            ],
            "iscrowd": 0,
            "area": 0.0,
            "image_id": 0,
            "bbox": [
                1563.0,
                1474.0,
                16.0,
                29.0
            ],
            "category_id": 0,
            "id": 39
        },
        {
            "segmentation": [
                [
                    1634.4827586206898,
                    1518.9655172413793,
                    1655.1724137931035,
                    1544.8275862068967
                ]
            ],
            "iscrowd": 0,
            "area": 0.0,
            "image_id": 0,
            "bbox": [
                1634.0,
                1518.0,
                21.0,
                26.0
            ],
            "category_id": 0,
            "id": 40
        },
        {
            "segmentation": [
                [
                    1572.4137931034484,
                    1598.2758620689656,
                    1587.9310344827588,
                    1625.8620689655174
                ]
            ],
            "iscrowd": 0,
            "area": 0.0,
            "image_id": 0,
            "bbox": [
                1572.0,
                1598.0,
                15.0,
                27.0
            ],
            "category_id": 0,
            "id": 41
        },
        {
            "segmentation": [
                [
                    1746.5517241379312,
                    1086.2068965517242,
                    1768.9655172413795,
                    1118.9655172413793
                ]
            ],
            "iscrowd": 0,
            "area": 0.0,
            "image_id": 0,
            "bbox": [
                1746.0,
                1086.0,
                22.0,
                32.0
            ],
            "category_id": 0,
            "id": 42
        },
        {
            "segmentation": [
                [
                    1755.1724137931035,
                    1253.448275862069,
                    1772.4137931034484,
                    1291.3793103448277
                ]
            ],
            "iscrowd": 0,
            "area": 0.0,
            "image_id": 0,
            "bbox": [
                1755.0,
                1253.0,
                17.0,
                38.0
            ],
            "category_id": 0,
            "id": 43
        },
        {
            "segmentation": [
                [
                    1941.3793103448277,
                    737.9310344827587,
                    1972.4137931034484,
                    770.6896551724138
                ]
            ],
            "iscrowd": 0,
            "area": 0.0,
            "image_id": 0,
            "bbox": [
                1941.0,
                737.0,
                31.0,
                33.0
            ],
            "category_id": 0,
            "id": 44
        },
        {
            "segmentation": [
                [
                    2022.4137931034484,
                    922.4137931034484,
                    2039.6551724137933,
                    950.0000000000001
                ]
            ],
            "iscrowd": 0,
            "area": 0.0,
            "image_id": 0,
            "bbox": [
                2022.0,
                922.0,
                17.0,
                28.0
            ],
            "category_id": 0,
            "id": 45
        },
        {
            "segmentation": [
                [
                    2005.1724137931035,
                    805.1724137931035,
                    2006.8965517241381,
                    813.7931034482759
                ]
            ],
            "iscrowd": 0,
            "area": 0.0,
            "image_id": 0,
            "bbox": [
                2005.0,
                805.0,
                1.0,
                8.0
            ],
            "category_id": 1,
            "id": 46
        },
        {
            "segmentation": [
                [
                    1681.0344827586207,
                    1258.6206896551726,
                    1684.4827586206898,
                    1267.2413793103449
                ]
            ],
            "iscrowd": 0,
            "area": 0.0,
            "image_id": 0,
            "bbox": [
                1681.0,
                1258.0,
                3.0,
                9.0
            ],
            "category_id": 1,
            "id": 47
        },
        {
            "segmentation": [
                [
                    1513.793103448276,
                    1427.5862068965519,
                    1517.2413793103449,
                    1434.4827586206898
                ]
            ],
            "iscrowd": 0,
            "area": 0.0,
            "image_id": 0,
            "bbox": [
                1513.0,
                1427.0,
                4.0,
                7.0
            ],
            "category_id": 1,
            "id": 48
        },
        {
            "segmentation": [
                [
                    1658.6206896551726,
                    1451.7241379310346,
                    1660.344827586207,
                    1458.6206896551726
                ]
            ],
            "iscrowd": 0,
            "area": 0.0,
            "image_id": 0,
            "bbox": [
                1658.0,
                1451.0,
                2.0,
                7.0
            ],
            "category_id": 1,
            "id": 49
        },
        {
            "segmentation": [
                [
                    886.2068965517242,
                    832.7586206896552,
                    886.2068965517242,
                    841.3793103448277
                ]
            ],
            "iscrowd": 0,
            "area": 0.0,
            "image_id": 0,
            "bbox": [
                886.0,
                832.0,
                0.0,
                9.0
            ],
            "category_id": 1,
            "id": 50
        }
    ]
}