{
    "images": [
        {
            "height": 2288,
            "width": 2376,
            "id": 0,
            "file_name": "CP5_1_gray_6_colour.png"
        }
    ],
    "categories": [
        {
            "supercategory": "g",
            "id": 0,
            "name": "g"
        },
        {
            "supercategory": "p",
            "id": 1,
            "name": "p"
        }
    ],
    "annotations": [
        {
            "segmentation": [
                [
                    1087.9310344827586,
                    300.0,
                    1103.448275862069,
                    322.4137931034483
                ]
            ],
            "iscrowd": 0,
            "area": 0.0,
            "image_id": 0,
            "bbox": [
                1087.0,
                300.0,
                16.0,
                22.0
            ],
            "category_id": 0,
            "id": 1
        },
        {
            "segmentation": [
                [
                    967.2413793103449,
                    593.1034482758621,
                    977.5862068965517,
                    608.6206896551724
                ]
            ],
            "iscrowd": 0,
            "area": 0.0,
            "image_id": 0,
            "bbox": [
                967.0,
                593.0,
                10.0,
                15.0
            ],
            "category_id": 0,
            "id": 2
        },
        {
            "segmentation": [
                [
                    605.1724137931035,
                    760.344827586207,
                    620.6896551724138,
                    779.3103448275863
                ]
            ],
            "iscrowd": 0,
            "area": 0.0,
            "image_id": 0,
            "bbox": [
                605.0,
                760.0,
                15.0,
                19.0
            ],
            "category_id": 0,
            "id": 3
        },
        {
            "segmentation": [
                [
                    672.4137931034484,
                    908.6206896551724,
                    682.7586206896552,
                    924.1379310344828
                ]
            ],
            "iscrowd": 0,
            "area": 0.0,
            "image_id": 0,
            "bbox": [
                672.0,
                908.0,
                10.0,
                16.0
            ],
            "category_id": 0,
            "id": 4
        },
        {
            "segmentation": [
                [
                    677.5862068965517,
                    951.7241379310345,
                    682.7586206896552,
                    968.9655172413794
                ]
            ],
            "iscrowd": 0,
            "area": 0.0,
            "image_id": 0,
            "bbox": [
                677.0,
                951.0,
                5.0,
                17.0
            ],
            "category_id": 0,
            "id": 5
        },
        {
            "segmentation": [
                [
                    1082.7586206896553,
                    881.0344827586207,
                    1089.6551724137933,
                    896.551724137931
                ]
            ],
            "iscrowd": 0,
            "area": 0.0,
            "image_id": 0,
            "bbox": [
                1082.0,
                881.0,
                7.0,
                15.0
            ],
            "category_id": 0,
            "id": 6
        },
        {
            "segmentation": [
                [
                    863.7931034482759,
                    1156.896551724138,
                    872.4137931034484,
                    1181.0344827586207
                ]
            ],
            "iscrowd": 0,
            "area": 0.0,
            "image_id": 0,
            "bbox": [
                863.0,
                1156.0,
                9.0,
                25.0
            ],
            "category_id": 0,
            "id": 7
        },
        {
            "segmentation": [
                [
                    1431.0344827586207,
                    468.96551724137936,
                    1446.5517241379312,
                    487.93103448275866
                ]
            ],
            "iscrowd": 0,
            "area": 0.0,
            "image_id": 0,
            "bbox": [
                1431.0,
                468.0,
                15.0,
                19.0
            ],
            "category_id": 0,
            "id": 8
        },
        {
            "segmentation": [
                [
                    1553.448275862069,
                    424.1379310344828,
                    1562.0689655172414,
                    444.82758620689657
                ]
            ],
            "iscrowd": 0,
            "area": 0.0,
            "image_id": 0,
            "bbox": [
                1553.0,
                424.0,
                9.0,
                20.0
            ],
            "category_id": 0,
            "id": 9
        },
        {
            "segmentation": [
                [
                    1532.7586206896553,
                    1024.1379310344828,
                    1546.5517241379312,
                    1039.6551724137933
                ]
            ],
            "iscrowd": 0,
            "area": 0.0,
            "image_id": 0,
            "bbox": [
                1532.0,
                1024.0,
                14.0,
                15.0
            ],
            "category_id": 0,
            "id": 10
        },
        {
            "segmentation": [
                [
                    1801.7241379310346,
                    1246.5517241379312,
                    1822.4137931034484,
                    1274.1379310344828
                ]
            ],
            "iscrowd": 0,
            "area": 0.0,
            "image_id": 0,
            "bbox": [
                1801.0,
                1246.0,
                21.0,
                28.0
            ],
            "category_id": 0,
            "id": 11
        },
        {
            "segmentation": [
                [
                    648.2758620689656,
                    1465.5172413793105,
                    655.1724137931035,
                    1484.4827586206898
                ]
            ],
            "iscrowd": 0,
            "area": 0.0,
            "image_id": 0,
            "bbox": [
                648.0,
                1465.0,
                7.0,
                19.0
            ],
            "category_id": 0,
            "id": 12
        },
        {
            "segmentation": [
                [
                    841.3793103448277,
                    1834.4827586206898,
                    850.0000000000001,
                    1848.2758620689656
                ]
            ],
            "iscrowd": 0,
            "area": 0.0,
            "image_id": 0,
            "bbox": [
                841.0,
                1834.0,
                9.0,
                14.0
            ],
            "category_id": 0,
            "id": 13
        },
        {
            "segmentation": [
                [
                    1062.0689655172414,
                    2006.8965517241381,
                    1079.3103448275863,
                    2027.5862068965519
                ]
            ],
            "iscrowd": 0,
            "area": 0.0,
            "image_id": 0,
            "bbox": [
                1062.0,
                2006.0,
                17.0,
                21.0
            ],
            "category_id": 0,
            "id": 14
        },
        {
            "segmentation": [
                [
                    667.2413793103449,
                    439.65517241379314,
                    668.9655172413793,
                    444.82758620689657
                ]
            ],
            "iscrowd": 0,
            "area": 0.0,
            "image_id": 0,
            "bbox": [
                667.0,
                439.0,
                1.0,
                5.0
            ],
            "category_id": 1,
            "id": 15
        },
        {
            "segmentation": [
                [
                    1493.103448275862,
                    660.344827586207,
                    1498.2758620689656,
                    670.6896551724138
                ]
            ],
            "iscrowd": 0,
            "area": 0.0,
            "image_id": 0,
            "bbox": [
                1493.0,
                660.0,
                5.0,
                10.0
            ],
            "category_id": 1,
            "id": 16
        },
        {
            "segmentation": [
                [
                    1339.6551724137933,
                    836.2068965517242,
                    1346.5517241379312,
                    844.8275862068966
                ]
            ],
            "iscrowd": 0,
            "area": 0.0,
            "image_id": 0,
            "bbox": [
                1339.0,
                836.0,
                7.0,
                8.0
            ],
            "category_id": 1,
            "id": 17
        },
        {
            "segmentation": [
                [
                    1450.0,
                    874.1379310344828,
                    1453.448275862069,
                    879.3103448275863
                ]
            ],
            "iscrowd": 0,
            "area": 0.0,
            "image_id": 0,
            "bbox": [
                1450.0,
                874.0,
                3.0,
                5.0
            ],
            "category_id": 1,
            "id": 18
        },
        {
            "segmentation": [
                [
                    1107.246376811594,
                    1107.246376811594,
                    1113.0434782608695,
                    1115.9420289855072
                ]
            ],
            "iscrowd": 0,
            "area": 0.0,
            "image_id": 0,
            "bbox": [
                1107.0,
                1107.0,
                6.0,
                8.0
            ],
            "category_id": 1,
            "id": 19
        },
        {
            "segmentation": [
                [
                    1205.7971014492753,
                    1221.7391304347825,
                    1214.4927536231883,
                    1230.4347826086955
                ]
            ],
            "iscrowd": 0,
            "area": 0.0,
            "image_id": 0,
            "bbox": [
                1205.0,
                1221.0,
                9.0,
                9.0
            ],
            "category_id": 1,
            "id": 20
        },
        {
            "segmentation": [
                [
                    1302.8985507246375,
                    1294.2028985507245,
                    1305.7971014492753,
                    1300.0
                ]
            ],
            "iscrowd": 0,
            "area": 0.0,
            "image_id": 0,
            "bbox": [
                1302.0,
                1294.0,
                3.0,
                6.0
            ],
            "category_id": 1,
            "id": 21
        },
        {
            "segmentation": [
                [
                    1378.2608695652173,
                    1457.9710144927535,
                    1379.710144927536,
                    1468.1159420289853
                ]
            ],
            "iscrowd": 0,
            "area": 0.0,
            "image_id": 0,
            "bbox": [
                1378.0,
                1457.0,
                1.0,
                11.0
            ],
            "category_id": 1,
            "id": 22
        },
        {
            "segmentation": [
                [
                    1465.2173913043478,
                    1034.782608695652,
                    1466.6666666666665,
                    1039.1304347826085
                ]
            ],
            "iscrowd": 0,
            "area": 0.0,
            "image_id": 0,
            "bbox": [
                1465.0,
                1034.0,
                1.0,
                5.0
            ],
            "category_id": 1,
            "id": 23
        },
        {
            "segmentation": [
                [
                    1673.9130434782608,
                    1401.4492753623188,
                    1681.159420289855,
                    1410.1449275362318
                ]
            ],
            "iscrowd": 0,
            "area": 0.0,
            "image_id": 0,
            "bbox": [
                1673.0,
                1401.0,
                8.0,
                9.0
            ],
            "category_id": 1,
            "id": 24
        },
        {
            "segmentation": [
                [
                    1702.8985507246375,
                    1279.710144927536,
                    1707.246376811594,
                    1289.855072463768
                ]
            ],
            "iscrowd": 0,
            "area": 0.0,
            "image_id": 0,
            "bbox": [
                1702.0,
                1279.0,
                5.0,
                10.0
            ],
            "category_id": 1,
            "id": 25
        },
        {
            "segmentation": [
                [
                    1053.623188405797,
                    1823.1884057971013,
                    1055.0724637681158,
                    1834.782608695652
                ]
            ],
            "iscrowd": 0,
            "area": 0.0,
            "image_id": 0,
            "bbox": [
                1053.0,
                1823.0,
                2.0,
                11.0
            ],
            "category_id": 1,
            "id": 26
        },
        {
            "segmentation": [
                [
                    894.2028985507245,
                    1966.6666666666665,
                    898.5507246376811,
                    1971.014492753623
                ]
            ],
            "iscrowd": 0,
            "area": 0.0,
            "image_id": 0,
            "bbox": [
                894.0,
                1966.0,
                4.0,
                5.0
            ],
            "category_id": 1,
            "id": 27
        },
        {
            "segmentation": [
                [
                    1397.1014492753623,
                    1886.9565217391303,
                    1401.4492753623188,
                    1894.2028985507245
                ]
            ],
            "iscrowd": 0,
            "area": 0.0,
            "image_id": 0,
            "bbox": [
                1397.0,
                1886.0,
                4.0,
                8.0
            ],
            "category_id": 1,
            "id": 28
        },
        {
            "segmentation": [
                [
                    556.5217391304348,
                    1249.2753623188405,
                    560.8695652173913,
                    1256.5217391304348
                ]
            ],
            "iscrowd": 0,
            "area": 0.0,
            "image_id": 0,
            "bbox": [
                556.0,
                1249.0,
                4.0,
                7.0
            ],
            "category_id": 1,
            "id": 29
        },
        {
            "segmentation": [
                [
                    1933.3333333333333,
                    768.1159420289854,
                    1936.2318840579708,
                    772.463768115942
                ]
            ],
            "iscrowd": 0,
            "area": 0.0,
            "image_id": 0,
            "bbox": [
                1933.0,
                768.0,
                3.0,
                4.0
            ],
            "category_id": 1,
            "id": 30
        },
        {
            "segmentation": [
                [
                    1556.5217391304348,
                    1055.0724637681158,
                    1560.8695652173913,
                    1062.31884057971
                ]
            ],
            "iscrowd": 0,
            "area": 0.0,
            "image_id": 0,
            "bbox": [
                1556.0,
                1055.0,
                4.0,
                7.0
            ],
            "category_id": 1,
            "id": 31
        }
    ]
}