{
    "images": [
        {
            "height": 2288,
            "width": 2376,
            "id": 0,
            "file_name": "CP5_2_gray_5.png"
        }
    ],
    "categories": [
        {
            "supercategory": "g",
            "id": 0,
            "name": "g"
        },
        {
            "supercategory": "p",
            "id": 1,
            "name": "p"
        }
    ],
    "annotations": [
        {
            "segmentation": [
                [
                    581.132075471698,
                    779.2452830188679,
                    592.4528301886792,
                    798.1132075471697
                ]
            ],
            "iscrowd": 0,
            "area": 0.0,
            "image_id": 0,
            "bbox": [
                581.0,
                779.0,
                11.0,
                19.0
            ],
            "category_id": 0,
            "id": 1
        },
        {
            "segmentation": [
                [
                    1222.6415094339623,
                    1083.0188679245282,
                    1235.8490566037735,
                    1100.0
                ]
            ],
            "iscrowd": 0,
            "area": 0.0,
            "image_id": 0,
            "bbox": [
                1222.0,
                1083.0,
                13.0,
                17.0
            ],
            "category_id": 0,
            "id": 2
        },
        {
            "segmentation": [
                [
                    1435.8490566037735,
                    1060.377358490566,
                    1447.1698113207547,
                    1075.4716981132076
                ]
            ],
            "iscrowd": 0,
            "area": 0.0,
            "image_id": 0,
            "bbox": [
                1435.0,
                1060.0,
                12.0,
                15.0
            ],
            "category_id": 0,
            "id": 3
        },
        {
            "segmentation": [
                [
                    1835.8490566037735,
                    1426.4150943396226,
                    1847.1698113207547,
                    1445.2830188679245
                ]
            ],
            "iscrowd": 0,
            "area": 0.0,
            "image_id": 0,
            "bbox": [
                1835.0,
                1426.0,
                12.0,
                19.0
            ],
            "category_id": 0,
            "id": 4
        },
        {
            "segmentation": [
                [
                    1686.7924528301885,
                    1571.698113207547,
                    1698.1132075471696,
                    1590.566037735849
                ]
            ],
            "iscrowd": 0,
            "area": 0.0,
            "image_id": 0,
            "bbox": [
                1686.0,
                1571.0,
                12.0,
                19.0
            ],
            "category_id": 0,
            "id": 5
        },
        {
            "segmentation": [
                [
                    1656.6037735849056,
                    1724.5283018867924,
                    1669.811320754717,
                    1743.3962264150944
                ]
            ],
            "iscrowd": 0,
            "area": 0.0,
            "image_id": 0,
            "bbox": [
                1656.0,
                1724.0,
                13.0,
                19.0
            ],
            "category_id": 0,
            "id": 6
        },
        {
            "segmentation": [
                [
                    1633.9622641509434,
                    1894.3396226415093,
                    1645.2830188679245,
                    1916.9811320754716
                ]
            ],
            "iscrowd": 0,
            "area": 0.0,
            "image_id": 0,
            "bbox": [
                1633.0,
                1894.0,
                12.0,
                22.0
            ],
            "category_id": 0,
            "id": 7
        },
        {
            "segmentation": [
                [
                    2115.094339622641,
                    1347.1698113207547,
                    2130.188679245283,
                    1367.9245283018868
                ]
            ],
            "iscrowd": 0,
            "area": 0.0,
            "image_id": 0,
            "bbox": [
                2115.0,
                1347.0,
                15.0,
                20.0
            ],
            "category_id": 0,
            "id": 8
        },
        {
            "segmentation": [
                [
                    2098.1132075471696,
                    1500.0,
                    2103.7735849056603,
                    1515.0943396226414
                ]
            ],
            "iscrowd": 0,
            "area": 0.0,
            "image_id": 0,
            "bbox": [
                2098.0,
                1500.0,
                5.0,
                15.0
            ],
            "category_id": 0,
            "id": 9
        },
        {
            "segmentation": [
                [
                    923.8095238095239,
                    1026.984126984127,
                    928.5714285714286,
                    1031.7460317460318
                ]
            ],
            "iscrowd": 0,
            "area": 0.0,
            "image_id": 0,
            "bbox": [
                923.0,
                1026.0,
                5.0,
                5.0
            ],
            "category_id": 1,
            "id": 10
        },
        {
            "segmentation": [
                [
                    1261.904761904762,
                    917.4603174603175,
                    1265.079365079365,
                    923.8095238095239
                ]
            ],
            "iscrowd": 0,
            "area": 0.0,
            "image_id": 0,
            "bbox": [
                1261.0,
                917.0,
                4.0,
                6.0
            ],
            "category_id": 1,
            "id": 11
        },
        {
            "segmentation": [
                [
                    1665.079365079365,
                    1023.8095238095239,
                    1665.079365079365,
                    1030.1587301587301
                ]
            ],
            "iscrowd": 0,
            "area": 0.0,
            "image_id": 0,
            "bbox": [
                1665.0,
                1023.0,
                0.0,
                7.0
            ],
            "category_id": 1,
            "id": 12
        },
        {
            "segmentation": [
                [
                    1933.3333333333333,
                    931.7460317460317,
                    1934.920634920635,
                    939.6825396825396
                ]
            ],
            "iscrowd": 0,
            "area": 0.0,
            "image_id": 0,
            "bbox": [
                1933.0,
                931.0,
                1.0,
                8.0
            ],
            "category_id": 1,
            "id": 13
        },
        {
            "segmentation": [
                [
                    1950.7936507936508,
                    936.5079365079365,
                    1957.142857142857,
                    944.4444444444445
                ]
            ],
            "iscrowd": 0,
            "area": 0.0,
            "image_id": 0,
            "bbox": [
                1950.0,
                936.0,
                7.0,
                8.0
            ],
            "category_id": 1,
            "id": 14
        },
        {
            "segmentation": [
                [
                    1853.968253968254,
                    1368.2539682539682,
                    1857.142857142857,
                    1374.6031746031747
                ]
            ],
            "iscrowd": 0,
            "area": 0.0,
            "image_id": 0,
            "bbox": [
                1853.0,
                1368.0,
                4.0,
                6.0
            ],
            "category_id": 1,
            "id": 15
        },
        {
            "segmentation": [
                [
                    2128.5714285714284,
                    1184.126984126984,
                    2133.3333333333335,
                    1193.6507936507937
                ]
            ],
            "iscrowd": 0,
            "area": 0.0,
            "image_id": 0,
            "bbox": [
                2128.0,
                1184.0,
                5.0,
                9.0
            ],
            "category_id": 1,
            "id": 16
        },
        {
            "segmentation": [
                [
                    2128.5714285714284,
                    1255.5555555555557,
                    2131.746031746032,
                    1258.7301587301588
                ]
            ],
            "iscrowd": 0,
            "area": 0.0,
            "image_id": 0,
            "bbox": [
                2128.0,
                1255.0,
                3.0,
                3.0
            ],
            "category_id": 1,
            "id": 17
        },
        {
            "segmentation": [
                [
                    2126.9841269841268,
                    1274.6031746031747,
                    2126.9841269841268,
                    1277.7777777777778
                ]
            ],
            "iscrowd": 0,
            "area": 0.0,
            "image_id": 0,
            "bbox": [
                2126.0,
                1274.0,
                0.0,
                3.0
            ],
            "category_id": 1,
            "id": 18
        },
        {
            "segmentation": [
                [
                    1992.063492063492,
                    1458.7301587301588,
                    1998.4126984126983,
                    1465.079365079365
                ]
            ],
            "iscrowd": 0,
            "area": 0.0,
            "image_id": 0,
            "bbox": [
                1992.0,
                1458.0,
                6.0,
                7.0
            ],
            "category_id": 1,
            "id": 19
        },
        {
            "segmentation": [
                [
                    1515.873015873016,
                    1660.3174603174602,
                    1519.047619047619,
                    1665.079365079365
                ]
            ],
            "iscrowd": 0,
            "area": 0.0,
            "image_id": 0,
            "bbox": [
                1515.0,
                1660.0,
                4.0,
                5.0
            ],
            "category_id": 1,
            "id": 20
        },
        {
            "segmentation": [
                [
                    2039.6825396825398,
                    1609.5238095238094,
                    2041.2698412698412,
                    1615.873015873016
                ]
            ],
            "iscrowd": 0,
            "area": 0.0,
            "image_id": 0,
            "bbox": [
                2039.0,
                1609.0,
                2.0,
                6.0
            ],
            "category_id": 1,
            "id": 21
        },
        {
            "segmentation": [
                [
                    1677.7777777777778,
                    371.42857142857144,
                    1677.7777777777778,
                    374.6031746031746
                ]
            ],
            "iscrowd": 0,
            "area": 0.0,
            "image_id": 0,
            "bbox": [
                1677.0,
                371.0,
                0.0,
                3.0
            ],
            "category_id": 1,
            "id": 22
        },
        {
            "segmentation": [
                [
                    1726.984126984127,
                    444.44444444444446,
                    1731.7460317460318,
                    455.55555555555554
                ]
            ],
            "iscrowd": 0,
            "area": 0.0,
            "image_id": 0,
            "bbox": [
                1726.0,
                444.0,
                5.0,
                11.0
            ],
            "category_id": 0,
            "id": 23
        },
        {
            "segmentation": [
                [
                    1884.126984126984,
                    1815.873015873016,
                    1895.2380952380952,
                    1830.1587301587301
                ]
            ],
            "iscrowd": 0,
            "area": 0.0,
            "image_id": 0,
            "bbox": [
                1884.0,
                1815.0,
                11.0,
                15.0
            ],
            "category_id": 0,
            "id": 24
        },
        {
            "segmentation": [
                [
                    1936.5079365079364,
                    1776.1904761904761,
                    1947.6190476190477,
                    1792.063492063492
                ]
            ],
            "iscrowd": 0,
            "area": 0.0,
            "image_id": 0,
            "bbox": [
                1936.0,
                1776.0,
                11.0,
                16.0
            ],
            "category_id": 0,
            "id": 25
        }
    ]
}