{
    "images": [
        {
            "height": 2288,
            "width": 2376,
            "id": 0,
            "file_name": "MP3_1_gray_3_colour.png"
        }
    ],
    "categories": [
        {
            "supercategory": "g",
            "id": 0,
            "name": "g"
        },
        {
            "supercategory": "p",
            "id": 1,
            "name": "p"
        }
    ],
    "annotations": [
        {
            "segmentation": [
                [
                    1379.3103448275863,
                    413.7931034482759,
                    1387.9310344827586,
                    446.55172413793105
                ]
            ],
            "iscrowd": 0,
            "area": 0.0,
            "image_id": 0,
            "bbox": [
                1379.0,
                413.0,
                8.0,
                33.0
            ],
            "category_id": 0,
            "id": 1
        },
        {
            "segmentation": [
                [
                    1496.5517241379312,
                    608.6206896551724,
                    1513.793103448276,
                    627.5862068965517
                ]
            ],
            "iscrowd": 0,
            "area": 0.0,
            "image_id": 0,
            "bbox": [
                1496.0,
                608.0,
                17.0,
                19.0
            ],
            "category_id": 0,
            "id": 2
        },
        {
            "segmentation": [
                [
                    1541.3793103448277,
                    531.0344827586207,
                    1556.8965517241381,
                    558.6206896551724
                ]
            ],
            "iscrowd": 0,
            "area": 0.0,
            "image_id": 0,
            "bbox": [
                1541.0,
                531.0,
                15.0,
                27.0
            ],
            "category_id": 0,
            "id": 3
        },
        {
            "segmentation": [
                [
                    1648.2758620689656,
                    515.5172413793103,
                    1656.8965517241381,
                    543.1034482758621
                ]
            ],
            "iscrowd": 0,
            "area": 0.0,
            "image_id": 0,
            "bbox": [
                1648.0,
                515.0,
                8.0,
                28.0
            ],
            "category_id": 0,
            "id": 4
        },
        {
            "segmentation": [
                [
                    1618.9655172413795,
                    589.6551724137931,
                    1631.0344827586207,
                    617.2413793103449
                ]
            ],
            "iscrowd": 0,
            "area": 0.0,
            "image_id": 0,
            "bbox": [
                1618.0,
                589.0,
                13.0,
                28.0
            ],
            "category_id": 0,
            "id": 5
        },
        {
            "segmentation": [
                [
                    1812.0689655172414,
                    610.344827586207,
                    1836.2068965517242,
                    646.551724137931
                ]
            ],
            "iscrowd": 0,
            "area": 0.0,
            "image_id": 0,
            "bbox": [
                1812.0,
                610.0,
                24.0,
                36.0
            ],
            "category_id": 0,
            "id": 6
        },
        {
            "segmentation": [
                [
                    1475.8620689655174,
                    825.8620689655173,
                    1486.2068965517242,
                    855.1724137931035
                ]
            ],
            "iscrowd": 0,
            "area": 0.0,
            "image_id": 0,
            "bbox": [
                1475.0,
                825.0,
                11.0,
                30.0
            ],
            "category_id": 0,
            "id": 7
        },
        {
            "segmentation": [
                [
                    1513.793103448276,
                    796.551724137931,
                    1529.3103448275863,
                    815.5172413793103
                ]
            ],
            "iscrowd": 0,
            "area": 0.0,
            "image_id": 0,
            "bbox": [
                1513.0,
                796.0,
                16.0,
                19.0
            ],
            "category_id": 0,
            "id": 8
        },
        {
            "segmentation": [
                [
                    1801.7241379310346,
                    703.4482758620691,
                    1818.9655172413795,
                    722.4137931034484
                ]
            ],
            "iscrowd": 0,
            "area": 0.0,
            "image_id": 0,
            "bbox": [
                1801.0,
                703.0,
                17.0,
                19.0
            ],
            "category_id": 0,
            "id": 9
        },
        {
            "segmentation": [
                [
                    1808.6206896551726,
                    668.9655172413793,
                    1820.689655172414,
                    691.3793103448277
                ]
            ],
            "iscrowd": 0,
            "area": 0.0,
            "image_id": 0,
            "bbox": [
                1808.0,
                668.0,
                12.0,
                23.0
            ],
            "category_id": 0,
            "id": 10
        },
        {
            "segmentation": [
                [
                    1865.5172413793105,
                    781.0344827586207,
                    1882.7586206896553,
                    803.4482758620691
                ]
            ],
            "iscrowd": 0,
            "area": 0.0,
            "image_id": 0,
            "bbox": [
                1865.0,
                781.0,
                17.0,
                22.0
            ],
            "category_id": 0,
            "id": 11
        },
        {
            "segmentation": [
                [
                    1924.1379310344828,
                    777.5862068965517,
                    1937.9310344827588,
                    803.4482758620691
                ]
            ],
            "iscrowd": 0,
            "area": 0.0,
            "image_id": 0,
            "bbox": [
                1924.0,
                777.0,
                13.0,
                26.0
            ],
            "category_id": 0,
            "id": 12
        },
        {
            "segmentation": [
                [
                    1948.2758620689656,
                    893.1034482758621,
                    1963.793103448276,
                    920.6896551724138
                ]
            ],
            "iscrowd": 0,
            "area": 0.0,
            "image_id": 0,
            "bbox": [
                1948.0,
                893.0,
                15.0,
                27.0
            ],
            "category_id": 0,
            "id": 13
        },
        {
            "segmentation": [
                [
                    1943.103448275862,
                    915.5172413793105,
                    1956.8965517241381,
                    943.1034482758621
                ]
            ],
            "iscrowd": 0,
            "area": 0.0,
            "image_id": 0,
            "bbox": [
                1943.0,
                915.0,
                13.0,
                28.0
            ],
            "category_id": 0,
            "id": 14
        },
        {
            "segmentation": [
                [
                    1150.0,
                    1129.3103448275863,
                    1168.9655172413793,
                    1155.1724137931035
                ]
            ],
            "iscrowd": 0,
            "area": 0.0,
            "image_id": 0,
            "bbox": [
                1150.0,
                1129.0,
                18.0,
                26.0
            ],
            "category_id": 0,
            "id": 15
        },
        {
            "segmentation": [
                [
                    572.4137931034484,
                    1201.7241379310346,
                    589.6551724137931,
                    1213.793103448276
                ]
            ],
            "iscrowd": 0,
            "area": 0.0,
            "image_id": 0,
            "bbox": [
                572.0,
                1201.0,
                17.0,
                12.0
            ],
            "category_id": 0,
            "id": 16
        },
        {
            "segmentation": [
                [
                    574.1379310344828,
                    1324.1379310344828,
                    591.3793103448277,
                    1346.5517241379312
                ]
            ],
            "iscrowd": 0,
            "area": 0.0,
            "image_id": 0,
            "bbox": [
                574.0,
                1324.0,
                17.0,
                22.0
            ],
            "category_id": 0,
            "id": 17
        },
        {
            "segmentation": [
                [
                    1653.448275862069,
                    1543.103448275862,
                    1674.1379310344828,
                    1568.9655172413795
                ]
            ],
            "iscrowd": 0,
            "area": 0.0,
            "image_id": 0,
            "bbox": [
                1653.0,
                1543.0,
                21.0,
                25.0
            ],
            "category_id": 0,
            "id": 18
        },
        {
            "segmentation": [
                [
                    1846.5517241379312,
                    1536.2068965517242,
                    1868.9655172413795,
                    1560.344827586207
                ]
            ],
            "iscrowd": 0,
            "area": 0.0,
            "image_id": 0,
            "bbox": [
                1846.0,
                1536.0,
                22.0,
                24.0
            ],
            "category_id": 0,
            "id": 19
        },
        {
            "segmentation": [
                [
                    1812.0689655172414,
                    863.7931034482759,
                    1815.5172413793105,
                    875.8620689655173
                ]
            ],
            "iscrowd": 0,
            "area": 0.0,
            "image_id": 0,
            "bbox": [
                1812.0,
                863.0,
                3.0,
                12.0
            ],
            "category_id": 1,
            "id": 20
        }
    ]
}