{
    "images": [
        {
            "height": 2288,
            "width": 2376,
            "id": 0,
            "file_name": "MP3_1_gray_4_colour.png"
        }
    ],
    "categories": [
        {
            "supercategory": "g",
            "id": 0,
            "name": "g"
        },
        {
            "supercategory": "p",
            "id": 1,
            "name": "p"
        }
    ],
    "annotations": [
        {
            "segmentation": [
                [
                    1494.3396226415093,
                    343.3962264150943,
                    1501.8867924528302,
                    371.6981132075471
                ]
            ],
            "iscrowd": 0,
            "area": 0.0,
            "image_id": 0,
            "bbox": [
                1494.0,
                343.0,
                7.0,
                28.0
            ],
            "category_id": 0,
            "id": 1
        },
        {
            "segmentation": [
                [
                    1373.5849056603772,
                    507.5471698113207,
                    1388.6792452830189,
                    533.9622641509434
                ]
            ],
            "iscrowd": 0,
            "area": 0.0,
            "image_id": 0,
            "bbox": [
                1373.0,
                507.0,
                15.0,
                26.0
            ],
            "category_id": 0,
            "id": 2
        },
        {
            "segmentation": [
                [
                    1553.448275862069,
                    448.2758620689655,
                    1563.793103448276,
                    472.4137931034483
                ]
            ],
            "iscrowd": 0,
            "area": 0.0,
            "image_id": 0,
            "bbox": [
                1553.0,
                448.0,
                10.0,
                24.0
            ],
            "category_id": 0,
            "id": 3
        },
        {
            "segmentation": [
                [
                    1548.2758620689656,
                    477.58620689655174,
                    1562.0689655172414,
                    494.82758620689657
                ]
            ],
            "iscrowd": 0,
            "area": 0.0,
            "image_id": 0,
            "bbox": [
                1548.0,
                477.0,
                14.0,
                17.0
            ],
            "category_id": 0,
            "id": 4
        },
        {
            "segmentation": [
                [
                    1551.7241379310346,
                    524.1379310344828,
                    1560.344827586207,
                    544.8275862068966
                ]
            ],
            "iscrowd": 0,
            "area": 0.0,
            "image_id": 0,
            "bbox": [
                1551.0,
                524.0,
                9.0,
                20.0
            ],
            "category_id": 0,
            "id": 5
        },
        {
            "segmentation": [
                [
                    1600.0,
                    541.3793103448277,
                    1615.5172413793105,
                    562.0689655172414
                ]
            ],
            "iscrowd": 0,
            "area": 0.0,
            "image_id": 0,
            "bbox": [
                1600.0,
                541.0,
                15.0,
                21.0
            ],
            "category_id": 0,
            "id": 6
        },
        {
            "segmentation": [
                [
                    1486.2068965517242,
                    562.0689655172414,
                    1500.0,
                    582.7586206896552
                ]
            ],
            "iscrowd": 0,
            "area": 0.0,
            "image_id": 0,
            "bbox": [
                1486.0,
                562.0,
                14.0,
                20.0
            ],
            "category_id": 0,
            "id": 7
        },
        {
            "segmentation": [
                [
                    1822.4137931034484,
                    639.6551724137931,
                    1843.103448275862,
                    667.2413793103449
                ]
            ],
            "iscrowd": 0,
            "area": 0.0,
            "image_id": 0,
            "bbox": [
                1822.0,
                639.0,
                21.0,
                28.0
            ],
            "category_id": 0,
            "id": 8
        },
        {
            "segmentation": [
                [
                    1529.3103448275863,
                    803.4482758620691,
                    1550.0,
                    825.8620689655173
                ]
            ],
            "iscrowd": 0,
            "area": 0.0,
            "image_id": 0,
            "bbox": [
                1529.0,
                803.0,
                21.0,
                22.0
            ],
            "category_id": 0,
            "id": 9
        },
        {
            "segmentation": [
                [
                    1113.793103448276,
                    782.7586206896552,
                    1132.7586206896553,
                    796.551724137931
                ]
            ],
            "iscrowd": 0,
            "area": 0.0,
            "image_id": 0,
            "bbox": [
                1113.0,
                782.0,
                19.0,
                14.0
            ],
            "category_id": 0,
            "id": 10
        },
        {
            "segmentation": [
                [
                    612.0689655172414,
                    1582.7586206896553,
                    627.5862068965517,
                    1605.1724137931035
                ]
            ],
            "iscrowd": 0,
            "area": 0.0,
            "image_id": 0,
            "bbox": [
                612.0,
                1582.0,
                15.0,
                23.0
            ],
            "category_id": 0,
            "id": 11
        },
        {
            "segmentation": [
                [
                    837.9310344827587,
                    1389.6551724137933,
                    853.4482758620691,
                    1413.793103448276
                ]
            ],
            "iscrowd": 0,
            "area": 0.0,
            "image_id": 0,
            "bbox": [
                837.0,
                1389.0,
                16.0,
                24.0
            ],
            "category_id": 0,
            "id": 12
        },
        {
            "segmentation": [
                [
                    1082.7586206896553,
                    1494.8275862068967,
                    1093.103448275862,
                    1518.9655172413793
                ]
            ],
            "iscrowd": 0,
            "area": 0.0,
            "image_id": 0,
            "bbox": [
                1082.0,
                1494.0,
                11.0,
                24.0
            ],
            "category_id": 0,
            "id": 13
        },
        {
            "segmentation": [
                [
                    1248.2758620689656,
                    1286.2068965517242,
                    1263.793103448276,
                    1312.0689655172414
                ]
            ],
            "iscrowd": 0,
            "area": 0.0,
            "image_id": 0,
            "bbox": [
                1248.0,
                1286.0,
                15.0,
                26.0
            ],
            "category_id": 0,
            "id": 14
        },
        {
            "segmentation": [
                [
                    1272.4137931034484,
                    1237.9310344827586,
                    1284.4827586206898,
                    1253.448275862069
                ]
            ],
            "iscrowd": 0,
            "area": 0.0,
            "image_id": 0,
            "bbox": [
                1272.0,
                1237.0,
                12.0,
                16.0
            ],
            "category_id": 0,
            "id": 15
        },
        {
            "segmentation": [
                [
                    1555.1724137931035,
                    758.6206896551724,
                    1562.0689655172414,
                    768.9655172413794
                ]
            ],
            "iscrowd": 0,
            "area": 0.0,
            "image_id": 0,
            "bbox": [
                1555.0,
                758.0,
                7.0,
                10.0
            ],
            "category_id": 1,
            "id": 16
        },
        {
            "segmentation": [
                [
                    1150.0,
                    856.896551724138,
                    1155.1724137931035,
                    865.5172413793103
                ]
            ],
            "iscrowd": 0,
            "area": 0.0,
            "image_id": 0,
            "bbox": [
                1150.0,
                856.0,
                5.0,
                9.0
            ],
            "category_id": 1,
            "id": 17
        }
    ]
}