{
    "images": [
        {
            "height": 2288,
            "width": 2376,
            "id": 0,
            "file_name": "MP3_1_gray_1_colour.png"
        }
    ],
    "categories": [
        {
            "supercategory": "g",
            "id": 0,
            "name": "g"
        },
        {
            "supercategory": "p",
            "id": 1,
            "name": "p"
        }
    ],
    "annotations": [
        {
            "segmentation": [
                [
                    1256.896551724138,
                    351.72413793103453,
                    1281.0344827586207,
                    377.58620689655174
                ]
            ],
            "iscrowd": 0,
            "area": 0.0,
            "image_id": 0,
            "bbox": [
                1256.0,
                351.0,
                25.0,
                26.0
            ],
            "category_id": 0,
            "id": 1
        },
        {
            "segmentation": [
                [
                    1431.0344827586207,
                    420.68965517241384,
                    1453.448275862069,
                    443.1034482758621
                ]
            ],
            "iscrowd": 0,
            "area": 0.0,
            "image_id": 0,
            "bbox": [
                1431.0,
                420.0,
                22.0,
                23.0
            ],
            "category_id": 0,
            "id": 2
        },
        {
            "segmentation": [
                [
                    1660.344827586207,
                    748.2758620689656,
                    1682.7586206896553,
                    772.4137931034484
                ]
            ],
            "iscrowd": 0,
            "area": 0.0,
            "image_id": 0,
            "bbox": [
                1660.0,
                748.0,
                22.0,
                24.0
            ],
            "category_id": 0,
            "id": 3
        },
        {
            "segmentation": [
                [
                    1850.0000000000002,
                    639.6551724137931,
                    1875.8620689655174,
                    670.6896551724138
                ]
            ],
            "iscrowd": 0,
            "area": 0.0,
            "image_id": 0,
            "bbox": [
                1850.0,
                639.0,
                25.0,
                31.0
            ],
            "category_id": 0,
            "id": 4
        },
        {
            "segmentation": [
                [
                    1850.0000000000002,
                    815.5172413793103,
                    1867.2413793103449,
                    843.1034482758621
                ]
            ],
            "iscrowd": 0,
            "area": 0.0,
            "image_id": 0,
            "bbox": [
                1850.0,
                815.0,
                17.0,
                28.0
            ],
            "category_id": 0,
            "id": 5
        },
        {
            "segmentation": [
                [
                    1263.793103448276,
                    989.6551724137931,
                    1282.7586206896553,
                    1012.0689655172414
                ]
            ],
            "iscrowd": 0,
            "area": 0.0,
            "image_id": 0,
            "bbox": [
                1263.0,
                989.0,
                19.0,
                23.0
            ],
            "category_id": 0,
            "id": 6
        },
        {
            "segmentation": [
                [
                    1668.9655172413795,
                    1593.103448275862,
                    1693.103448275862,
                    1618.9655172413795
                ]
            ],
            "iscrowd": 0,
            "area": 0.0,
            "image_id": 0,
            "bbox": [
                1668.0,
                1593.0,
                25.0,
                25.0
            ],
            "category_id": 0,
            "id": 7
        },
        {
            "segmentation": [
                [
                    558.6206896551724,
                    1250.0,
                    560.344827586207,
                    1253.448275862069
                ]
            ],
            "iscrowd": 0,
            "area": 0.0,
            "image_id": 0,
            "bbox": [
                558.0,
                1250.0,
                2.0,
                3.0
            ],
            "category_id": 1,
            "id": 8
        }
    ]
}