{
    "images": [
        {
            "height": 2288,
            "width": 2376,
            "id": 0,
            "file_name": "MP3_2_colour_6a_colour.png"
        }
    ],
    "categories": [
        {
            "supercategory": "g",
            "id": 0,
            "name": "g"
        },
        {
            "supercategory": "p",
            "id": 1,
            "name": "p"
        }
    ],
    "annotations": [
        {
            "segmentation": [
                [
                    1203.7735849056603,
                    411.3207547169811,
                    1224.5283018867924,
                    439.62264150943395
                ]
            ],
            "iscrowd": 0,
            "area": 0.0,
            "image_id": 0,
            "bbox": [
                1203.0,
                411.0,
                21.0,
                28.0
            ],
            "category_id": 0,
            "id": 1
        },
        {
            "segmentation": [
                [
                    1501.8867924528302,
                    381.1320754716981,
                    1524.5283018867924,
                    418.86792452830184
                ]
            ],
            "iscrowd": 0,
            "area": 0.0,
            "image_id": 0,
            "bbox": [
                1501.0,
                381.0,
                23.0,
                37.0
            ],
            "category_id": 0,
            "id": 2
        },
        {
            "segmentation": [
                [
                    1916.9811320754716,
                    741.5094339622641,
                    1935.8490566037735,
                    764.1509433962264
                ]
            ],
            "iscrowd": 0,
            "area": 0.0,
            "image_id": 0,
            "bbox": [
                1916.0,
                741.0,
                19.0,
                23.0
            ],
            "category_id": 0,
            "id": 3
        },
        {
            "segmentation": [
                [
                    981.132075471698,
                    739.622641509434,
                    1016.9811320754717,
                    781.132075471698
                ]
            ],
            "iscrowd": 0,
            "area": 0.0,
            "image_id": 0,
            "bbox": [
                981.0,
                739.0,
                35.0,
                42.0
            ],
            "category_id": 0,
            "id": 4
        },
        {
            "segmentation": [
                [
                    1028.3018867924527,
                    828.3018867924528,
                    1047.1698113207547,
                    871.6981132075472
                ]
            ],
            "iscrowd": 0,
            "area": 0.0,
            "image_id": 0,
            "bbox": [
                1028.0,
                828.0,
                19.0,
                43.0
            ],
            "category_id": 0,
            "id": 5
        },
        {
            "segmentation": [
                [
                    1215.0943396226414,
                    758.4905660377358,
                    1235.8490566037735,
                    783.0188679245283
                ]
            ],
            "iscrowd": 0,
            "area": 0.0,
            "image_id": 0,
            "bbox": [
                1215.0,
                758.0,
                20.0,
                25.0
            ],
            "category_id": 0,
            "id": 6
        },
        {
            "segmentation": [
                [
                    1477.3584905660377,
                    690.566037735849,
                    1492.4528301886792,
                    718.8679245283018
                ]
            ],
            "iscrowd": 0,
            "area": 0.0,
            "image_id": 0,
            "bbox": [
                1477.0,
                690.0,
                15.0,
                28.0
            ],
            "category_id": 0,
            "id": 7
        },
        {
            "segmentation": [
                [
                    1254.7169811320755,
                    815.0943396226414,
                    1275.4716981132076,
                    843.3962264150942
                ]
            ],
            "iscrowd": 0,
            "area": 0.0,
            "image_id": 0,
            "bbox": [
                1254.0,
                815.0,
                21.0,
                28.0
            ],
            "category_id": 0,
            "id": 8
        },
        {
            "segmentation": [
                [
                    1228.3018867924527,
                    837.7358490566037,
                    1247.1698113207547,
                    873.5849056603773
                ]
            ],
            "iscrowd": 0,
            "area": 0.0,
            "image_id": 0,
            "bbox": [
                1228.0,
                837.0,
                19.0,
                36.0
            ],
            "category_id": 0,
            "id": 9
        },
        {
            "segmentation": [
                [
                    1254.7169811320755,
                    875.4716981132075,
                    1269.811320754717,
                    909.4339622641509
                ]
            ],
            "iscrowd": 0,
            "area": 0.0,
            "image_id": 0,
            "bbox": [
                1254.0,
                875.0,
                15.0,
                34.0
            ],
            "category_id": 0,
            "id": 10
        },
        {
            "segmentation": [
                [
                    1337.7358490566037,
                    849.0566037735848,
                    1367.9245283018868,
                    883.0188679245283
                ]
            ],
            "iscrowd": 0,
            "area": 0.0,
            "image_id": 0,
            "bbox": [
                1337.0,
                849.0,
                30.0,
                34.0
            ],
            "category_id": 0,
            "id": 11
        },
        {
            "segmentation": [
                [
                    1684.9056603773583,
                    847.1698113207547,
                    1707.5471698113206,
                    888.6792452830189
                ]
            ],
            "iscrowd": 0,
            "area": 0.0,
            "image_id": 0,
            "bbox": [
                1684.0,
                847.0,
                23.0,
                41.0
            ],
            "category_id": 0,
            "id": 12
        },
        {
            "segmentation": [
                [
                    1566.0377358490566,
                    739.622641509434,
                    1583.0188679245282,
                    779.2452830188679
                ]
            ],
            "iscrowd": 0,
            "area": 0.0,
            "image_id": 0,
            "bbox": [
                1566.0,
                739.0,
                17.0,
                40.0
            ],
            "category_id": 0,
            "id": 13
        },
        {
            "segmentation": [
                [
                    1605.6603773584905,
                    715.0943396226414,
                    1616.9811320754716,
                    741.5094339622641
                ]
            ],
            "iscrowd": 0,
            "area": 0.0,
            "image_id": 0,
            "bbox": [
                1605.0,
                715.0,
                11.0,
                26.0
            ],
            "category_id": 0,
            "id": 14
        },
        {
            "segmentation": [
                [
                    1513.2075471698113,
                    773.5849056603773,
                    1530.1886792452829,
                    811.3207547169811
                ]
            ],
            "iscrowd": 0,
            "area": 0.0,
            "image_id": 0,
            "bbox": [
                1513.0,
                773.0,
                17.0,
                38.0
            ],
            "category_id": 0,
            "id": 15
        },
        {
            "segmentation": [
                [
                    1481.132075471698,
                    881.132075471698,
                    1494.3396226415093,
                    915.0943396226414
                ]
            ],
            "iscrowd": 0,
            "area": 0.0,
            "image_id": 0,
            "bbox": [
                1481.0,
                881.0,
                13.0,
                34.0
            ],
            "category_id": 0,
            "id": 16
        },
        {
            "segmentation": [
                [
                    1173.5849056603772,
                    947.1698113207547,
                    1188.6792452830189,
                    981.132075471698
                ]
            ],
            "iscrowd": 0,
            "area": 0.0,
            "image_id": 0,
            "bbox": [
                1173.0,
                947.0,
                15.0,
                34.0
            ],
            "category_id": 0,
            "id": 17
        },
        {
            "segmentation": [
                [
                    750.9433962264151,
                    1016.9811320754717,
                    769.8113207547169,
                    1054.7169811320755
                ]
            ],
            "iscrowd": 0,
            "area": 0.0,
            "image_id": 0,
            "bbox": [
                750.0,
                1016.0,
                19.0,
                38.0
            ],
            "category_id": 0,
            "id": 18
        },
        {
            "segmentation": [
                [
                    675.4716981132075,
                    1037.7358490566037,
                    701.8867924528302,
                    1079.245283018868
                ]
            ],
            "iscrowd": 0,
            "area": 0.0,
            "image_id": 0,
            "bbox": [
                675.0,
                1037.0,
                26.0,
                42.0
            ],
            "category_id": 0,
            "id": 19
        },
        {
            "segmentation": [
                [
                    596.2264150943396,
                    1054.7169811320755,
                    615.0943396226414,
                    1088.6792452830189
                ]
            ],
            "iscrowd": 0,
            "area": 0.0,
            "image_id": 0,
            "bbox": [
                596.0,
                1054.0,
                19.0,
                34.0
            ],
            "category_id": 0,
            "id": 20
        },
        {
            "segmentation": [
                [
                    777.3584905660377,
                    1088.6792452830189,
                    792.4528301886792,
                    1126.4150943396226
                ]
            ],
            "iscrowd": 0,
            "area": 0.0,
            "image_id": 0,
            "bbox": [
                777.0,
                1088.0,
                15.0,
                38.0
            ],
            "category_id": 0,
            "id": 21
        },
        {
            "segmentation": [
                [
                    735.8490566037735,
                    1154.7169811320755,
                    756.6037735849056,
                    1194.3396226415093
                ]
            ],
            "iscrowd": 0,
            "area": 0.0,
            "image_id": 0,
            "bbox": [
                735.0,
                1154.0,
                21.0,
                40.0
            ],
            "category_id": 0,
            "id": 22
        },
        {
            "segmentation": [
                [
                    807.5471698113207,
                    1328.3018867924527,
                    832.0754716981131,
                    1375.4716981132074
                ]
            ],
            "iscrowd": 0,
            "area": 0.0,
            "image_id": 0,
            "bbox": [
                807.0,
                1328.0,
                25.0,
                47.0
            ],
            "category_id": 0,
            "id": 23
        },
        {
            "segmentation": [
                [
                    900.0,
                    1258.4905660377358,
                    928.3018867924528,
                    1301.8867924528302
                ]
            ],
            "iscrowd": 0,
            "area": 0.0,
            "image_id": 0,
            "bbox": [
                900.0,
                1258.0,
                28.0,
                43.0
            ],
            "category_id": 0,
            "id": 24
        },
        {
            "segmentation": [
                [
                    1056.6037735849056,
                    1124.5283018867924,
                    1083.0188679245282,
                    1158.4905660377358
                ]
            ],
            "iscrowd": 0,
            "area": 0.0,
            "image_id": 0,
            "bbox": [
                1056.0,
                1124.0,
                27.0,
                34.0
            ],
            "category_id": 0,
            "id": 25
        },
        {
            "segmentation": [
                [
                    1252.830188679245,
                    1256.6037735849056,
                    1279.245283018868,
                    1290.566037735849
                ]
            ],
            "iscrowd": 0,
            "area": 0.0,
            "image_id": 0,
            "bbox": [
                1252.0,
                1256.0,
                27.0,
                34.0
            ],
            "category_id": 0,
            "id": 26
        },
        {
            "segmentation": [
                [
                    1239.6226415094338,
                    1288.6792452830189,
                    1250.943396226415,
                    1324.5283018867924
                ]
            ],
            "iscrowd": 0,
            "area": 0.0,
            "image_id": 0,
            "bbox": [
                1239.0,
                1288.0,
                11.0,
                36.0
            ],
            "category_id": 0,
            "id": 27
        },
        {
            "segmentation": [
                [
                    1011.3207547169811,
                    1645.2830188679245,
                    1033.9622641509434,
                    1683.0188679245282
                ]
            ],
            "iscrowd": 0,
            "area": 0.0,
            "image_id": 0,
            "bbox": [
                1011.0,
                1645.0,
                22.0,
                38.0
            ],
            "category_id": 0,
            "id": 28
        },
        {
            "segmentation": [
                [
                    1737.7358490566037,
                    1445.2830188679245,
                    1762.264150943396,
                    1486.7924528301885
                ]
            ],
            "iscrowd": 0,
            "area": 0.0,
            "image_id": 0,
            "bbox": [
                1737.0,
                1445.0,
                25.0,
                41.0
            ],
            "category_id": 0,
            "id": 29
        },
        {
            "segmentation": [
                [
                    1679.245283018868,
                    1516.9811320754716,
                    1703.7735849056603,
                    1560.377358490566
                ]
            ],
            "iscrowd": 0,
            "area": 0.0,
            "image_id": 0,
            "bbox": [
                1679.0,
                1516.0,
                24.0,
                44.0
            ],
            "category_id": 0,
            "id": 30
        },
        {
            "segmentation": [
                [
                    1592.4528301886792,
                    1732.0754716981132,
                    1611.3207547169811,
                    1777.3584905660377
                ]
            ],
            "iscrowd": 0,
            "area": 0.0,
            "image_id": 0,
            "bbox": [
                1592.0,
                1732.0,
                19.0,
                45.0
            ],
            "category_id": 0,
            "id": 31
        },
        {
            "segmentation": [
                [
                    1332.0754716981132,
                    1066.0377358490566,
                    1358.4905660377358,
                    1105.6603773584905
                ]
            ],
            "iscrowd": 0,
            "area": 0.0,
            "image_id": 0,
            "bbox": [
                1332.0,
                1066.0,
                26.0,
                39.0
            ],
            "category_id": 0,
            "id": 32
        },
        {
            "segmentation": [
                [
                    1309.433962264151,
                    1115.0943396226414,
                    1328.3018867924527,
                    1158.4905660377358
                ]
            ],
            "iscrowd": 0,
            "area": 0.0,
            "image_id": 0,
            "bbox": [
                1309.0,
                1115.0,
                19.0,
                43.0
            ],
            "category_id": 0,
            "id": 33
        },
        {
            "segmentation": [
                [
                    1381.132075471698,
                    1118.8679245283017,
                    1401.8867924528302,
                    1160.377358490566
                ]
            ],
            "iscrowd": 0,
            "area": 0.0,
            "image_id": 0,
            "bbox": [
                1381.0,
                1118.0,
                20.0,
                42.0
            ],
            "category_id": 0,
            "id": 34
        },
        {
            "segmentation": [
                [
                    1007.5471698113207,
                    1233.9622641509434,
                    1020.754716981132,
                    1256.6037735849056
                ]
            ],
            "iscrowd": 0,
            "area": 0.0,
            "image_id": 0,
            "bbox": [
                1007.0,
                1233.0,
                13.0,
                23.0
            ],
            "category_id": 0,
            "id": 35
        },
        {
            "segmentation": [
                [
                    1067.9245283018868,
                    1260.377358490566,
                    1077.3584905660377,
                    1288.6792452830189
                ]
            ],
            "iscrowd": 0,
            "area": 0.0,
            "image_id": 0,
            "bbox": [
                1067.0,
                1260.0,
                10.0,
                28.0
            ],
            "category_id": 0,
            "id": 36
        },
        {
            "segmentation": [
                [
                    362.2641509433962,
                    1173.5849056603772,
                    377.35849056603774,
                    1196.2264150943395
                ]
            ],
            "iscrowd": 0,
            "area": 0.0,
            "image_id": 0,
            "bbox": [
                362.0,
                1173.0,
                15.0,
                23.0
            ],
            "category_id": 0,
            "id": 37
        },
        {
            "segmentation": [
                [
                    1094.3396226415093,
                    1386.7924528301887,
                    1100.0,
                    1400.0
                ]
            ],
            "iscrowd": 0,
            "area": 0.0,
            "image_id": 0,
            "bbox": [
                1094.0,
                1386.0,
                6.0,
                14.0
            ],
            "category_id": 1,
            "id": 38
        },
        {
            "segmentation": [
                [
                    1583.0188679245282,
                    1524.5283018867924,
                    1592.4528301886792,
                    1535.8490566037735
                ]
            ],
            "iscrowd": 0,
            "area": 0.0,
            "image_id": 0,
            "bbox": [
                1583.0,
                1524.0,
                9.0,
                11.0
            ],
            "category_id": 1,
            "id": 39
        },
        {
            "segmentation": [
                [
                    992.4528301886792,
                    1041.5094339622642,
                    1000.0,
                    1054.7169811320755
                ]
            ],
            "iscrowd": 0,
            "area": 0.0,
            "image_id": 0,
            "bbox": [
                992.0,
                1041.0,
                8.0,
                13.0
            ],
            "category_id": 1,
            "id": 40
        },
        {
            "segmentation": [
                [
                    894.3396226415094,
                    413.2075471698113,
                    898.1132075471697,
                    422.64150943396226
                ]
            ],
            "iscrowd": 0,
            "area": 0.0,
            "image_id": 0,
            "bbox": [
                894.0,
                413.0,
                4.0,
                9.0
            ],
            "category_id": 1,
            "id": 41
        },
        {
            "segmentation": [
                [
                    952.8301886792452,
                    875.4716981132075,
                    960.3773584905659,
                    881.132075471698
                ]
            ],
            "iscrowd": 0,
            "area": 0.0,
            "image_id": 0,
            "bbox": [
                952.0,
                875.0,
                8.0,
                6.0
            ],
            "category_id": 1,
            "id": 42
        },
        {
            "segmentation": [
                [
                    996.2264150943396,
                    866.0377358490566,
                    1001.8867924528302,
                    875.4716981132075
                ]
            ],
            "iscrowd": 0,
            "area": 0.0,
            "image_id": 0,
            "bbox": [
                996.0,
                866.0,
                5.0,
                9.0
            ],
            "category_id": 1,
            "id": 43
        }
    ]
}