{
    "images": [
        {
            "height": 2288,
            "width": 2376,
            "id": 0,
            "file_name": "MP3_1_gray_2_colour.png"
        }
    ],
    "categories": [
        {
            "supercategory": "g",
            "id": 0,
            "name": "g"
        }
    ],
    "annotations": [
        {
            "segmentation": [
                [
                    1617.2413793103449,
                    446.55172413793105,
                    1634.4827586206898,
                    481.0344827586207
                ]
            ],
            "iscrowd": 0,
            "area": 0.0,
            "image_id": 0,
            "bbox": [
                1617.0,
                446.0,
                17.0,
                35.0
            ],
            "category_id": 0,
            "id": 1
        },
        {
            "segmentation": [
                [
                    1032.7586206896553,
                    406.89655172413796,
                    1044.8275862068965,
                    431.0344827586207
                ]
            ],
            "iscrowd": 0,
            "area": 0.0,
            "image_id": 0,
            "bbox": [
                1032.0,
                406.0,
                12.0,
                25.0
            ],
            "category_id": 0,
            "id": 2
        },
        {
            "segmentation": [
                [
                    1531.0344827586207,
                    618.9655172413793,
                    1546.5517241379312,
                    634.4827586206897
                ]
            ],
            "iscrowd": 0,
            "area": 0.0,
            "image_id": 0,
            "bbox": [
                1531.0,
                618.0,
                15.0,
                16.0
            ],
            "category_id": 0,
            "id": 3
        },
        {
            "segmentation": [
                [
                    1546.5517241379312,
                    893.1034482758621,
                    1562.0689655172414,
                    922.4137931034484
                ]
            ],
            "iscrowd": 0,
            "area": 0.0,
            "image_id": 0,
            "bbox": [
                1546.0,
                893.0,
                16.0,
                29.0
            ],
            "category_id": 0,
            "id": 4
        },
        {
            "segmentation": [
                [
                    1662.0689655172414,
                    962.0689655172414,
                    1668.9655172413795,
                    987.9310344827587
                ]
            ],
            "iscrowd": 0,
            "area": 0.0,
            "image_id": 0,
            "bbox": [
                1662.0,
                962.0,
                6.0,
                25.0
            ],
            "category_id": 0,
            "id": 5
        },
        {
            "segmentation": [
                [
                    839.6551724137931,
                    989.6551724137931,
                    846.551724137931,
                    1018.9655172413794
                ]
            ],
            "iscrowd": 0,
            "area": 0.0,
            "image_id": 0,
            "bbox": [
                839.0,
                989.0,
                7.0,
                29.0
            ],
            "category_id": 0,
            "id": 6
        },
        {
            "segmentation": [
                [
                    953.4482758620691,
                    800.0,
                    955.1724137931035,
                    817.2413793103449
                ]
            ],
            "iscrowd": 0,
            "area": 0.0,
            "image_id": 0,
            "bbox": [
                953.0,
                800.0,
                2.0,
                17.0
            ],
            "category_id": 0,
            "id": 7
        },
        {
            "segmentation": [
                [
                    593.1034482758621,
                    886.2068965517242,
                    612.0689655172414,
                    913.7931034482759
                ]
            ],
            "iscrowd": 0,
            "area": 0.0,
            "image_id": 0,
            "bbox": [
                593.0,
                886.0,
                19.0,
                27.0
            ],
            "category_id": 0,
            "id": 8
        }
    ]
}