{
    "images": [
        {
            "height": 2288,
            "width": 2376,
            "id": 0,
            "file_name": "10T3_1_colour_1_colour.png"
        }
    ],
    "categories": [
        {
            "supercategory": "g",
            "id": 0,
            "name": "g"
        },
        {
            "supercategory": "p",
            "id": 1,
            "name": "p"
        }
    ],
    "annotations": [
        {
            "segmentation": [
                [
                    668.0,
                    350.6666666666667,
                    729.3333333333334,
                    408.0
                ]
            ],
            "iscrowd": 0,
            "area": 0.0,
            "image_id": 0,
            "bbox": [
                668.0,
                350.0,
                61.0,
                58.0
            ],
            "category_id": 0,
            "id": 1
        },
        {
            "segmentation": [
                [
                    668.0,
                    438.6666666666667,
                    728.0,
                    489.3333333333333
                ]
            ],
            "iscrowd": 0,
            "area": 0.0,
            "image_id": 0,
            "bbox": [
                668.0,
                438.0,
                60.0,
                51.0
            ],
            "category_id": 0,
            "id": 2
        },
        {
            "segmentation": [
                [
                    580.0,
                    596.0,
                    633.3333333333334,
                    653.3333333333334
                ]
            ],
            "iscrowd": 0,
            "area": 0.0,
            "image_id": 0,
            "bbox": [
                580.0,
                596.0,
                53.0,
                57.0
            ],
            "category_id": 0,
            "id": 3
        },
        {
            "segmentation": [
                [
                    524.0,
                    645.3333333333334,
                    565.3333333333334,
                    681.3333333333334
                ]
            ],
            "iscrowd": 0,
            "area": 0.0,
            "image_id": 0,
            "bbox": [
                524.0,
                645.0,
                41.0,
                36.0
            ],
            "category_id": 0,
            "id": 4
        },
        {
            "segmentation": [
                [
                    522.6666666666666,
                    704.0,
                    576.0,
                    748.0
                ]
            ],
            "iscrowd": 0,
            "area": 0.0,
            "image_id": 0,
            "bbox": [
                522.0,
                704.0,
                54.0,
                44.0
            ],
            "category_id": 0,
            "id": 5
        },
        {
            "segmentation": [
                [
                    772.0,
                    321.3333333333333,
                    821.3333333333334,
                    365.3333333333333
                ]
            ],
            "iscrowd": 0,
            "area": 0.0,
            "image_id": 0,
            "bbox": [
                772.0,
                321.0,
                49.0,
                44.0
            ],
            "category_id": 0,
            "id": 6
        },
        {
            "segmentation": [
                [
                    833.3333333333334,
                    290.6666666666667,
                    886.6666666666666,
                    338.6666666666667
                ]
            ],
            "iscrowd": 0,
            "area": 0.0,
            "image_id": 0,
            "bbox": [
                833.0,
                290.0,
                53.0,
                48.0
            ],
            "category_id": 0,
            "id": 7
        },
        {
            "segmentation": [
                [
                    948.0,
                    252.0,
                    1012.0,
                    314.6666666666667
                ]
            ],
            "iscrowd": 0,
            "area": 0.0,
            "image_id": 0,
            "bbox": [
                948.0,
                252.0,
                64.0,
                62.0
            ],
            "category_id": 0,
            "id": 8
        },
        {
            "segmentation": [
                [
                    992.0,
                    334.6666666666667,
                    1050.6666666666667,
                    389.3333333333333
                ]
            ],
            "iscrowd": 0,
            "area": 0.0,
            "image_id": 0,
            "bbox": [
                992.0,
                334.0,
                58.0,
                55.0
            ],
            "category_id": 0,
            "id": 9
        },
        {
            "segmentation": [
                [
                    774.6666666666666,
                    389.3333333333333,
                    830.6666666666666,
                    436.0
                ]
            ],
            "iscrowd": 0,
            "area": 0.0,
            "image_id": 0,
            "bbox": [
                774.0,
                389.0,
                56.0,
                47.0
            ],
            "category_id": 0,
            "id": 10
        },
        {
            "segmentation": [
                [
                    766.6666666666666,
                    437.3333333333333,
                    826.6666666666666,
                    489.3333333333333
                ]
            ],
            "iscrowd": 0,
            "area": 0.0,
            "image_id": 0,
            "bbox": [
                766.0,
                437.0,
                60.0,
                52.0
            ],
            "category_id": 0,
            "id": 11
        },
        {
            "segmentation": [
                [
                    878.6666666666666,
                    400.0,
                    929.3333333333334,
                    453.3333333333333
                ]
            ],
            "iscrowd": 0,
            "area": 0.0,
            "image_id": 0,
            "bbox": [
                878.0,
                400.0,
                51.0,
                53.0
            ],
            "category_id": 0,
            "id": 12
        },
        {
            "segmentation": [
                [
                    854.6666666666666,
                    473.3333333333333,
                    918.6666666666666,
                    526.6666666666666
                ]
            ],
            "iscrowd": 0,
            "area": 0.0,
            "image_id": 0,
            "bbox": [
                854.0,
                473.0,
                64.0,
                53.0
            ],
            "category_id": 0,
            "id": 13
        },
        {
            "segmentation": [
                [
                    1026.6666666666667,
                    393.3333333333333,
                    1078.6666666666667,
                    446.6666666666667
                ]
            ],
            "iscrowd": 0,
            "area": 0.0,
            "image_id": 0,
            "bbox": [
                1026.0,
                393.0,
                52.0,
                53.0
            ],
            "category_id": 0,
            "id": 14
        },
        {
            "segmentation": [
                [
                    1013.3333333333334,
                    460.0,
                    1074.6666666666667,
                    518.6666666666666
                ]
            ],
            "iscrowd": 0,
            "area": 0.0,
            "image_id": 0,
            "bbox": [
                1013.0,
                460.0,
                61.0,
                58.0
            ],
            "category_id": 0,
            "id": 15
        },
        {
            "segmentation": [
                [
                    1181.3333333333333,
                    460.0,
                    1242.6666666666667,
                    516.0
                ]
            ],
            "iscrowd": 0,
            "area": 0.0,
            "image_id": 0,
            "bbox": [
                1181.0,
                460.0,
                61.0,
                56.0
            ],
            "category_id": 0,
            "id": 16
        },
        {
            "segmentation": [
                [
                    1357.3333333333333,
                    344.0,
                    1413.3333333333333,
                    405.3333333333333
                ]
            ],
            "iscrowd": 0,
            "area": 0.0,
            "image_id": 0,
            "bbox": [
                1357.0,
                344.0,
                56.0,
                61.0
            ],
            "category_id": 0,
            "id": 17
        },
        {
            "segmentation": [
                [
                    1238.6666666666667,
                    522.6666666666666,
                    1289.3333333333333,
                    558.6666666666666
                ]
            ],
            "iscrowd": 0,
            "area": 0.0,
            "image_id": 0,
            "bbox": [
                1238.0,
                522.0,
                51.0,
                36.0
            ],
            "category_id": 0,
            "id": 18
        },
        {
            "segmentation": [
                [
                    1661.3333333333333,
                    313.3333333333333,
                    1716.0,
                    376.0
                ]
            ],
            "iscrowd": 0,
            "area": 0.0,
            "image_id": 0,
            "bbox": [
                1661.0,
                313.0,
                55.0,
                63.0
            ],
            "category_id": 0,
            "id": 19
        },
        {
            "segmentation": [
                [
                    1752.0,
                    549.3333333333334,
                    1817.3333333333333,
                    610.6666666666666
                ]
            ],
            "iscrowd": 0,
            "area": 0.0,
            "image_id": 0,
            "bbox": [
                1752.0,
                549.0,
                65.0,
                61.0
            ],
            "category_id": 0,
            "id": 20
        },
        {
            "segmentation": [
                [
                    1944.0,
                    726.6666666666666,
                    2001.3333333333333,
                    784.0
                ]
            ],
            "iscrowd": 0,
            "area": 0.0,
            "image_id": 0,
            "bbox": [
                1944.0,
                726.0,
                57.0,
                58.0
            ],
            "category_id": 0,
            "id": 21
        },
        {
            "segmentation": [
                [
                    1553.3333333333333,
                    572.0,
                    1612.0,
                    632.0
                ]
            ],
            "iscrowd": 0,
            "area": 0.0,
            "image_id": 0,
            "bbox": [
                1553.0,
                572.0,
                59.0,
                60.0
            ],
            "category_id": 0,
            "id": 22
        },
        {
            "segmentation": [
                [
                    1750.6666666666667,
                    713.3333333333334,
                    1808.0,
                    776.0
                ]
            ],
            "iscrowd": 0,
            "area": 0.0,
            "image_id": 0,
            "bbox": [
                1750.0,
                713.0,
                58.0,
                63.0
            ],
            "category_id": 0,
            "id": 23
        },
        {
            "segmentation": [
                [
                    1580.0,
                    745.3333333333334,
                    1644.0,
                    804.0
                ]
            ],
            "iscrowd": 0,
            "area": 0.0,
            "image_id": 0,
            "bbox": [
                1580.0,
                745.0,
                64.0,
                59.0
            ],
            "category_id": 0,
            "id": 24
        },
        {
            "segmentation": [
                [
                    1681.3333333333333,
                    810.6666666666666,
                    1734.6666666666667,
                    864.0
                ]
            ],
            "iscrowd": 0,
            "area": 0.0,
            "image_id": 0,
            "bbox": [
                1681.0,
                810.0,
                53.0,
                54.0
            ],
            "category_id": 0,
            "id": 25
        },
        {
            "segmentation": [
                [
                    1740.0,
                    894.6666666666666,
                    1790.6666666666667,
                    946.6666666666666
                ]
            ],
            "iscrowd": 0,
            "area": 0.0,
            "image_id": 0,
            "bbox": [
                1740.0,
                894.0,
                50.0,
                52.0
            ],
            "category_id": 0,
            "id": 26
        },
        {
            "segmentation": [
                [
                    1961.3333333333333,
                    969.3333333333334,
                    2020.0,
                    1026.6666666666667
                ]
            ],
            "iscrowd": 0,
            "area": 0.0,
            "image_id": 0,
            "bbox": [
                1961.0,
                969.0,
                59.0,
                57.0
            ],
            "category_id": 0,
            "id": 27
        },
        {
            "segmentation": [
                [
                    2017.3333333333333,
                    966.6666666666666,
                    2076.0,
                    1029.3333333333333
                ]
            ],
            "iscrowd": 0,
            "area": 0.0,
            "image_id": 0,
            "bbox": [
                2017.0,
                966.0,
                59.0,
                63.0
            ],
            "category_id": 0,
            "id": 28
        },
        {
            "segmentation": [
                [
                    2056.0,
                    1173.3333333333333,
                    2114.6666666666665,
                    1233.3333333333333
                ]
            ],
            "iscrowd": 0,
            "area": 0.0,
            "image_id": 0,
            "bbox": [
                2056.0,
                1173.0,
                58.0,
                60.0
            ],
            "category_id": 0,
            "id": 29
        },
        {
            "segmentation": [
                [
                    2104.0,
                    1029.3333333333333,
                    2128.0,
                    1053.3333333333333
                ]
            ],
            "iscrowd": 0,
            "area": 0.0,
            "image_id": 0,
            "bbox": [
                2104.0,
                1029.0,
                24.0,
                24.0
            ],
            "category_id": 1,
            "id": 30
        },
        {
            "segmentation": [
                [
                    828.0,
                    572.0,
                    885.3333333333334,
                    622.6666666666666
                ]
            ],
            "iscrowd": 0,
            "area": 0.0,
            "image_id": 0,
            "bbox": [
                828.0,
                572.0,
                57.0,
                50.0
            ],
            "category_id": 0,
            "id": 31
        },
        {
            "segmentation": [
                [
                    1032.0,
                    609.3333333333334,
                    1089.3333333333333,
                    664.0
                ]
            ],
            "iscrowd": 0,
            "area": 0.0,
            "image_id": 0,
            "bbox": [
                1032.0,
                609.0,
                57.0,
                55.0
            ],
            "category_id": 0,
            "id": 32
        },
        {
            "segmentation": [
                [
                    1077.3333333333333,
                    698.6666666666666,
                    1137.3333333333333,
                    756.0
                ]
            ],
            "iscrowd": 0,
            "area": 0.0,
            "image_id": 0,
            "bbox": [
                1077.0,
                698.0,
                60.0,
                58.0
            ],
            "category_id": 0,
            "id": 33
        },
        {
            "segmentation": [
                [
                    872.0,
                    664.0,
                    936.0,
                    722.6666666666666
                ]
            ],
            "iscrowd": 0,
            "area": 0.0,
            "image_id": 0,
            "bbox": [
                872.0,
                664.0,
                64.0,
                58.0
            ],
            "category_id": 0,
            "id": 34
        },
        {
            "segmentation": [
                [
                    921.3333333333334,
                    724.0,
                    974.6666666666666,
                    778.6666666666666
                ]
            ],
            "iscrowd": 0,
            "area": 0.0,
            "image_id": 0,
            "bbox": [
                921.0,
                724.0,
                53.0,
                54.0
            ],
            "category_id": 0,
            "id": 35
        },
        {
            "segmentation": [
                [
                    830.6666666666666,
                    822.6666666666666,
                    888.0,
                    882.6666666666666
                ]
            ],
            "iscrowd": 0,
            "area": 0.0,
            "image_id": 0,
            "bbox": [
                830.0,
                822.0,
                58.0,
                60.0
            ],
            "category_id": 0,
            "id": 36
        },
        {
            "segmentation": [
                [
                    666.6666666666666,
                    858.6666666666666,
                    733.3333333333334,
                    934.6666666666666
                ]
            ],
            "iscrowd": 0,
            "area": 0.0,
            "image_id": 0,
            "bbox": [
                666.0,
                858.0,
                67.0,
                76.0
            ],
            "category_id": 0,
            "id": 37
        },
        {
            "segmentation": [
                [
                    973.3333333333334,
                    806.6666666666666,
                    1029.3333333333333,
                    854.6666666666666
                ]
            ],
            "iscrowd": 0,
            "area": 0.0,
            "image_id": 0,
            "bbox": [
                973.0,
                806.0,
                56.0,
                48.0
            ],
            "category_id": 0,
            "id": 38
        },
        {
            "segmentation": [
                [
                    966.6666666666666,
                    866.6666666666666,
                    1010.6666666666666,
                    914.6666666666666
                ]
            ],
            "iscrowd": 0,
            "area": 0.0,
            "image_id": 0,
            "bbox": [
                966.0,
                866.0,
                44.0,
                48.0
            ],
            "category_id": 0,
            "id": 39
        },
        {
            "segmentation": [
                [
                    564.0,
                    1078.6666666666667,
                    625.3333333333334,
                    1132.0
                ]
            ],
            "iscrowd": 0,
            "area": 0.0,
            "image_id": 0,
            "bbox": [
                564.0,
                1078.0,
                61.0,
                54.0
            ],
            "category_id": 0,
            "id": 40
        },
        {
            "segmentation": [
                [
                    601.3333333333334,
                    1124.0,
                    652.0,
                    1181.3333333333333
                ]
            ],
            "iscrowd": 0,
            "area": 0.0,
            "image_id": 0,
            "bbox": [
                601.0,
                1124.0,
                51.0,
                57.0
            ],
            "category_id": 0,
            "id": 41
        },
        {
            "segmentation": [
                [
                    650.6666666666666,
                    1172.0,
                    700.0,
                    1218.6666666666667
                ]
            ],
            "iscrowd": 0,
            "area": 0.0,
            "image_id": 0,
            "bbox": [
                650.0,
                1172.0,
                50.0,
                46.0
            ],
            "category_id": 0,
            "id": 42
        },
        {
            "segmentation": [
                [
                    673.3333333333334,
                    1356.0,
                    726.6666666666666,
                    1410.6666666666667
                ]
            ],
            "iscrowd": 0,
            "area": 0.0,
            "image_id": 0,
            "bbox": [
                673.0,
                1356.0,
                53.0,
                54.0
            ],
            "category_id": 0,
            "id": 43
        },
        {
            "segmentation": [
                [
                    661.3333333333334,
                    1536.0,
                    724.0,
                    1600.0
                ]
            ],
            "iscrowd": 0,
            "area": 0.0,
            "image_id": 0,
            "bbox": [
                661.0,
                1536.0,
                63.0,
                64.0
            ],
            "category_id": 0,
            "id": 44
        },
        {
            "segmentation": [
                [
                    546.6666666666666,
                    1538.6666666666667,
                    604.0,
                    1596.0
                ]
            ],
            "iscrowd": 0,
            "area": 0.0,
            "image_id": 0,
            "bbox": [
                546.0,
                1538.0,
                58.0,
                58.0
            ],
            "category_id": 0,
            "id": 45
        },
        {
            "segmentation": [
                [
                    636.0,
                    1682.6666666666667,
                    697.3333333333334,
                    1738.6666666666667
                ]
            ],
            "iscrowd": 0,
            "area": 0.0,
            "image_id": 0,
            "bbox": [
                636.0,
                1682.0,
                61.0,
                56.0
            ],
            "category_id": 0,
            "id": 46
        },
        {
            "segmentation": [
                [
                    801.3333333333334,
                    1640.0,
                    858.6666666666666,
                    1693.3333333333333
                ]
            ],
            "iscrowd": 0,
            "area": 0.0,
            "image_id": 0,
            "bbox": [
                801.0,
                1640.0,
                57.0,
                53.0
            ],
            "category_id": 0,
            "id": 47
        },
        {
            "segmentation": [
                [
                    1054.6666666666667,
                    1730.6666666666667,
                    1114.6666666666667,
                    1784.0
                ]
            ],
            "iscrowd": 0,
            "area": 0.0,
            "image_id": 0,
            "bbox": [
                1054.0,
                1730.0,
                60.0,
                54.0
            ],
            "category_id": 0,
            "id": 48
        },
        {
            "segmentation": [
                [
                    1161.3333333333333,
                    1768.0,
                    1221.3333333333333,
                    1828.0
                ]
            ],
            "iscrowd": 0,
            "area": 0.0,
            "image_id": 0,
            "bbox": [
                1161.0,
                1768.0,
                60.0,
                60.0
            ],
            "category_id": 0,
            "id": 49
        },
        {
            "segmentation": [
                [
                    1252.0,
                    1478.6666666666667,
                    1312.0,
                    1541.3333333333333
                ]
            ],
            "iscrowd": 0,
            "area": 0.0,
            "image_id": 0,
            "bbox": [
                1252.0,
                1478.0,
                60.0,
                63.0
            ],
            "category_id": 0,
            "id": 50
        },
        {
            "segmentation": [
                [
                    1508.0,
                    1497.3333333333333,
                    1566.6666666666667,
                    1549.3333333333333
                ]
            ],
            "iscrowd": 0,
            "area": 0.0,
            "image_id": 0,
            "bbox": [
                1508.0,
                1497.0,
                58.0,
                52.0
            ],
            "category_id": 0,
            "id": 51
        },
        {
            "segmentation": [
                [
                    1624.0,
                    1437.3333333333333,
                    1689.3333333333333,
                    1492.0
                ]
            ],
            "iscrowd": 0,
            "area": 0.0,
            "image_id": 0,
            "bbox": [
                1624.0,
                1437.0,
                65.0,
                55.0
            ],
            "category_id": 0,
            "id": 52
        },
        {
            "segmentation": [
                [
                    1593.3333333333333,
                    1492.0,
                    1648.0,
                    1546.6666666666667
                ]
            ],
            "iscrowd": 0,
            "area": 0.0,
            "image_id": 0,
            "bbox": [
                1593.0,
                1492.0,
                55.0,
                54.0
            ],
            "category_id": 0,
            "id": 53
        },
        {
            "segmentation": [
                [
                    1688.0,
                    1569.3333333333333,
                    1753.3333333333333,
                    1633.3333333333333
                ]
            ],
            "iscrowd": 0,
            "area": 0.0,
            "image_id": 0,
            "bbox": [
                1688.0,
                1569.0,
                65.0,
                64.0
            ],
            "category_id": 0,
            "id": 54
        },
        {
            "segmentation": [
                [
                    1684.0,
                    1668.0,
                    1749.3333333333333,
                    1725.3333333333333
                ]
            ],
            "iscrowd": 0,
            "area": 0.0,
            "image_id": 0,
            "bbox": [
                1684.0,
                1668.0,
                65.0,
                57.0
            ],
            "category_id": 0,
            "id": 55
        },
        {
            "segmentation": [
                [
                    1738.6666666666667,
                    1549.3333333333333,
                    1801.3333333333333,
                    1606.6666666666667
                ]
            ],
            "iscrowd": 0,
            "area": 0.0,
            "image_id": 0,
            "bbox": [
                1738.0,
                1549.0,
                63.0,
                57.0
            ],
            "category_id": 0,
            "id": 56
        },
        {
            "segmentation": [
                [
                    1766.6666666666667,
                    1594.6666666666667,
                    1821.3333333333333,
                    1646.6666666666667
                ]
            ],
            "iscrowd": 0,
            "area": 0.0,
            "image_id": 0,
            "bbox": [
                1766.0,
                1594.0,
                55.0,
                52.0
            ],
            "category_id": 0,
            "id": 57
        },
        {
            "segmentation": [
                [
                    358.6666666666667,
                    912.0,
                    420.0,
                    968.0
                ]
            ],
            "iscrowd": 0,
            "area": 0.0,
            "image_id": 0,
            "bbox": [
                358.0,
                912.0,
                62.0,
                56.0
            ],
            "category_id": 0,
            "id": 58
        },
        {
            "segmentation": [
                [
                    466.6666666666667,
                    1062.6666666666667,
                    524.0,
                    1113.3333333333333
                ]
            ],
            "iscrowd": 0,
            "area": 0.0,
            "image_id": 0,
            "bbox": [
                466.0,
                1062.0,
                58.0,
                51.0
            ],
            "category_id": 0,
            "id": 59
        },
        {
            "segmentation": [
                [
                    444.0,
                    1256.0,
                    494.6666666666667,
                    1297.3333333333333
                ]
            ],
            "iscrowd": 0,
            "area": 0.0,
            "image_id": 0,
            "bbox": [
                444.0,
                1256.0,
                50.0,
                41.0
            ],
            "category_id": 0,
            "id": 60
        },
        {
            "segmentation": [
                [
                    506.6666666666667,
                    1220.0,
                    560.0,
                    1265.3333333333333
                ]
            ],
            "iscrowd": 0,
            "area": 0.0,
            "image_id": 0,
            "bbox": [
                506.0,
                1220.0,
                54.0,
                45.0
            ],
            "category_id": 0,
            "id": 61
        },
        {
            "segmentation": [
                [
                    532.0,
                    1308.0,
                    581.3333333333334,
                    1348.0
                ]
            ],
            "iscrowd": 0,
            "area": 0.0,
            "image_id": 0,
            "bbox": [
                532.0,
                1308.0,
                49.0,
                40.0
            ],
            "category_id": 0,
            "id": 62
        },
        {
            "segmentation": [
                [
                    505.3333333333333,
                    1356.0,
                    557.3333333333334,
                    1408.0
                ]
            ],
            "iscrowd": 0,
            "area": 0.0,
            "image_id": 0,
            "bbox": [
                505.0,
                1356.0,
                52.0,
                52.0
            ],
            "category_id": 0,
            "id": 63
        },
        {
            "segmentation": [
                [
                    1036.0,
                    860.0,
                    1082.6666666666667,
                    908.0
                ]
            ],
            "iscrowd": 0,
            "area": 0.0,
            "image_id": 0,
            "bbox": [
                1036.0,
                860.0,
                46.0,
                48.0
            ],
            "category_id": 0,
            "id": 64
        },
        {
            "segmentation": [
                [
                    1069.3333333333333,
                    846.6666666666666,
                    1114.6666666666667,
                    894.6666666666666
                ]
            ],
            "iscrowd": 0,
            "area": 0.0,
            "image_id": 0,
            "bbox": [
                1069.0,
                846.0,
                45.0,
                48.0
            ],
            "category_id": 0,
            "id": 65
        },
        {
            "segmentation": [
                [
                    728.0,
                    697.3333333333334,
                    773.3333333333334,
                    742.6666666666666
                ]
            ],
            "iscrowd": 0,
            "area": 0.0,
            "image_id": 0,
            "bbox": [
                728.0,
                697.0,
                45.0,
                45.0
            ],
            "category_id": 0,
            "id": 66
        },
        {
            "segmentation": [
                [
                    774.6666666666666,
                    712.0,
                    818.6666666666666,
                    754.6666666666666
                ]
            ],
            "iscrowd": 0,
            "area": 0.0,
            "image_id": 0,
            "bbox": [
                774.0,
                712.0,
                44.0,
                42.0
            ],
            "category_id": 0,
            "id": 67
        },
        {
            "segmentation": [
                [
                    808.0,
                    738.6666666666666,
                    854.6666666666666,
                    782.6666666666666
                ]
            ],
            "iscrowd": 0,
            "area": 0.0,
            "image_id": 0,
            "bbox": [
                808.0,
                738.0,
                46.0,
                44.0
            ],
            "category_id": 0,
            "id": 68
        },
        {
            "segmentation": [
                [
                    792.0,
                    756.0,
                    838.6666666666666,
                    798.6666666666666
                ]
            ],
            "iscrowd": 0,
            "area": 0.0,
            "image_id": 0,
            "bbox": [
                792.0,
                756.0,
                46.0,
                42.0
            ],
            "category_id": 0,
            "id": 69
        },
        {
            "segmentation": [
                [
                    1068.0,
                    929.3333333333334,
                    1122.6666666666667,
                    977.3333333333334
                ]
            ],
            "iscrowd": 0,
            "area": 0.0,
            "image_id": 0,
            "bbox": [
                1068.0,
                929.0,
                54.0,
                48.0
            ],
            "category_id": 0,
            "id": 70
        },
        {
            "segmentation": [
                [
                    1100.0,
                    888.0,
                    1154.6666666666667,
                    936.0
                ]
            ],
            "iscrowd": 0,
            "area": 0.0,
            "image_id": 0,
            "bbox": [
                1100.0,
                888.0,
                54.0,
                48.0
            ],
            "category_id": 0,
            "id": 71
        },
        {
            "segmentation": [
                [
                    1221.3333333333333,
                    838.6666666666666,
                    1269.3333333333333,
                    894.6666666666666
                ]
            ],
            "iscrowd": 0,
            "area": 0.0,
            "image_id": 0,
            "bbox": [
                1221.0,
                838.0,
                48.0,
                56.0
            ],
            "category_id": 0,
            "id": 72
        },
        {
            "segmentation": [
                [
                    1237.3333333333333,
                    893.3333333333334,
                    1293.3333333333333,
                    942.6666666666666
                ]
            ],
            "iscrowd": 0,
            "area": 0.0,
            "image_id": 0,
            "bbox": [
                1237.0,
                893.0,
                56.0,
                49.0
            ],
            "category_id": 0,
            "id": 73
        },
        {
            "segmentation": [
                [
                    1164.0,
                    936.0,
                    1214.6666666666667,
                    986.6666666666666
                ]
            ],
            "iscrowd": 0,
            "area": 0.0,
            "image_id": 0,
            "bbox": [
                1164.0,
                936.0,
                50.0,
                50.0
            ],
            "category_id": 0,
            "id": 74
        },
        {
            "segmentation": [
                [
                    1201.3333333333333,
                    966.6666666666666,
                    1249.3333333333333,
                    1008.0
                ]
            ],
            "iscrowd": 0,
            "area": 0.0,
            "image_id": 0,
            "bbox": [
                1201.0,
                966.0,
                48.0,
                42.0
            ],
            "category_id": 0,
            "id": 75
        },
        {
            "segmentation": [
                [
                    1364.0,
                    1069.3333333333333,
                    1420.0,
                    1124.0
                ]
            ],
            "iscrowd": 0,
            "area": 0.0,
            "image_id": 0,
            "bbox": [
                1364.0,
                1069.0,
                56.0,
                55.0
            ],
            "category_id": 0,
            "id": 76
        },
        {
            "segmentation": [
                [
                    1358.6666666666667,
                    797.3333333333334,
                    1418.6666666666667,
                    857.3333333333334
                ]
            ],
            "iscrowd": 0,
            "area": 0.0,
            "image_id": 0,
            "bbox": [
                1358.0,
                797.0,
                60.0,
                60.0
            ],
            "category_id": 0,
            "id": 77
        },
        {
            "segmentation": [
                [
                    1410.6666666666667,
                    754.6666666666666,
                    1468.0,
                    810.6666666666666
                ]
            ],
            "iscrowd": 0,
            "area": 0.0,
            "image_id": 0,
            "bbox": [
                1410.0,
                754.0,
                58.0,
                56.0
            ],
            "category_id": 0,
            "id": 78
        },
        {
            "segmentation": [
                [
                    1585.3333333333333,
                    858.6666666666666,
                    1642.6666666666667,
                    913.3333333333334
                ]
            ],
            "iscrowd": 0,
            "area": 0.0,
            "image_id": 0,
            "bbox": [
                1585.0,
                858.0,
                57.0,
                55.0
            ],
            "category_id": 0,
            "id": 79
        },
        {
            "segmentation": [
                [
                    1705.3333333333333,
                    1006.6666666666666,
                    1758.6666666666667,
                    1061.3333333333333
                ]
            ],
            "iscrowd": 0,
            "area": 0.0,
            "image_id": 0,
            "bbox": [
                1705.0,
                1006.0,
                53.0,
                55.0
            ],
            "category_id": 0,
            "id": 80
        },
        {
            "segmentation": [
                [
                    1736.0,
                    1073.3333333333333,
                    1800.0,
                    1129.3333333333333
                ]
            ],
            "iscrowd": 0,
            "area": 0.0,
            "image_id": 0,
            "bbox": [
                1736.0,
                1073.0,
                64.0,
                56.0
            ],
            "category_id": 0,
            "id": 81
        },
        {
            "segmentation": [
                [
                    1776.0,
                    1180.0,
                    1829.3333333333333,
                    1236.0
                ]
            ],
            "iscrowd": 0,
            "area": 0.0,
            "image_id": 0,
            "bbox": [
                1776.0,
                1180.0,
                53.0,
                56.0
            ],
            "category_id": 0,
            "id": 82
        },
        {
            "segmentation": [
                [
                    1872.0,
                    1178.6666666666667,
                    1928.0,
                    1234.6666666666667
                ]
            ],
            "iscrowd": 0,
            "area": 0.0,
            "image_id": 0,
            "bbox": [
                1872.0,
                1178.0,
                56.0,
                56.0
            ],
            "category_id": 0,
            "id": 83
        },
        {
            "segmentation": [
                [
                    1502.6666666666667,
                    1072.0,
                    1554.6666666666667,
                    1125.3333333333333
                ]
            ],
            "iscrowd": 0,
            "area": 0.0,
            "image_id": 0,
            "bbox": [
                1502.0,
                1072.0,
                52.0,
                53.0
            ],
            "category_id": 0,
            "id": 84
        },
        {
            "segmentation": [
                [
                    1493.3333333333333,
                    942.6666666666666,
                    1553.3333333333333,
                    996.0
                ]
            ],
            "iscrowd": 0,
            "area": 0.0,
            "image_id": 0,
            "bbox": [
                1493.0,
                942.0,
                60.0,
                54.0
            ],
            "category_id": 0,
            "id": 85
        },
        {
            "segmentation": [
                [
                    1397.3333333333333,
                    989.3333333333334,
                    1460.0,
                    1042.6666666666667
                ]
            ],
            "iscrowd": 0,
            "area": 0.0,
            "image_id": 0,
            "bbox": [
                1397.0,
                989.0,
                63.0,
                53.0
            ],
            "category_id": 0,
            "id": 86
        },
        {
            "segmentation": [
                [
                    1425.3333333333333,
                    1302.6666666666667,
                    1481.3333333333333,
                    1366.6666666666667
                ]
            ],
            "iscrowd": 0,
            "area": 0.0,
            "image_id": 0,
            "bbox": [
                1425.0,
                1302.0,
                56.0,
                64.0
            ],
            "category_id": 0,
            "id": 87
        },
        {
            "segmentation": [
                [
                    1636.0,
                    1344.0,
                    1690.6666666666667,
                    1400.0
                ]
            ],
            "iscrowd": 0,
            "area": 0.0,
            "image_id": 0,
            "bbox": [
                1636.0,
                1344.0,
                54.0,
                56.0
            ],
            "category_id": 0,
            "id": 88
        },
        {
            "segmentation": [
                [
                    1744.0,
                    1372.0,
                    1797.3333333333333,
                    1417.3333333333333
                ]
            ],
            "iscrowd": 0,
            "area": 0.0,
            "image_id": 0,
            "bbox": [
                1744.0,
                1372.0,
                53.0,
                45.0
            ],
            "category_id": 0,
            "id": 89
        },
        {
            "segmentation": [
                [
                    1860.0,
                    1401.3333333333333,
                    1912.0,
                    1450.6666666666667
                ]
            ],
            "iscrowd": 0,
            "area": 0.0,
            "image_id": 0,
            "bbox": [
                1860.0,
                1401.0,
                52.0,
                49.0
            ],
            "category_id": 0,
            "id": 90
        },
        {
            "segmentation": [
                [
                    1854.6666666666667,
                    1426.6666666666667,
                    1908.0,
                    1474.6666666666667
                ]
            ],
            "iscrowd": 0,
            "area": 0.0,
            "image_id": 0,
            "bbox": [
                1854.0,
                1426.0,
                54.0,
                48.0
            ],
            "category_id": 0,
            "id": 91
        },
        {
            "segmentation": [
                [
                    1934.6666666666667,
                    1422.6666666666667,
                    1984.0,
                    1478.6666666666667
                ]
            ],
            "iscrowd": 0,
            "area": 0.0,
            "image_id": 0,
            "bbox": [
                1934.0,
                1422.0,
                50.0,
                56.0
            ],
            "category_id": 0,
            "id": 92
        },
        {
            "segmentation": [
                [
                    1920.0,
                    1449.3333333333333,
                    1972.0,
                    1497.3333333333333
                ]
            ],
            "iscrowd": 0,
            "area": 0.0,
            "image_id": 0,
            "bbox": [
                1920.0,
                1449.0,
                52.0,
                48.0
            ],
            "category_id": 0,
            "id": 93
        },
        {
            "segmentation": [
                [
                    1690.6666666666667,
                    1264.0,
                    1738.6666666666667,
                    1305.3333333333333
                ]
            ],
            "iscrowd": 0,
            "area": 0.0,
            "image_id": 0,
            "bbox": [
                1690.0,
                1264.0,
                48.0,
                41.0
            ],
            "category_id": 0,
            "id": 94
        },
        {
            "segmentation": [
                [
                    1562.6666666666667,
                    1258.6666666666667,
                    1613.3333333333333,
                    1313.3333333333333
                ]
            ],
            "iscrowd": 0,
            "area": 0.0,
            "image_id": 0,
            "bbox": [
                1562.0,
                1258.0,
                51.0,
                55.0
            ],
            "category_id": 0,
            "id": 95
        },
        {
            "segmentation": [
                [
                    429.3333333333333,
                    1180.0,
                    484.0,
                    1236.0
                ]
            ],
            "iscrowd": 0,
            "area": 0.0,
            "image_id": 0,
            "bbox": [
                429.0,
                1180.0,
                55.0,
                56.0
            ],
            "category_id": 0,
            "id": 96
        },
        {
            "segmentation": [
                [
                    662.037037037037,
                    548.1481481481482,
                    677.7777777777777,
                    563.8888888888888
                ]
            ],
            "iscrowd": 0,
            "area": 0.0,
            "image_id": 0,
            "bbox": [
                662.0,
                548.0,
                15.0,
                15.0
            ],
            "category_id": 1,
            "id": 97
        },
        {
            "segmentation": [
                [
                    786.1111111111111,
                    580.5555555555555,
                    800.9259259259259,
                    594.4444444444445
                ]
            ],
            "iscrowd": 0,
            "area": 0.0,
            "image_id": 0,
            "bbox": [
                786.0,
                580.0,
                14.0,
                14.0
            ],
            "category_id": 1,
            "id": 98
        },
        {
            "segmentation": [
                [
                    502.77777777777777,
                    687.9629629629629,
                    519.4444444444445,
                    702.7777777777777
                ]
            ],
            "iscrowd": 0,
            "area": 0.0,
            "image_id": 0,
            "bbox": [
                502.0,
                687.0,
                17.0,
                15.0
            ],
            "category_id": 1,
            "id": 99
        },
        {
            "segmentation": [
                [
                    913.8888888888888,
                    633.3333333333333,
                    925.9259259259259,
                    643.5185185185185
                ]
            ],
            "iscrowd": 0,
            "area": 0.0,
            "image_id": 0,
            "bbox": [
                913.0,
                633.0,
                12.0,
                10.0
            ],
            "category_id": 1,
            "id": 100
        },
        {
            "segmentation": [
                [
                    784.2592592592592,
                    838.8888888888888,
                    794.4444444444443,
                    850.9259259259259
                ]
            ],
            "iscrowd": 0,
            "area": 0.0,
            "image_id": 0,
            "bbox": [
                784.0,
                838.0,
                10.0,
                12.0
            ],
            "category_id": 1,
            "id": 101
        },
        {
            "segmentation": [
                [
                    877.7777777777777,
                    772.2222222222222,
                    890.7407407407406,
                    780.5555555555555
                ]
            ],
            "iscrowd": 0,
            "area": 0.0,
            "image_id": 0,
            "bbox": [
                877.0,
                772.0,
                13.0,
                8.0
            ],
            "category_id": 1,
            "id": 102
        },
        {
            "segmentation": [
                [
                    878.7037037037037,
                    743.5185185185185,
                    888.8888888888888,
                    753.7037037037037
                ]
            ],
            "iscrowd": 0,
            "area": 0.0,
            "image_id": 0,
            "bbox": [
                878.0,
                743.0,
                10.0,
                10.0
            ],
            "category_id": 1,
            "id": 103
        },
        {
            "segmentation": [
                [
                    1001.8518518518517,
                    758.3333333333333,
                    1014.8148148148148,
                    773.1481481481482
                ]
            ],
            "iscrowd": 0,
            "area": 0.0,
            "image_id": 0,
            "bbox": [
                1001.0,
                758.0,
                13.0,
                15.0
            ],
            "category_id": 1,
            "id": 104
        },
        {
            "segmentation": [
                [
                    1037.9629629629628,
                    806.4814814814814,
                    1050.0,
                    819.4444444444443
                ]
            ],
            "iscrowd": 0,
            "area": 0.0,
            "image_id": 0,
            "bbox": [
                1037.0,
                806.0,
                13.0,
                13.0
            ],
            "category_id": 1,
            "id": 105
        },
        {
            "segmentation": [
                [
                    887.9629629629629,
                    858.3333333333333,
                    900.9259259259259,
                    871.2962962962962
                ]
            ],
            "iscrowd": 0,
            "area": 0.0,
            "image_id": 0,
            "bbox": [
                887.0,
                858.0,
                13.0,
                13.0
            ],
            "category_id": 1,
            "id": 106
        },
        {
            "segmentation": [
                [
                    989.8148148148148,
                    968.5185185185185,
                    1004.6296296296296,
                    982.4074074074074
                ]
            ],
            "iscrowd": 0,
            "area": 0.0,
            "image_id": 0,
            "bbox": [
                989.0,
                968.0,
                15.0,
                14.0
            ],
            "category_id": 1,
            "id": 107
        },
        {
            "segmentation": [
                [
                    1217.5925925925926,
                    685.1851851851851,
                    1228.7037037037037,
                    703.7037037037037
                ]
            ],
            "iscrowd": 0,
            "area": 0.0,
            "image_id": 0,
            "bbox": [
                1217.0,
                685.0,
                11.0,
                18.0
            ],
            "category_id": 1,
            "id": 108
        },
        {
            "segmentation": [
                [
                    1207.4074074074074,
                    777.7777777777777,
                    1223.148148148148,
                    792.5925925925925
                ]
            ],
            "iscrowd": 0,
            "area": 0.0,
            "image_id": 0,
            "bbox": [
                1207.0,
                777.0,
                16.0,
                15.0
            ],
            "category_id": 1,
            "id": 109
        },
        {
            "segmentation": [
                [
                    1227.7777777777776,
                    781.4814814814814,
                    1241.6666666666665,
                    796.2962962962962
                ]
            ],
            "iscrowd": 0,
            "area": 0.0,
            "image_id": 0,
            "bbox": [
                1227.0,
                781.0,
                14.0,
                15.0
            ],
            "category_id": 1,
            "id": 110
        },
        {
            "segmentation": [
                [
                    1162.037037037037,
                    841.6666666666666,
                    1174.074074074074,
                    856.4814814814814
                ]
            ],
            "iscrowd": 0,
            "area": 0.0,
            "image_id": 0,
            "bbox": [
                1162.0,
                841.0,
                12.0,
                15.0
            ],
            "category_id": 1,
            "id": 111
        },
        {
            "segmentation": [
                [
                    1307.4074074074074,
                    1030.5555555555554,
                    1321.2962962962963,
                    1043.5185185185185
                ]
            ],
            "iscrowd": 0,
            "area": 0.0,
            "image_id": 0,
            "bbox": [
                1307.0,
                1030.0,
                14.0,
                13.0
            ],
            "category_id": 1,
            "id": 112
        },
        {
            "segmentation": [
                [
                    1472.2222222222222,
                    1125.9259259259259,
                    1483.3333333333333,
                    1137.9629629629628
                ]
            ],
            "iscrowd": 0,
            "area": 0.0,
            "image_id": 0,
            "bbox": [
                1472.0,
                1125.0,
                11.0,
                12.0
            ],
            "category_id": 1,
            "id": 113
        },
        {
            "segmentation": [
                [
                    1512.037037037037,
                    913.8888888888888,
                    1529.6296296296296,
                    928.7037037037037
                ]
            ],
            "iscrowd": 0,
            "area": 0.0,
            "image_id": 0,
            "bbox": [
                1512.0,
                913.0,
                17.0,
                15.0
            ],
            "category_id": 1,
            "id": 114
        },
        {
            "segmentation": [
                [
                    1588.8888888888887,
                    812.9629629629629,
                    1605.5555555555554,
                    829.6296296296296
                ]
            ],
            "iscrowd": 0,
            "area": 0.0,
            "image_id": 0,
            "bbox": [
                1588.0,
                812.0,
                17.0,
                17.0
            ],
            "category_id": 1,
            "id": 115
        },
        {
            "segmentation": [
                [
                    1685.185185185185,
                    997.2222222222222,
                    1695.3703703703702,
                    1004.6296296296296
                ]
            ],
            "iscrowd": 0,
            "area": 0.0,
            "image_id": 0,
            "bbox": [
                1685.0,
                997.0,
                10.0,
                7.0
            ],
            "category_id": 1,
            "id": 116
        },
        {
            "segmentation": [
                [
                    1557.4074074074074,
                    1348.148148148148,
                    1573.148148148148,
                    1362.037037037037
                ]
            ],
            "iscrowd": 0,
            "area": 0.0,
            "image_id": 0,
            "bbox": [
                1557.0,
                1348.0,
                16.0,
                14.0
            ],
            "category_id": 1,
            "id": 117
        },
        {
            "segmentation": [
                [
                    1273.148148148148,
                    1401.8518518518517,
                    1288.888888888889,
                    1420.3703703703702
                ]
            ],
            "iscrowd": 0,
            "area": 0.0,
            "image_id": 0,
            "bbox": [
                1273.0,
                1401.0,
                15.0,
                19.0
            ],
            "category_id": 1,
            "id": 118
        },
        {
            "segmentation": [
                [
                    1838.8888888888887,
                    1655.5555555555554,
                    1852.7777777777776,
                    1667.5925925925924
                ]
            ],
            "iscrowd": 0,
            "area": 0.0,
            "image_id": 0,
            "bbox": [
                1838.0,
                1655.0,
                14.0,
                12.0
            ],
            "category_id": 1,
            "id": 119
        },
        {
            "segmentation": [
                [
                    1549.074074074074,
                    1813.8888888888887,
                    1562.9629629629628,
                    1832.4074074074074
                ]
            ],
            "iscrowd": 0,
            "area": 0.0,
            "image_id": 0,
            "bbox": [
                1549.0,
                1813.0,
                13.0,
                19.0
            ],
            "category_id": 1,
            "id": 120
        },
        {
            "segmentation": [
                [
                    1532.4074074074074,
                    1821.296296296296,
                    1550.0,
                    1835.185185185185
                ]
            ],
            "iscrowd": 0,
            "area": 0.0,
            "image_id": 0,
            "bbox": [
                1532.0,
                1821.0,
                18.0,
                14.0
            ],
            "category_id": 1,
            "id": 121
        },
        {
            "segmentation": [
                [
                    1461.111111111111,
                    488.88888888888886,
                    1477.7777777777776,
                    507.4074074074074
                ]
            ],
            "iscrowd": 0,
            "area": 0.0,
            "image_id": 0,
            "bbox": [
                1461.0,
                488.0,
                16.0,
                19.0
            ],
            "category_id": 1,
            "id": 122
        },
        {
            "segmentation": [
                [
                    348.14814814814815,
                    997.2222222222222,
                    361.1111111111111,
                    1008.3333333333333
                ]
            ],
            "iscrowd": 0,
            "area": 0.0,
            "image_id": 0,
            "bbox": [
                348.0,
                997.0,
                13.0,
                11.0
            ],
            "category_id": 1,
            "id": 123
        }
    ]
}