{
    "images": [
        {
            "height": 2288,
            "width": 2376,
            "id": 0,
            "file_name": "CP1_2_3a_colour.png"
        }
    ],
    "categories": [
        {
            "supercategory": "g",
            "id": 0,
            "name": "g"
        },
        {
            "supercategory": "p",
            "id": 1,
            "name": "p"
        }
    ],
    "annotations": [
        {
            "segmentation": [
                [
                    976.8115942028985,
                    284.05797101449275,
                    1034.782608695652,
                    343.4782608695652
                ]
            ],
            "iscrowd": 0,
            "area": 0.0,
            "image_id": 0,
            "bbox": [
                976.0,
                284.0,
                58.0,
                59.0
            ],
            "category_id": 0,
            "id": 1
        },
        {
            "segmentation": [
                [
                    931.8840579710144,
                    355.07246376811594,
                    988.4057971014491,
                    410.1449275362319
                ]
            ],
            "iscrowd": 0,
            "area": 0.0,
            "image_id": 0,
            "bbox": [
                931.0,
                355.0,
                57.0,
                55.0
            ],
            "category_id": 0,
            "id": 2
        },
        {
            "segmentation": [
                [
                    891.3043478260869,
                    371.01449275362313,
                    928.9855072463768,
                    407.2463768115942
                ]
            ],
            "iscrowd": 0,
            "area": 0.0,
            "image_id": 0,
            "bbox": [
                891.0,
                371.0,
                37.0,
                36.0
            ],
            "category_id": 0,
            "id": 3
        },
        {
            "segmentation": [
                [
                    955.0724637681159,
                    505.7971014492753,
                    1008.695652173913,
                    562.3188405797101
                ]
            ],
            "iscrowd": 0,
            "area": 0.0,
            "image_id": 0,
            "bbox": [
                955.0,
                505.0,
                53.0,
                57.0
            ],
            "category_id": 0,
            "id": 4
        },
        {
            "segmentation": [
                [
                    1455.0724637681158,
                    444.927536231884,
                    1511.5942028985505,
                    504.3478260869565
                ]
            ],
            "iscrowd": 0,
            "area": 0.0,
            "image_id": 0,
            "bbox": [
                1455.0,
                444.0,
                56.0,
                60.0
            ],
            "category_id": 0,
            "id": 5
        },
        {
            "segmentation": [
                [
                    742.0289855072463,
                    731.8840579710144,
                    776.8115942028985,
                    763.7681159420289
                ]
            ],
            "iscrowd": 0,
            "area": 0.0,
            "image_id": 0,
            "bbox": [
                742.0,
                731.0,
                34.0,
                32.0
            ],
            "category_id": 0,
            "id": 6
        },
        {
            "segmentation": [
                [
                    643.4782608695651,
                    875.3623188405796,
                    699.9999999999999,
                    930.4347826086956
                ]
            ],
            "iscrowd": 0,
            "area": 0.0,
            "image_id": 0,
            "bbox": [
                643.0,
                875.0,
                56.0,
                55.0
            ],
            "category_id": 0,
            "id": 7
        },
        {
            "segmentation": [
                [
                    1363.7681159420288,
                    991.3043478260869,
                    1421.7391304347825,
                    1046.3768115942028
                ]
            ],
            "iscrowd": 0,
            "area": 0.0,
            "image_id": 0,
            "bbox": [
                1363.0,
                991.0,
                58.0,
                55.0
            ],
            "category_id": 0,
            "id": 8
        },
        {
            "segmentation": [
                [
                    957.9710144927535,
                    1159.4202898550723,
                    1013.0434782608695,
                    1218.8405797101448
                ]
            ],
            "iscrowd": 0,
            "area": 0.0,
            "image_id": 0,
            "bbox": [
                957.0,
                1159.0,
                56.0,
                59.0
            ],
            "category_id": 0,
            "id": 9
        },
        {
            "segmentation": [
                [
                    1204.3478260869565,
                    1285.5072463768115,
                    1257.9710144927535,
                    1336.231884057971
                ]
            ],
            "iscrowd": 0,
            "area": 0.0,
            "image_id": 0,
            "bbox": [
                1204.0,
                1285.0,
                53.0,
                51.0
            ],
            "category_id": 0,
            "id": 10
        },
        {
            "segmentation": [
                [
                    998.5507246376811,
                    1447.8260869565215,
                    1059.4202898550723,
                    1497.1014492753623
                ]
            ],
            "iscrowd": 0,
            "area": 0.0,
            "image_id": 0,
            "bbox": [
                998.0,
                1447.0,
                61.0,
                50.0
            ],
            "category_id": 0,
            "id": 11
        },
        {
            "segmentation": [
                [
                    1071.014492753623,
                    1505.7971014492753,
                    1118.8405797101448,
                    1562.31884057971
                ]
            ],
            "iscrowd": 0,
            "area": 0.0,
            "image_id": 0,
            "bbox": [
                1071.0,
                1505.0,
                47.0,
                57.0
            ],
            "category_id": 0,
            "id": 12
        },
        {
            "segmentation": [
                [
                    1608.695652173913,
                    1439.1304347826085,
                    1657.9710144927535,
                    1489.855072463768
                ]
            ],
            "iscrowd": 0,
            "area": 0.0,
            "image_id": 0,
            "bbox": [
                1608.0,
                1439.0,
                49.0,
                50.0
            ],
            "category_id": 0,
            "id": 13
        },
        {
            "segmentation": [
                [
                    1047.8260869565217,
                    330.4347826086956,
                    1068.1159420289855,
                    347.8260869565217
                ]
            ],
            "iscrowd": 0,
            "area": 0.0,
            "image_id": 0,
            "bbox": [
                1047.0,
                330.0,
                21.0,
                17.0
            ],
            "category_id": 1,
            "id": 14
        },
        {
            "segmentation": [
                [
                    1176.8115942028985,
                    452.17391304347825,
                    1198.550724637681,
                    471.01449275362313
                ]
            ],
            "iscrowd": 0,
            "area": 0.0,
            "image_id": 0,
            "bbox": [
                1176.0,
                452.0,
                22.0,
                19.0
            ],
            "category_id": 1,
            "id": 15
        },
        {
            "segmentation": [
                [
                    989.855072463768,
                    708.695652173913,
                    1010.1449275362318,
                    730.4347826086956
                ]
            ],
            "iscrowd": 0,
            "area": 0.0,
            "image_id": 0,
            "bbox": [
                989.0,
                708.0,
                21.0,
                22.0
            ],
            "category_id": 1,
            "id": 16
        },
        {
            "segmentation": [
                [
                    707.2463768115941,
                    742.0289855072463,
                    724.6376811594203,
                    759.4202898550724
                ]
            ],
            "iscrowd": 0,
            "area": 0.0,
            "image_id": 0,
            "bbox": [
                707.0,
                742.0,
                17.0,
                17.0
            ],
            "category_id": 1,
            "id": 17
        },
        {
            "segmentation": [
                [
                    1078.2608695652173,
                    840.5797101449275,
                    1094.2028985507245,
                    856.5217391304348
                ]
            ],
            "iscrowd": 0,
            "area": 0.0,
            "image_id": 0,
            "bbox": [
                1078.0,
                840.0,
                16.0,
                16.0
            ],
            "category_id": 1,
            "id": 18
        },
        {
            "segmentation": [
                [
                    1350.7246376811593,
                    578.2608695652174,
                    1373.9130434782608,
                    605.7971014492753
                ]
            ],
            "iscrowd": 0,
            "area": 0.0,
            "image_id": 0,
            "bbox": [
                1350.0,
                578.0,
                23.0,
                27.0
            ],
            "category_id": 1,
            "id": 19
        },
        {
            "segmentation": [
                [
                    1326.086956521739,
                    620.2898550724638,
                    1343.478260869565,
                    636.231884057971
                ]
            ],
            "iscrowd": 0,
            "area": 0.0,
            "image_id": 0,
            "bbox": [
                1326.0,
                620.0,
                17.0,
                16.0
            ],
            "category_id": 1,
            "id": 20
        },
        {
            "segmentation": [
                [
                    1569.5652173913043,
                    799.9999999999999,
                    1592.7536231884058,
                    827.5362318840579
                ]
            ],
            "iscrowd": 0,
            "area": 0.0,
            "image_id": 0,
            "bbox": [
                1569.0,
                799.0,
                23.0,
                28.0
            ],
            "category_id": 1,
            "id": 21
        },
        {
            "segmentation": [
                [
                    1610.1449275362318,
                    899.9999999999999,
                    1630.4347826086955,
                    920.2898550724636
                ]
            ],
            "iscrowd": 0,
            "area": 0.0,
            "image_id": 0,
            "bbox": [
                1610.0,
                899.0,
                20.0,
                21.0
            ],
            "category_id": 1,
            "id": 22
        },
        {
            "segmentation": [
                [
                    1465.2173913043478,
                    1146.3768115942028,
                    1484.0579710144925,
                    1163.768115942029
                ]
            ],
            "iscrowd": 0,
            "area": 0.0,
            "image_id": 0,
            "bbox": [
                1465.0,
                1146.0,
                19.0,
                17.0
            ],
            "category_id": 1,
            "id": 23
        },
        {
            "segmentation": [
                [
                    1344.927536231884,
                    1110.1449275362318,
                    1368.1159420289855,
                    1134.782608695652
                ]
            ],
            "iscrowd": 0,
            "area": 0.0,
            "image_id": 0,
            "bbox": [
                1344.0,
                1110.0,
                24.0,
                24.0
            ],
            "category_id": 1,
            "id": 24
        },
        {
            "segmentation": [
                [
                    1202.8985507246375,
                    1173.9130434782608,
                    1227.5362318840578,
                    1197.1014492753623
                ]
            ],
            "iscrowd": 0,
            "area": 0.0,
            "image_id": 0,
            "bbox": [
                1202.0,
                1173.0,
                25.0,
                24.0
            ],
            "category_id": 1,
            "id": 25
        },
        {
            "segmentation": [
                [
                    1121.7391304347825,
                    1144.927536231884,
                    1136.231884057971,
                    1165.2173913043478
                ]
            ],
            "iscrowd": 0,
            "area": 0.0,
            "image_id": 0,
            "bbox": [
                1121.0,
                1144.0,
                15.0,
                21.0
            ],
            "category_id": 1,
            "id": 26
        },
        {
            "segmentation": [
                [
                    1026.086956521739,
                    1155.0724637681158,
                    1046.3768115942028,
                    1171.014492753623
                ]
            ],
            "iscrowd": 0,
            "area": 0.0,
            "image_id": 0,
            "bbox": [
                1026.0,
                1155.0,
                20.0,
                16.0
            ],
            "category_id": 1,
            "id": 27
        },
        {
            "segmentation": [
                [
                    1240.5797101449275,
                    1250.7246376811593,
                    1262.31884057971,
                    1266.6666666666665
                ]
            ],
            "iscrowd": 0,
            "area": 0.0,
            "image_id": 0,
            "bbox": [
                1240.0,
                1250.0,
                22.0,
                16.0
            ],
            "category_id": 1,
            "id": 28
        },
        {
            "segmentation": [
                [
                    1133.3333333333333,
                    1502.8985507246375,
                    1155.0724637681158,
                    1523.1884057971013
                ]
            ],
            "iscrowd": 0,
            "area": 0.0,
            "image_id": 0,
            "bbox": [
                1133.0,
                1502.0,
                22.0,
                21.0
            ],
            "category_id": 1,
            "id": 29
        },
        {
            "segmentation": [
                [
                    1273.9130434782608,
                    1421.7391304347825,
                    1292.7536231884058,
                    1436.231884057971
                ]
            ],
            "iscrowd": 0,
            "area": 0.0,
            "image_id": 0,
            "bbox": [
                1273.0,
                1421.0,
                19.0,
                15.0
            ],
            "category_id": 1,
            "id": 30
        },
        {
            "segmentation": [
                [
                    1297.1014492753623,
                    1401.4492753623188,
                    1314.4927536231883,
                    1420.2898550724638
                ]
            ],
            "iscrowd": 0,
            "area": 0.0,
            "image_id": 0,
            "bbox": [
                1297.0,
                1401.0,
                17.0,
                19.0
            ],
            "category_id": 1,
            "id": 31
        },
        {
            "segmentation": [
                [
                    1559.4202898550723,
                    1489.855072463768,
                    1576.8115942028985,
                    1502.8985507246375
                ]
            ],
            "iscrowd": 0,
            "area": 0.0,
            "image_id": 0,
            "bbox": [
                1559.0,
                1489.0,
                17.0,
                13.0
            ],
            "category_id": 1,
            "id": 32
        },
        {
            "segmentation": [
                [
                    1447.8260869565215,
                    1691.3043478260868,
                    1466.6666666666665,
                    1715.942028985507
                ]
            ],
            "iscrowd": 0,
            "area": 0.0,
            "image_id": 0,
            "bbox": [
                1447.0,
                1691.0,
                19.0,
                24.0
            ],
            "category_id": 1,
            "id": 33
        },
        {
            "segmentation": [
                [
                    1649.2753623188405,
                    1724.6376811594203,
                    1665.2173913043478,
                    1742.0289855072463
                ]
            ],
            "iscrowd": 0,
            "area": 0.0,
            "image_id": 0,
            "bbox": [
                1649.0,
                1724.0,
                16.0,
                18.0
            ],
            "category_id": 1,
            "id": 34
        },
        {
            "segmentation": [
                [
                    1640.5797101449275,
                    1799.9999999999998,
                    1662.31884057971,
                    1821.7391304347825
                ]
            ],
            "iscrowd": 0,
            "area": 0.0,
            "image_id": 0,
            "bbox": [
                1640.0,
                1799.0,
                22.0,
                22.0
            ],
            "category_id": 1,
            "id": 35
        },
        {
            "segmentation": [
                [
                    1891.3043478260868,
                    802.8985507246376,
                    1915.942028985507,
                    824.6376811594203
                ]
            ],
            "iscrowd": 0,
            "area": 0.0,
            "image_id": 0,
            "bbox": [
                1891.0,
                802.0,
                24.0,
                22.0
            ],
            "category_id": 1,
            "id": 36
        }
    ]
}