{
    "images": [
        {
            "height": 2288,
            "width": 2376,
            "id": 0,
            "file_name": "CP1_1_gray_1_colour.png"
        }
    ],
    "categories": [
        {
            "supercategory": "g",
            "id": 0,
            "name": "g"
        },
        {
            "supercategory": "p",
            "id": 1,
            "name": "p"
        }
    ],
    "annotations": [
        {
            "segmentation": [
                [
                    905.6603773584906,
                    503.77358490566036,
                    943.3962264150942,
                    535.8490566037735
                ]
            ],
            "iscrowd": 0,
            "area": 0.0,
            "image_id": 0,
            "bbox": [
                905.0,
                503.0,
                38.0,
                32.0
            ],
            "category_id": 0,
            "id": 1
        },
        {
            "segmentation": [
                [
                    433.9622641509434,
                    696.2264150943396,
                    479.2452830188679,
                    739.622641509434
                ]
            ],
            "iscrowd": 0,
            "area": 0.0,
            "image_id": 0,
            "bbox": [
                433.0,
                696.0,
                46.0,
                43.0
            ],
            "category_id": 0,
            "id": 2
        },
        {
            "segmentation": [
                [
                    649.0566037735849,
                    583.0188679245283,
                    677.3584905660377,
                    609.4339622641509
                ]
            ],
            "iscrowd": 0,
            "area": 0.0,
            "image_id": 0,
            "bbox": [
                649.0,
                583.0,
                28.0,
                26.0
            ],
            "category_id": 1,
            "id": 3
        },
        {
            "segmentation": [
                [
                    788.6792452830189,
                    643.3962264150944,
                    809.4339622641509,
                    658.4905660377358
                ]
            ],
            "iscrowd": 0,
            "area": 0.0,
            "image_id": 0,
            "bbox": [
                788.0,
                643.0,
                21.0,
                15.0
            ],
            "category_id": 1,
            "id": 4
        },
        {
            "segmentation": [
                [
                    720.754716981132,
                    837.7358490566037,
                    735.8490566037735,
                    867.9245283018868
                ]
            ],
            "iscrowd": 0,
            "area": 0.0,
            "image_id": 0,
            "bbox": [
                720.0,
                837.0,
                15.0,
                30.0
            ],
            "category_id": 1,
            "id": 5
        },
        {
            "segmentation": [
                [
                    603.7735849056603,
                    786.7924528301886,
                    618.8679245283018,
                    807.5471698113207
                ]
            ],
            "iscrowd": 0,
            "area": 0.0,
            "image_id": 0,
            "bbox": [
                603.0,
                786.0,
                15.0,
                21.0
            ],
            "category_id": 1,
            "id": 6
        },
        {
            "segmentation": [
                [
                    707.5471698113207,
                    1094.3396226415093,
                    728.3018867924528,
                    1113.2075471698113
                ]
            ],
            "iscrowd": 0,
            "area": 0.0,
            "image_id": 0,
            "bbox": [
                707.0,
                1094.0,
                21.0,
                19.0
            ],
            "category_id": 1,
            "id": 7
        },
        {
            "segmentation": [
                [
                    994.3396226415094,
                    1126.4150943396226,
                    1028.3018867924527,
                    1162.264150943396
                ]
            ],
            "iscrowd": 0,
            "area": 0.0,
            "image_id": 0,
            "bbox": [
                994.0,
                1126.0,
                34.0,
                36.0
            ],
            "category_id": 1,
            "id": 8
        },
        {
            "segmentation": [
                [
                    809.4339622641509,
                    1583.0188679245282,
                    828.3018867924528,
                    1601.8867924528302
                ]
            ],
            "iscrowd": 0,
            "area": 0.0,
            "image_id": 0,
            "bbox": [
                809.0,
                1583.0,
                19.0,
                18.0
            ],
            "category_id": 1,
            "id": 9
        },
        {
            "segmentation": [
                [
                    932.0754716981131,
                    1620.754716981132,
                    960.3773584905659,
                    1645.2830188679245
                ]
            ],
            "iscrowd": 0,
            "area": 0.0,
            "image_id": 0,
            "bbox": [
                932.0,
                1620.0,
                28.0,
                25.0
            ],
            "category_id": 1,
            "id": 10
        },
        {
            "segmentation": [
                [
                    977.3584905660376,
                    1579.245283018868,
                    998.1132075471697,
                    1600.0
                ]
            ],
            "iscrowd": 0,
            "area": 0.0,
            "image_id": 0,
            "bbox": [
                977.0,
                1579.0,
                21.0,
                21.0
            ],
            "category_id": 1,
            "id": 11
        },
        {
            "segmentation": [
                [
                    1011.3207547169811,
                    1594.3396226415093,
                    1028.3018867924527,
                    1611.3207547169811
                ]
            ],
            "iscrowd": 0,
            "area": 0.0,
            "image_id": 0,
            "bbox": [
                1011.0,
                1594.0,
                17.0,
                17.0
            ],
            "category_id": 1,
            "id": 12
        },
        {
            "segmentation": [
                [
                    1026.4150943396226,
                    1447.1698113207547,
                    1049.0566037735848,
                    1460.377358490566
                ]
            ],
            "iscrowd": 0,
            "area": 0.0,
            "image_id": 0,
            "bbox": [
                1026.0,
                1447.0,
                23.0,
                13.0
            ],
            "category_id": 1,
            "id": 13
        },
        {
            "segmentation": [
                [
                    466.03773584905656,
                    847.1698113207547,
                    513.2075471698113,
                    892.4528301886792
                ]
            ],
            "iscrowd": 0,
            "area": 0.0,
            "image_id": 0,
            "bbox": [
                466.0,
                847.0,
                47.0,
                45.0
            ],
            "category_id": 0,
            "id": 14
        },
        {
            "segmentation": [
                [
                    1311.3207547169811,
                    683.0188679245283,
                    1328.3018867924527,
                    696.2264150943396
                ]
            ],
            "iscrowd": 0,
            "area": 0.0,
            "image_id": 0,
            "bbox": [
                1311.0,
                683.0,
                17.0,
                13.0
            ],
            "category_id": 1,
            "id": 15
        },
        {
            "segmentation": [
                [
                    1477.3584905660377,
                    607.5471698113207,
                    1520.754716981132,
                    649.0566037735849
                ]
            ],
            "iscrowd": 0,
            "area": 0.0,
            "image_id": 0,
            "bbox": [
                1477.0,
                607.0,
                43.0,
                42.0
            ],
            "category_id": 0,
            "id": 16
        },
        {
            "segmentation": [
                [
                    1154.7169811320755,
                    1254.7169811320755,
                    1211.3207547169811,
                    1305.6603773584905
                ]
            ],
            "iscrowd": 0,
            "area": 0.0,
            "image_id": 0,
            "bbox": [
                1154.0,
                1254.0,
                57.0,
                51.0
            ],
            "category_id": 0,
            "id": 17
        },
        {
            "segmentation": [
                [
                    1732.0754716981132,
                    900.0,
                    1766.0377358490566,
                    947.1698113207547
                ]
            ],
            "iscrowd": 0,
            "area": 0.0,
            "image_id": 0,
            "bbox": [
                1732.0,
                900.0,
                34.0,
                47.0
            ],
            "category_id": 0,
            "id": 18
        },
        {
            "segmentation": [
                [
                    637.7358490566038,
                    1028.3018867924527,
                    694.3396226415094,
                    1077.3584905660377
                ]
            ],
            "iscrowd": 0,
            "area": 0.0,
            "image_id": 0,
            "bbox": [
                637.0,
                1028.0,
                57.0,
                49.0
            ],
            "category_id": 0,
            "id": 19
        },
        {
            "segmentation": [
                [
                    622.6415094339623,
                    1054.7169811320755,
                    686.7924528301886,
                    1113.2075471698113
                ]
            ],
            "iscrowd": 0,
            "area": 0.0,
            "image_id": 0,
            "bbox": [
                622.0,
                1054.0,
                64.0,
                59.0
            ],
            "category_id": 0,
            "id": 20
        },
        {
            "segmentation": [
                [
                    1003.7735849056603,
                    1696.2264150943395,
                    1054.7169811320755,
                    1749.0566037735848
                ]
            ],
            "iscrowd": 0,
            "area": 0.0,
            "image_id": 0,
            "bbox": [
                1003.0,
                1696.0,
                51.0,
                53.0
            ],
            "category_id": 0,
            "id": 21
        },
        {
            "segmentation": [
                [
                    1081.132075471698,
                    1664.1509433962262,
                    1137.7358490566037,
                    1720.7547169811319
                ]
            ],
            "iscrowd": 0,
            "area": 0.0,
            "image_id": 0,
            "bbox": [
                1081.0,
                1664.0,
                56.0,
                56.0
            ],
            "category_id": 0,
            "id": 22
        },
        {
            "segmentation": [
                [
                    1258.4905660377358,
                    1654.7169811320755,
                    1320.754716981132,
                    1718.8679245283017
                ]
            ],
            "iscrowd": 0,
            "area": 0.0,
            "image_id": 0,
            "bbox": [
                1258.0,
                1654.0,
                62.0,
                64.0
            ],
            "category_id": 0,
            "id": 23
        },
        {
            "segmentation": [
                [
                    1292.4528301886792,
                    1703.7735849056603,
                    1337.7358490566037,
                    1758.4905660377358
                ]
            ],
            "iscrowd": 0,
            "area": 0.0,
            "image_id": 0,
            "bbox": [
                1292.0,
                1703.0,
                45.0,
                55.0
            ],
            "category_id": 0,
            "id": 24
        },
        {
            "segmentation": [
                [
                    1133.9622641509434,
                    1783.0188679245282,
                    1186.7924528301887,
                    1841.509433962264
                ]
            ],
            "iscrowd": 0,
            "area": 0.0,
            "image_id": 0,
            "bbox": [
                1133.0,
                1783.0,
                53.0,
                58.0
            ],
            "category_id": 0,
            "id": 25
        },
        {
            "segmentation": [
                [
                    669.8113207547169,
                    1237.7358490566037,
                    694.3396226415094,
                    1256.6037735849056
                ]
            ],
            "iscrowd": 0,
            "area": 0.0,
            "image_id": 0,
            "bbox": [
                669.0,
                1237.0,
                25.0,
                19.0
            ],
            "category_id": 1,
            "id": 26
        },
        {
            "segmentation": [
                [
                    637.7358490566038,
                    1335.8490566037735,
                    656.6037735849056,
                    1352.830188679245
                ]
            ],
            "iscrowd": 0,
            "area": 0.0,
            "image_id": 0,
            "bbox": [
                637.0,
                1335.0,
                19.0,
                17.0
            ],
            "category_id": 1,
            "id": 27
        },
        {
            "segmentation": [
                [
                    658.4905660377358,
                    1377.3584905660377,
                    679.2452830188679,
                    1394.3396226415093
                ]
            ],
            "iscrowd": 0,
            "area": 0.0,
            "image_id": 0,
            "bbox": [
                658.0,
                1377.0,
                21.0,
                17.0
            ],
            "category_id": 1,
            "id": 28
        },
        {
            "segmentation": [
                [
                    1194.3396226415093,
                    1811.3207547169811,
                    1209.433962264151,
                    1830.1886792452829
                ]
            ],
            "iscrowd": 0,
            "area": 0.0,
            "image_id": 0,
            "bbox": [
                1194.0,
                1811.0,
                15.0,
                19.0
            ],
            "category_id": 1,
            "id": 29
        },
        {
            "segmentation": [
                [
                    1358.4905660377358,
                    1760.377358490566,
                    1381.132075471698,
                    1777.3584905660377
                ]
            ],
            "iscrowd": 0,
            "area": 0.0,
            "image_id": 0,
            "bbox": [
                1358.0,
                1760.0,
                23.0,
                17.0
            ],
            "category_id": 1,
            "id": 30
        },
        {
            "segmentation": [
                [
                    1611.3207547169811,
                    735.8490566037735,
                    1637.7358490566037,
                    762.2641509433962
                ]
            ],
            "iscrowd": 0,
            "area": 0.0,
            "image_id": 0,
            "bbox": [
                1611.0,
                735.0,
                26.0,
                27.0
            ],
            "category_id": 1,
            "id": 31
        },
        {
            "segmentation": [
                [
                    1762.264150943396,
                    624.5283018867924,
                    1784.9056603773583,
                    649.0566037735849
                ]
            ],
            "iscrowd": 0,
            "area": 0.0,
            "image_id": 0,
            "bbox": [
                1762.0,
                624.0,
                22.0,
                25.0
            ],
            "category_id": 1,
            "id": 32
        },
        {
            "segmentation": [
                [
                    1362.264150943396,
                    775.4716981132075,
                    1384.9056603773583,
                    790.566037735849
                ]
            ],
            "iscrowd": 0,
            "area": 0.0,
            "image_id": 0,
            "bbox": [
                1362.0,
                775.0,
                22.0,
                15.0
            ],
            "category_id": 1,
            "id": 33
        },
        {
            "segmentation": [
                [
                    1243.3962264150944,
                    1135.8490566037735,
                    1267.9245283018868,
                    1158.4905660377358
                ]
            ],
            "iscrowd": 0,
            "area": 0.0,
            "image_id": 0,
            "bbox": [
                1243.0,
                1135.0,
                24.0,
                23.0
            ],
            "category_id": 1,
            "id": 34
        },
        {
            "segmentation": [
                [
                    1696.2264150943395,
                    1262.264150943396,
                    1720.7547169811319,
                    1283.0188679245282
                ]
            ],
            "iscrowd": 0,
            "area": 0.0,
            "image_id": 0,
            "bbox": [
                1696.0,
                1262.0,
                24.0,
                21.0
            ],
            "category_id": 1,
            "id": 35
        },
        {
            "segmentation": [
                [
                    1656.6037735849056,
                    1543.3962264150944,
                    1677.3584905660377,
                    1562.264150943396
                ]
            ],
            "iscrowd": 0,
            "area": 0.0,
            "image_id": 0,
            "bbox": [
                1656.0,
                1543.0,
                21.0,
                19.0
            ],
            "category_id": 1,
            "id": 36
        },
        {
            "segmentation": [
                [
                    1781.132075471698,
                    1633.9622641509434,
                    1805.6603773584905,
                    1664.1509433962262
                ]
            ],
            "iscrowd": 0,
            "area": 0.0,
            "image_id": 0,
            "bbox": [
                1781.0,
                1633.0,
                24.0,
                31.0
            ],
            "category_id": 1,
            "id": 37
        },
        {
            "segmentation": [
                [
                    1998.1132075471696,
                    1547.1698113207547,
                    2020.7547169811319,
                    1564.1509433962262
                ]
            ],
            "iscrowd": 0,
            "area": 0.0,
            "image_id": 0,
            "bbox": [
                1998.0,
                1547.0,
                22.0,
                17.0
            ],
            "category_id": 1,
            "id": 38
        },
        {
            "segmentation": [
                [
                    2039.6226415094338,
                    1462.264150943396,
                    2060.3773584905657,
                    1484.9056603773583
                ]
            ],
            "iscrowd": 0,
            "area": 0.0,
            "image_id": 0,
            "bbox": [
                2039.0,
                1462.0,
                21.0,
                22.0
            ],
            "category_id": 1,
            "id": 39
        }
    ]
}