{
    "images": [
        {
            "height": 2288,
            "width": 2376,
            "id": 0,
            "file_name": "CP2_2_2a_colour.png"
        }
    ],
    "categories": [
        {
            "supercategory": "g",
            "id": 0,
            "name": "g"
        },
        {
            "supercategory": "p",
            "id": 1,
            "name": "p"
        }
    ],
    "annotations": [
        {
            "segmentation": [
                [
                    798.4126984126984,
                    331.74603174603175,
                    865.0793650793651,
                    388.8888888888889
                ]
            ],
            "iscrowd": 0,
            "area": 0.0,
            "image_id": 0,
            "bbox": [
                798.0,
                331.0,
                67.0,
                57.0
            ],
            "category_id": 0,
            "id": 1
        },
        {
            "segmentation": [
                [
                    753.968253968254,
                    373.015873015873,
                    815.8730158730159,
                    420.6349206349206
                ]
            ],
            "iscrowd": 0,
            "area": 0.0,
            "image_id": 0,
            "bbox": [
                753.0,
                373.0,
                62.0,
                47.0
            ],
            "category_id": 0,
            "id": 2
        },
        {
            "segmentation": [
                [
                    722.2222222222222,
                    465.07936507936506,
                    768.2539682539682,
                    511.1111111111111
                ]
            ],
            "iscrowd": 0,
            "area": 0.0,
            "image_id": 0,
            "bbox": [
                722.0,
                465.0,
                46.0,
                46.0
            ],
            "category_id": 0,
            "id": 3
        },
        {
            "segmentation": [
                [
                    701.5873015873016,
                    506.3492063492063,
                    747.6190476190476,
                    546.031746031746
                ]
            ],
            "iscrowd": 0,
            "area": 0.0,
            "image_id": 0,
            "bbox": [
                701.0,
                506.0,
                46.0,
                40.0
            ],
            "category_id": 0,
            "id": 4
        },
        {
            "segmentation": [
                [
                    698.4126984126984,
                    538.0952380952381,
                    753.968253968254,
                    582.5396825396825
                ]
            ],
            "iscrowd": 0,
            "area": 0.0,
            "image_id": 0,
            "bbox": [
                698.0,
                538.0,
                55.0,
                44.0
            ],
            "category_id": 0,
            "id": 5
        },
        {
            "segmentation": [
                [
                    1128.5714285714287,
                    558.7301587301587,
                    1185.7142857142858,
                    612.6984126984127
                ]
            ],
            "iscrowd": 0,
            "area": 0.0,
            "image_id": 0,
            "bbox": [
                1128.0,
                558.0,
                57.0,
                54.0
            ],
            "category_id": 0,
            "id": 6
        },
        {
            "segmentation": [
                [
                    1031.7460317460318,
                    615.8730158730159,
                    1093.6507936507937,
                    668.2539682539682
                ]
            ],
            "iscrowd": 0,
            "area": 0.0,
            "image_id": 0,
            "bbox": [
                1031.0,
                615.0,
                62.0,
                53.0
            ],
            "category_id": 0,
            "id": 7
        },
        {
            "segmentation": [
                [
                    995.2380952380952,
                    733.3333333333334,
                    1041.2698412698412,
                    780.952380952381
                ]
            ],
            "iscrowd": 0,
            "area": 0.0,
            "image_id": 0,
            "bbox": [
                995.0,
                733.0,
                46.0,
                47.0
            ],
            "category_id": 0,
            "id": 8
        },
        {
            "segmentation": [
                [
                    817.4603174603175,
                    750.7936507936508,
                    865.0793650793651,
                    795.2380952380952
                ]
            ],
            "iscrowd": 0,
            "area": 0.0,
            "image_id": 0,
            "bbox": [
                817.0,
                750.0,
                48.0,
                45.0
            ],
            "category_id": 0,
            "id": 9
        },
        {
            "segmentation": [
                [
                    741.2698412698412,
                    747.6190476190476,
                    782.5396825396825,
                    784.1269841269841
                ]
            ],
            "iscrowd": 0,
            "area": 0.0,
            "image_id": 0,
            "bbox": [
                741.0,
                747.0,
                41.0,
                37.0
            ],
            "category_id": 0,
            "id": 10
        },
        {
            "segmentation": [
                [
                    723.8095238095239,
                    768.2539682539682,
                    766.6666666666666,
                    806.3492063492064
                ]
            ],
            "iscrowd": 0,
            "area": 0.0,
            "image_id": 0,
            "bbox": [
                723.0,
                768.0,
                43.0,
                38.0
            ],
            "category_id": 0,
            "id": 11
        },
        {
            "segmentation": [
                [
                    482.53968253968253,
                    655.5555555555555,
                    534.9206349206349,
                    707.936507936508
                ]
            ],
            "iscrowd": 0,
            "area": 0.0,
            "image_id": 0,
            "bbox": [
                482.0,
                655.0,
                52.0,
                52.0
            ],
            "category_id": 0,
            "id": 12
        },
        {
            "segmentation": [
                [
                    600.0,
                    798.4126984126984,
                    647.6190476190476,
                    844.4444444444445
                ]
            ],
            "iscrowd": 0,
            "area": 0.0,
            "image_id": 0,
            "bbox": [
                600.0,
                798.0,
                47.0,
                46.0
            ],
            "category_id": 0,
            "id": 13
        },
        {
            "segmentation": [
                [
                    525.3968253968254,
                    866.6666666666666,
                    573.015873015873,
                    904.7619047619047
                ]
            ],
            "iscrowd": 0,
            "area": 0.0,
            "image_id": 0,
            "bbox": [
                525.0,
                866.0,
                48.0,
                38.0
            ],
            "category_id": 0,
            "id": 14
        },
        {
            "segmentation": [
                [
                    488.88888888888886,
                    912.6984126984127,
                    534.9206349206349,
                    953.968253968254
                ]
            ],
            "iscrowd": 0,
            "area": 0.0,
            "image_id": 0,
            "bbox": [
                488.0,
                912.0,
                46.0,
                41.0
            ],
            "category_id": 0,
            "id": 15
        },
        {
            "segmentation": [
                [
                    453.968253968254,
                    877.7777777777778,
                    501.58730158730157,
                    923.8095238095239
                ]
            ],
            "iscrowd": 0,
            "area": 0.0,
            "image_id": 0,
            "bbox": [
                453.0,
                877.0,
                48.0,
                46.0
            ],
            "category_id": 0,
            "id": 16
        },
        {
            "segmentation": [
                [
                    319.04761904761904,
                    982.5396825396825,
                    373.015873015873,
                    1028.5714285714287
                ]
            ],
            "iscrowd": 0,
            "area": 0.0,
            "image_id": 0,
            "bbox": [
                319.0,
                982.0,
                54.0,
                46.0
            ],
            "category_id": 0,
            "id": 17
        },
        {
            "segmentation": [
                [
                    342.85714285714283,
                    1134.920634920635,
                    392.06349206349205,
                    1188.888888888889
                ]
            ],
            "iscrowd": 0,
            "area": 0.0,
            "image_id": 0,
            "bbox": [
                342.0,
                1134.0,
                50.0,
                54.0
            ],
            "category_id": 0,
            "id": 18
        },
        {
            "segmentation": [
                [
                    425.3968253968254,
                    960.3174603174604,
                    474.6031746031746,
                    1014.2857142857143
                ]
            ],
            "iscrowd": 0,
            "area": 0.0,
            "image_id": 0,
            "bbox": [
                425.0,
                960.0,
                49.0,
                54.0
            ],
            "category_id": 0,
            "id": 19
        },
        {
            "segmentation": [
                [
                    517.4603174603175,
                    985.7142857142857,
                    571.4285714285714,
                    1028.5714285714287
                ]
            ],
            "iscrowd": 0,
            "area": 0.0,
            "image_id": 0,
            "bbox": [
                517.0,
                985.0,
                54.0,
                43.0
            ],
            "category_id": 0,
            "id": 20
        },
        {
            "segmentation": [
                [
                    620.6349206349206,
                    926.984126984127,
                    666.6666666666666,
                    974.6031746031746
                ]
            ],
            "iscrowd": 0,
            "area": 0.0,
            "image_id": 0,
            "bbox": [
                620.0,
                926.0,
                46.0,
                48.0
            ],
            "category_id": 0,
            "id": 21
        },
        {
            "segmentation": [
                [
                    647.6190476190476,
                    900.0,
                    701.5873015873016,
                    950.7936507936508
                ]
            ],
            "iscrowd": 0,
            "area": 0.0,
            "image_id": 0,
            "bbox": [
                647.0,
                900.0,
                54.0,
                50.0
            ],
            "category_id": 0,
            "id": 22
        },
        {
            "segmentation": [
                [
                    784.1269841269841,
                    849.2063492063492,
                    841.2698412698412,
                    900.0
                ]
            ],
            "iscrowd": 0,
            "area": 0.0,
            "image_id": 0,
            "bbox": [
                784.0,
                849.0,
                57.0,
                51.0
            ],
            "category_id": 0,
            "id": 23
        },
        {
            "segmentation": [
                [
                    806.3492063492064,
                    819.047619047619,
                    857.1428571428571,
                    869.8412698412699
                ]
            ],
            "iscrowd": 0,
            "area": 0.0,
            "image_id": 0,
            "bbox": [
                806.0,
                819.0,
                51.0,
                50.0
            ],
            "category_id": 0,
            "id": 24
        },
        {
            "segmentation": [
                [
                    898.4126984126984,
                    847.6190476190476,
                    939.6825396825396,
                    887.3015873015873
                ]
            ],
            "iscrowd": 0,
            "area": 0.0,
            "image_id": 0,
            "bbox": [
                898.0,
                847.0,
                41.0,
                40.0
            ],
            "category_id": 0,
            "id": 25
        },
        {
            "segmentation": [
                [
                    941.2698412698412,
                    911.1111111111111,
                    987.3015873015873,
                    955.5555555555555
                ]
            ],
            "iscrowd": 0,
            "area": 0.0,
            "image_id": 0,
            "bbox": [
                941.0,
                911.0,
                46.0,
                44.0
            ],
            "category_id": 0,
            "id": 26
        },
        {
            "segmentation": [
                [
                    868.2539682539682,
                    1123.8095238095239,
                    919.047619047619,
                    1169.8412698412699
                ]
            ],
            "iscrowd": 0,
            "area": 0.0,
            "image_id": 0,
            "bbox": [
                868.0,
                1123.0,
                51.0,
                46.0
            ],
            "category_id": 0,
            "id": 27
        },
        {
            "segmentation": [
                [
                    852.3809523809524,
                    1187.3015873015872,
                    906.3492063492064,
                    1239.6825396825398
                ]
            ],
            "iscrowd": 0,
            "area": 0.0,
            "image_id": 0,
            "bbox": [
                852.0,
                1187.0,
                54.0,
                52.0
            ],
            "category_id": 0,
            "id": 28
        },
        {
            "segmentation": [
                [
                    988.8888888888889,
                    985.7142857142857,
                    1047.6190476190477,
                    1046.031746031746
                ]
            ],
            "iscrowd": 0,
            "area": 0.0,
            "image_id": 0,
            "bbox": [
                988.0,
                985.0,
                59.0,
                61.0
            ],
            "category_id": 0,
            "id": 29
        },
        {
            "segmentation": [
                [
                    1095.2380952380952,
                    855.5555555555555,
                    1142.857142857143,
                    907.936507936508
                ]
            ],
            "iscrowd": 0,
            "area": 0.0,
            "image_id": 0,
            "bbox": [
                1095.0,
                855.0,
                47.0,
                52.0
            ],
            "category_id": 0,
            "id": 30
        },
        {
            "segmentation": [
                [
                    1184.126984126984,
                    1014.2857142857143,
                    1233.3333333333333,
                    1063.4920634920634
                ]
            ],
            "iscrowd": 0,
            "area": 0.0,
            "image_id": 0,
            "bbox": [
                1184.0,
                1014.0,
                49.0,
                49.0
            ],
            "category_id": 0,
            "id": 31
        },
        {
            "segmentation": [
                [
                    1112.6984126984128,
                    1106.3492063492063,
                    1157.142857142857,
                    1147.6190476190477
                ]
            ],
            "iscrowd": 0,
            "area": 0.0,
            "image_id": 0,
            "bbox": [
                1112.0,
                1106.0,
                45.0,
                41.0
            ],
            "category_id": 0,
            "id": 32
        },
        {
            "segmentation": [
                [
                    1031.7460317460318,
                    1171.4285714285713,
                    1092.063492063492,
                    1226.984126984127
                ]
            ],
            "iscrowd": 0,
            "area": 0.0,
            "image_id": 0,
            "bbox": [
                1031.0,
                1171.0,
                61.0,
                55.0
            ],
            "category_id": 0,
            "id": 33
        },
        {
            "segmentation": [
                [
                    998.4126984126984,
                    1366.6666666666667,
                    1049.2063492063492,
                    1414.2857142857142
                ]
            ],
            "iscrowd": 0,
            "area": 0.0,
            "image_id": 0,
            "bbox": [
                998.0,
                1366.0,
                51.0,
                48.0
            ],
            "category_id": 0,
            "id": 34
        },
        {
            "segmentation": [
                [
                    1100.0,
                    1211.111111111111,
                    1128.5714285714287,
                    1242.857142857143
                ]
            ],
            "iscrowd": 0,
            "area": 0.0,
            "image_id": 0,
            "bbox": [
                1100.0,
                1211.0,
                28.0,
                31.0
            ],
            "category_id": 0,
            "id": 35
        },
        {
            "segmentation": [
                [
                    1149.2063492063492,
                    1247.6190476190477,
                    1203.1746031746031,
                    1307.936507936508
                ]
            ],
            "iscrowd": 0,
            "area": 0.0,
            "image_id": 0,
            "bbox": [
                1149.0,
                1247.0,
                54.0,
                60.0
            ],
            "category_id": 0,
            "id": 36
        },
        {
            "segmentation": [
                [
                    1198.4126984126983,
                    1347.6190476190477,
                    1247.6190476190477,
                    1396.8253968253969
                ]
            ],
            "iscrowd": 0,
            "area": 0.0,
            "image_id": 0,
            "bbox": [
                1198.0,
                1347.0,
                49.0,
                49.0
            ],
            "category_id": 0,
            "id": 37
        },
        {
            "segmentation": [
                [
                    1341.2698412698412,
                    1417.4603174603174,
                    1387.3015873015872,
                    1469.8412698412699
                ]
            ],
            "iscrowd": 0,
            "area": 0.0,
            "image_id": 0,
            "bbox": [
                1341.0,
                1417.0,
                46.0,
                52.0
            ],
            "category_id": 0,
            "id": 38
        },
        {
            "segmentation": [
                [
                    1355.5555555555557,
                    1484.126984126984,
                    1407.936507936508,
                    1531.7460317460318
                ]
            ],
            "iscrowd": 0,
            "area": 0.0,
            "image_id": 0,
            "bbox": [
                1355.0,
                1484.0,
                52.0,
                47.0
            ],
            "category_id": 0,
            "id": 39
        },
        {
            "segmentation": [
                [
                    1309.5238095238094,
                    1566.6666666666667,
                    1363.4920634920634,
                    1615.873015873016
                ]
            ],
            "iscrowd": 0,
            "area": 0.0,
            "image_id": 0,
            "bbox": [
                1309.0,
                1566.0,
                54.0,
                49.0
            ],
            "category_id": 0,
            "id": 40
        },
        {
            "segmentation": [
                [
                    1498.4126984126983,
                    1438.095238095238,
                    1549.2063492063492,
                    1488.888888888889
                ]
            ],
            "iscrowd": 0,
            "area": 0.0,
            "image_id": 0,
            "bbox": [
                1498.0,
                1438.0,
                51.0,
                50.0
            ],
            "category_id": 0,
            "id": 41
        },
        {
            "segmentation": [
                [
                    1149.2063492063492,
                    1723.8095238095239,
                    1196.8253968253969,
                    1777.7777777777778
                ]
            ],
            "iscrowd": 0,
            "area": 0.0,
            "image_id": 0,
            "bbox": [
                1149.0,
                1723.0,
                47.0,
                54.0
            ],
            "category_id": 0,
            "id": 42
        },
        {
            "segmentation": [
                [
                    1620.6349206349207,
                    612.6984126984127,
                    1665.079365079365,
                    657.1428571428571
                ]
            ],
            "iscrowd": 0,
            "area": 0.0,
            "image_id": 0,
            "bbox": [
                1620.0,
                612.0,
                45.0,
                45.0
            ],
            "category_id": 0,
            "id": 43
        },
        {
            "segmentation": [
                [
                    1560.3174603174602,
                    800.0,
                    1615.873015873016,
                    849.2063492063492
                ]
            ],
            "iscrowd": 0,
            "area": 0.0,
            "image_id": 0,
            "bbox": [
                1560.0,
                800.0,
                55.0,
                49.0
            ],
            "category_id": 0,
            "id": 44
        },
        {
            "segmentation": [
                [
                    1752.3809523809523,
                    646.031746031746,
                    1785.7142857142858,
                    690.4761904761905
                ]
            ],
            "iscrowd": 0,
            "area": 0.0,
            "image_id": 0,
            "bbox": [
                1752.0,
                646.0,
                33.0,
                44.0
            ],
            "category_id": 0,
            "id": 45
        },
        {
            "segmentation": [
                [
                    1720.6349206349207,
                    785.7142857142857,
                    1779.3650793650793,
                    833.3333333333334
                ]
            ],
            "iscrowd": 0,
            "area": 0.0,
            "image_id": 0,
            "bbox": [
                1720.0,
                785.0,
                59.0,
                48.0
            ],
            "category_id": 0,
            "id": 46
        },
        {
            "segmentation": [
                [
                    1380.952380952381,
                    1076.1904761904761,
                    1423.8095238095239,
                    1119.047619047619
                ]
            ],
            "iscrowd": 0,
            "area": 0.0,
            "image_id": 0,
            "bbox": [
                1380.0,
                1076.0,
                43.0,
                43.0
            ],
            "category_id": 0,
            "id": 47
        },
        {
            "segmentation": [
                [
                    1333.3333333333333,
                    1185.7142857142858,
                    1379.3650793650793,
                    1241.2698412698412
                ]
            ],
            "iscrowd": 0,
            "area": 0.0,
            "image_id": 0,
            "bbox": [
                1333.0,
                1185.0,
                46.0,
                56.0
            ],
            "category_id": 0,
            "id": 48
        },
        {
            "segmentation": [
                [
                    1377.7777777777778,
                    1246.031746031746,
                    1417.4603174603174,
                    1288.888888888889
                ]
            ],
            "iscrowd": 0,
            "area": 0.0,
            "image_id": 0,
            "bbox": [
                1377.0,
                1246.0,
                40.0,
                42.0
            ],
            "category_id": 0,
            "id": 49
        },
        {
            "segmentation": [
                [
                    1498.4126984126983,
                    1214.2857142857142,
                    1542.857142857143,
                    1258.7301587301588
                ]
            ],
            "iscrowd": 0,
            "area": 0.0,
            "image_id": 0,
            "bbox": [
                1498.0,
                1214.0,
                44.0,
                44.0
            ],
            "category_id": 0,
            "id": 50
        },
        {
            "segmentation": [
                [
                    1523.8095238095239,
                    1247.6190476190477,
                    1566.6666666666667,
                    1290.4761904761904
                ]
            ],
            "iscrowd": 0,
            "area": 0.0,
            "image_id": 0,
            "bbox": [
                1523.0,
                1247.0,
                43.0,
                43.0
            ],
            "category_id": 0,
            "id": 51
        },
        {
            "segmentation": [
                [
                    1579.3650793650793,
                    1279.3650793650793,
                    1619.047619047619,
                    1317.4603174603174
                ]
            ],
            "iscrowd": 0,
            "area": 0.0,
            "image_id": 0,
            "bbox": [
                1579.0,
                1279.0,
                40.0,
                38.0
            ],
            "category_id": 0,
            "id": 52
        },
        {
            "segmentation": [
                [
                    1633.3333333333333,
                    1166.6666666666667,
                    1679.3650793650793,
                    1219.047619047619
                ]
            ],
            "iscrowd": 0,
            "area": 0.0,
            "image_id": 0,
            "bbox": [
                1633.0,
                1166.0,
                46.0,
                53.0
            ],
            "category_id": 0,
            "id": 53
        },
        {
            "segmentation": [
                [
                    1744.4444444444443,
                    1200.0,
                    1804.7619047619048,
                    1263.4920634920634
                ]
            ],
            "iscrowd": 0,
            "area": 0.0,
            "image_id": 0,
            "bbox": [
                1744.0,
                1200.0,
                60.0,
                63.0
            ],
            "category_id": 0,
            "id": 54
        },
        {
            "segmentation": [
                [
                    2030.1587301587301,
                    1146.031746031746,
                    2087.3015873015875,
                    1200.0
                ]
            ],
            "iscrowd": 0,
            "area": 0.0,
            "image_id": 0,
            "bbox": [
                2030.0,
                1146.0,
                57.0,
                54.0
            ],
            "category_id": 0,
            "id": 55
        },
        {
            "segmentation": [
                [
                    1990.4761904761904,
                    1209.5238095238094,
                    2046.031746031746,
                    1260.3174603174602
                ]
            ],
            "iscrowd": 0,
            "area": 0.0,
            "image_id": 0,
            "bbox": [
                1990.0,
                1209.0,
                56.0,
                51.0
            ],
            "category_id": 0,
            "id": 56
        },
        {
            "segmentation": [
                [
                    1936.5079365079364,
                    1220.6349206349207,
                    1993.6507936507937,
                    1284.126984126984
                ]
            ],
            "iscrowd": 0,
            "area": 0.0,
            "image_id": 0,
            "bbox": [
                1936.0,
                1220.0,
                57.0,
                64.0
            ],
            "category_id": 0,
            "id": 57
        },
        {
            "segmentation": [
                [
                    1930.1587301587301,
                    1347.6190476190477,
                    1973.015873015873,
                    1401.5873015873017
                ]
            ],
            "iscrowd": 0,
            "area": 0.0,
            "image_id": 0,
            "bbox": [
                1930.0,
                1347.0,
                43.0,
                54.0
            ],
            "category_id": 0,
            "id": 58
        },
        {
            "segmentation": [
                [
                    1965.079365079365,
                    1365.079365079365,
                    2006.3492063492063,
                    1420.6349206349207
                ]
            ],
            "iscrowd": 0,
            "area": 0.0,
            "image_id": 0,
            "bbox": [
                1965.0,
                1365.0,
                41.0,
                55.0
            ],
            "category_id": 0,
            "id": 59
        },
        {
            "segmentation": [
                [
                    2076.190476190476,
                    1360.3174603174602,
                    2126.9841269841268,
                    1415.873015873016
                ]
            ],
            "iscrowd": 0,
            "area": 0.0,
            "image_id": 0,
            "bbox": [
                2076.0,
                1360.0,
                50.0,
                55.0
            ],
            "category_id": 0,
            "id": 60
        },
        {
            "segmentation": [
                [
                    1695.2380952380952,
                    1590.4761904761904,
                    1736.5079365079364,
                    1623.8095238095239
                ]
            ],
            "iscrowd": 0,
            "area": 0.0,
            "image_id": 0,
            "bbox": [
                1695.0,
                1590.0,
                41.0,
                33.0
            ],
            "category_id": 0,
            "id": 61
        },
        {
            "segmentation": [
                [
                    1028.5714285714287,
                    1630.1587301587301,
                    1049.2063492063492,
                    1658.7301587301588
                ]
            ],
            "iscrowd": 0,
            "area": 0.0,
            "image_id": 0,
            "bbox": [
                1028.0,
                1630.0,
                21.0,
                28.0
            ],
            "category_id": 0,
            "id": 62
        },
        {
            "segmentation": [
                [
                    1373.015873015873,
                    1123.8095238095239,
                    1406.3492063492063,
                    1155.5555555555557
                ]
            ],
            "iscrowd": 0,
            "area": 0.0,
            "image_id": 0,
            "bbox": [
                1373.0,
                1123.0,
                33.0,
                32.0
            ],
            "category_id": 0,
            "id": 63
        },
        {
            "segmentation": [
                [
                    1284.0,
                    282.6666666666667,
                    1294.6666666666667,
                    296.0
                ]
            ],
            "iscrowd": 0,
            "area": 0.0,
            "image_id": 0,
            "bbox": [
                1284.0,
                282.0,
                10.0,
                14.0
            ],
            "category_id": 1,
            "id": 64
        },
        {
            "segmentation": [
                [
                    1532.0,
                    406.6666666666667,
                    1546.6666666666667,
                    421.3333333333333
                ]
            ],
            "iscrowd": 0,
            "area": 0.0,
            "image_id": 0,
            "bbox": [
                1532.0,
                406.0,
                14.0,
                15.0
            ],
            "category_id": 1,
            "id": 65
        },
        {
            "segmentation": [
                [
                    1289.3333333333333,
                    722.6666666666666,
                    1308.0,
                    744.0
                ]
            ],
            "iscrowd": 0,
            "area": 0.0,
            "image_id": 0,
            "bbox": [
                1289.0,
                722.0,
                19.0,
                22.0
            ],
            "category_id": 1,
            "id": 66
        },
        {
            "segmentation": [
                [
                    1608.0,
                    661.3333333333334,
                    1622.6666666666667,
                    677.3333333333334
                ]
            ],
            "iscrowd": 0,
            "area": 0.0,
            "image_id": 0,
            "bbox": [
                1608.0,
                661.0,
                14.0,
                16.0
            ],
            "category_id": 1,
            "id": 67
        },
        {
            "segmentation": [
                [
                    1173.3333333333333,
                    725.3333333333334,
                    1190.6666666666667,
                    742.6666666666666
                ]
            ],
            "iscrowd": 0,
            "area": 0.0,
            "image_id": 0,
            "bbox": [
                1173.0,
                725.0,
                17.0,
                17.0
            ],
            "category_id": 1,
            "id": 68
        },
        {
            "segmentation": [
                [
                    1212.0,
                    781.3333333333334,
                    1230.6666666666667,
                    798.6666666666666
                ]
            ],
            "iscrowd": 0,
            "area": 0.0,
            "image_id": 0,
            "bbox": [
                1212.0,
                781.0,
                18.0,
                17.0
            ],
            "category_id": 1,
            "id": 69
        },
        {
            "segmentation": [
                [
                    726.6666666666666,
                    609.3333333333334,
                    741.3333333333334,
                    622.6666666666666
                ]
            ],
            "iscrowd": 0,
            "area": 0.0,
            "image_id": 0,
            "bbox": [
                726.0,
                609.0,
                15.0,
                13.0
            ],
            "category_id": 1,
            "id": 70
        },
        {
            "segmentation": [
                [
                    616.0,
                    733.3333333333334,
                    629.3333333333334,
                    744.0
                ]
            ],
            "iscrowd": 0,
            "area": 0.0,
            "image_id": 0,
            "bbox": [
                616.0,
                733.0,
                13.0,
                11.0
            ],
            "category_id": 1,
            "id": 71
        },
        {
            "segmentation": [
                [
                    466.6666666666667,
                    1254.6666666666667,
                    481.3333333333333,
                    1269.3333333333333
                ]
            ],
            "iscrowd": 0,
            "area": 0.0,
            "image_id": 0,
            "bbox": [
                466.0,
                1254.0,
                15.0,
                15.0
            ],
            "category_id": 1,
            "id": 72
        },
        {
            "segmentation": [
                [
                    417.3333333333333,
                    1330.6666666666667,
                    437.3333333333333,
                    1350.6666666666667
                ]
            ],
            "iscrowd": 0,
            "area": 0.0,
            "image_id": 0,
            "bbox": [
                417.0,
                1330.0,
                20.0,
                20.0
            ],
            "category_id": 1,
            "id": 73
        },
        {
            "segmentation": [
                [
                    1580.0,
                    918.6666666666666,
                    1594.6666666666667,
                    934.6666666666666
                ]
            ],
            "iscrowd": 0,
            "area": 0.0,
            "image_id": 0,
            "bbox": [
                1580.0,
                918.0,
                14.0,
                16.0
            ],
            "category_id": 1,
            "id": 74
        },
        {
            "segmentation": [
                [
                    1529.3333333333333,
                    1124.0,
                    1545.3333333333333,
                    1137.3333333333333
                ]
            ],
            "iscrowd": 0,
            "area": 0.0,
            "image_id": 0,
            "bbox": [
                1529.0,
                1124.0,
                16.0,
                13.0
            ],
            "category_id": 1,
            "id": 75
        },
        {
            "segmentation": [
                [
                    1714.6666666666667,
                    1266.6666666666667,
                    1733.3333333333333,
                    1282.6666666666667
                ]
            ],
            "iscrowd": 0,
            "area": 0.0,
            "image_id": 0,
            "bbox": [
                1714.0,
                1266.0,
                19.0,
                16.0
            ],
            "category_id": 1,
            "id": 76
        },
        {
            "segmentation": [
                [
                    2049.3333333333335,
                    1337.3333333333333,
                    2062.6666666666665,
                    1352.0
                ]
            ],
            "iscrowd": 0,
            "area": 0.0,
            "image_id": 0,
            "bbox": [
                2049.0,
                1337.0,
                13.0,
                15.0
            ],
            "category_id": 1,
            "id": 77
        },
        {
            "segmentation": [
                [
                    1261.3333333333333,
                    1406.6666666666667,
                    1278.6666666666667,
                    1421.3333333333333
                ]
            ],
            "iscrowd": 0,
            "area": 0.0,
            "image_id": 0,
            "bbox": [
                1261.0,
                1406.0,
                17.0,
                15.0
            ],
            "category_id": 1,
            "id": 78
        },
        {
            "segmentation": [
                [
                    1202.6666666666667,
                    1502.6666666666667,
                    1217.3333333333333,
                    1516.0
                ]
            ],
            "iscrowd": 0,
            "area": 0.0,
            "image_id": 0,
            "bbox": [
                1202.0,
                1502.0,
                15.0,
                14.0
            ],
            "category_id": 1,
            "id": 79
        },
        {
            "segmentation": [
                [
                    1304.0,
                    1498.6666666666667,
                    1318.6666666666667,
                    1513.3333333333333
                ]
            ],
            "iscrowd": 0,
            "area": 0.0,
            "image_id": 0,
            "bbox": [
                1304.0,
                1498.0,
                14.0,
                15.0
            ],
            "category_id": 1,
            "id": 80
        },
        {
            "segmentation": [
                [
                    1190.6666666666667,
                    1838.6666666666667,
                    1216.0,
                    1861.3333333333333
                ]
            ],
            "iscrowd": 0,
            "area": 0.0,
            "image_id": 0,
            "bbox": [
                1190.0,
                1838.0,
                26.0,
                23.0
            ],
            "category_id": 1,
            "id": 81
        },
        {
            "segmentation": [
                [
                    441.3333333333333,
                    709.3333333333334,
                    457.3333333333333,
                    722.6666666666666
                ]
            ],
            "iscrowd": 0,
            "area": 0.0,
            "image_id": 0,
            "bbox": [
                441.0,
                709.0,
                16.0,
                13.0
            ],
            "category_id": 1,
            "id": 82
        },
        {
            "segmentation": [
                [
                    1836.0,
                    658.6666666666666,
                    1850.6666666666667,
                    672.0
                ]
            ],
            "iscrowd": 0,
            "area": 0.0,
            "image_id": 0,
            "bbox": [
                1836.0,
                658.0,
                14.0,
                14.0
            ],
            "category_id": 1,
            "id": 83
        }
    ]
}