{
    "images": [
        {
            "height": 2288,
            "width": 2376,
            "id": 0,
            "file_name": "CP2_cross_1_2_later_gray_c3_colour.png"
        }
    ],
    "categories": [
        {
            "supercategory": "g",
            "id": 0,
            "name": "g"
        },
        {
            "supercategory": "p",
            "id": 1,
            "name": "p"
        }
    ],
    "annotations": [
        {
            "segmentation": [
                [
                    562.3188405797101,
                    550.7246376811594,
                    649.2753623188405,
                    639.1304347826086
                ]
            ],
            "iscrowd": 0,
            "area": 0.0,
            "image_id": 0,
            "bbox": [
                562.0,
                550.0,
                87.0,
                89.0
            ],
            "category_id": 0,
            "id": 1
        },
        {
            "segmentation": [
                [
                    891.3043478260869,
                    1211.5942028985505,
                    949.2753623188405,
                    1268.1159420289855
                ]
            ],
            "iscrowd": 0,
            "area": 0.0,
            "image_id": 0,
            "bbox": [
                891.0,
                1211.0,
                58.0,
                57.0
            ],
            "category_id": 0,
            "id": 2
        },
        {
            "segmentation": [
                [
                    862.3188405797101,
                    1266.6666666666665,
                    952.1739130434781,
                    1346.3768115942028
                ]
            ],
            "iscrowd": 0,
            "area": 0.0,
            "image_id": 0,
            "bbox": [
                862.0,
                1266.0,
                90.0,
                80.0
            ],
            "category_id": 0,
            "id": 3
        },
        {
            "segmentation": [
                [
                    924.6376811594203,
                    899.9999999999999,
                    968.1159420289854,
                    934.7826086956521
                ]
            ],
            "iscrowd": 0,
            "area": 0.0,
            "image_id": 0,
            "bbox": [
                924.0,
                899.0,
                44.0,
                35.0
            ],
            "category_id": 0,
            "id": 4
        },
        {
            "segmentation": [
                [
                    1504.3478260869565,
                    923.1884057971014,
                    1608.695652173913,
                    1023.1884057971014
                ]
            ],
            "iscrowd": 0,
            "area": 0.0,
            "image_id": 0,
            "bbox": [
                1504.0,
                923.0,
                104.0,
                100.0
            ],
            "category_id": 0,
            "id": 5
        },
        {
            "segmentation": [
                [
                    1307.246376811594,
                    1092.7536231884058,
                    1384.0579710144928,
                    1159.4202898550723
                ]
            ],
            "iscrowd": 0,
            "area": 0.0,
            "image_id": 0,
            "bbox": [
                1307.0,
                1092.0,
                77.0,
                67.0
            ],
            "category_id": 0,
            "id": 6
        },
        {
            "segmentation": [
                [
                    1381.159420289855,
                    1166.6666666666665,
                    1424.6376811594203,
                    1208.695652173913
                ]
            ],
            "iscrowd": 0,
            "area": 0.0,
            "image_id": 0,
            "bbox": [
                1381.0,
                1166.0,
                43.0,
                42.0
            ],
            "category_id": 0,
            "id": 7
        },
        {
            "segmentation": [
                [
                    1295.6521739130433,
                    1273.9130434782608,
                    1372.463768115942,
                    1355.0724637681158
                ]
            ],
            "iscrowd": 0,
            "area": 0.0,
            "image_id": 0,
            "bbox": [
                1295.0,
                1273.0,
                77.0,
                82.0
            ],
            "category_id": 0,
            "id": 8
        },
        {
            "segmentation": [
                [
                    1521.7391304347825,
                    1430.4347826086955,
                    1614.4927536231883,
                    1518.8405797101448
                ]
            ],
            "iscrowd": 0,
            "area": 0.0,
            "image_id": 0,
            "bbox": [
                1521.0,
                1430.0,
                93.0,
                88.0
            ],
            "category_id": 0,
            "id": 9
        },
        {
            "segmentation": [
                [
                    1627.5362318840578,
                    1428.9855072463768,
                    1715.942028985507,
                    1510.1449275362318
                ]
            ],
            "iscrowd": 0,
            "area": 0.0,
            "image_id": 0,
            "bbox": [
                1627.0,
                1428.0,
                88.0,
                82.0
            ],
            "category_id": 0,
            "id": 10
        },
        {
            "segmentation": [
                [
                    1560.8695652173913,
                    1089.855072463768,
                    1613.0434782608695,
                    1139.1304347826085
                ]
            ],
            "iscrowd": 0,
            "area": 0.0,
            "image_id": 0,
            "bbox": [
                1560.0,
                1089.0,
                53.0,
                50.0
            ],
            "category_id": 0,
            "id": 11
        },
        {
            "segmentation": [
                [
                    2082.6086956521735,
                    1239.1304347826085,
                    2162.31884057971,
                    1321.7391304347825
                ]
            ],
            "iscrowd": 0,
            "area": 0.0,
            "image_id": 0,
            "bbox": [
                2082.0,
                1239.0,
                80.0,
                82.0
            ],
            "category_id": 0,
            "id": 12
        },
        {
            "segmentation": [
                [
                    1259.4202898550723,
                    391.30434782608694,
                    1286.9565217391303,
                    420.28985507246375
                ]
            ],
            "iscrowd": 0,
            "area": 0.0,
            "image_id": 0,
            "bbox": [
                1259.0,
                391.0,
                27.0,
                29.0
            ],
            "category_id": 1,
            "id": 13
        },
        {
            "segmentation": [
                [
                    1194.2028985507245,
                    447.8260869565217,
                    1224.6376811594203,
                    473.9130434782608
                ]
            ],
            "iscrowd": 0,
            "area": 0.0,
            "image_id": 0,
            "bbox": [
                1194.0,
                447.0,
                30.0,
                26.0
            ],
            "category_id": 1,
            "id": 14
        },
        {
            "segmentation": [
                [
                    508.695652173913,
                    734.7826086956521,
                    539.1304347826086,
                    759.4202898550724
                ]
            ],
            "iscrowd": 0,
            "area": 0.0,
            "image_id": 0,
            "bbox": [
                508.0,
                734.0,
                31.0,
                25.0
            ],
            "category_id": 1,
            "id": 15
        },
        {
            "segmentation": [
                [
                    508.695652173913,
                    1004.3478260869564,
                    530.4347826086956,
                    1023.1884057971014
                ]
            ],
            "iscrowd": 0,
            "area": 0.0,
            "image_id": 0,
            "bbox": [
                508.0,
                1004.0,
                22.0,
                19.0
            ],
            "category_id": 1,
            "id": 16
        },
        {
            "segmentation": [
                [
                    766.6666666666666,
                    1171.014492753623,
                    794.2028985507246,
                    1197.1014492753623
                ]
            ],
            "iscrowd": 0,
            "area": 0.0,
            "image_id": 0,
            "bbox": [
                766.0,
                1171.0,
                28.0,
                26.0
            ],
            "category_id": 1,
            "id": 17
        },
        {
            "segmentation": [
                [
                    644.927536231884,
                    1308.695652173913,
                    671.0144927536231,
                    1334.782608695652
                ]
            ],
            "iscrowd": 0,
            "area": 0.0,
            "image_id": 0,
            "bbox": [
                644.0,
                1308.0,
                27.0,
                26.0
            ],
            "category_id": 1,
            "id": 18
        },
        {
            "segmentation": [
                [
                    704.3478260869565,
                    1327.5362318840578,
                    728.9855072463768,
                    1346.3768115942028
                ]
            ],
            "iscrowd": 0,
            "area": 0.0,
            "image_id": 0,
            "bbox": [
                704.0,
                1327.0,
                24.0,
                19.0
            ],
            "category_id": 1,
            "id": 19
        },
        {
            "segmentation": [
                [
                    868.1159420289854,
                    1394.2028985507245,
                    892.7536231884058,
                    1420.2898550724638
                ]
            ],
            "iscrowd": 0,
            "area": 0.0,
            "image_id": 0,
            "bbox": [
                868.0,
                1394.0,
                24.0,
                26.0
            ],
            "category_id": 1,
            "id": 20
        },
        {
            "segmentation": [
                [
                    901.4492753623188,
                    1165.2173913043478,
                    923.1884057971014,
                    1184.0579710144928
                ]
            ],
            "iscrowd": 0,
            "area": 0.0,
            "image_id": 0,
            "bbox": [
                901.0,
                1165.0,
                22.0,
                19.0
            ],
            "category_id": 1,
            "id": 21
        },
        {
            "segmentation": [
                [
                    950.7246376811594,
                    1230.4347826086955,
                    971.0144927536231,
                    1257.9710144927535
                ]
            ],
            "iscrowd": 0,
            "area": 0.0,
            "image_id": 0,
            "bbox": [
                950.0,
                1230.0,
                21.0,
                27.0
            ],
            "category_id": 1,
            "id": 22
        },
        {
            "segmentation": [
                [
                    1034.782608695652,
                    1362.31884057971,
                    1055.0724637681158,
                    1384.0579710144928
                ]
            ],
            "iscrowd": 0,
            "area": 0.0,
            "image_id": 0,
            "bbox": [
                1034.0,
                1362.0,
                21.0,
                22.0
            ],
            "category_id": 1,
            "id": 23
        },
        {
            "segmentation": [
                [
                    1075.3623188405795,
                    1282.6086956521738,
                    1101.4492753623188,
                    1305.7971014492753
                ]
            ],
            "iscrowd": 0,
            "area": 0.0,
            "image_id": 0,
            "bbox": [
                1075.0,
                1282.0,
                26.0,
                23.0
            ],
            "category_id": 1,
            "id": 24
        },
        {
            "segmentation": [
                [
                    1047.8260869565217,
                    1030.4347826086955,
                    1069.5652173913043,
                    1055.0724637681158
                ]
            ],
            "iscrowd": 0,
            "area": 0.0,
            "image_id": 0,
            "bbox": [
                1047.0,
                1030.0,
                22.0,
                25.0
            ],
            "category_id": 1,
            "id": 25
        },
        {
            "segmentation": [
                [
                    1076.8115942028985,
                    1059.4202898550723,
                    1097.1014492753623,
                    1076.8115942028985
                ]
            ],
            "iscrowd": 0,
            "area": 0.0,
            "image_id": 0,
            "bbox": [
                1076.0,
                1059.0,
                21.0,
                17.0
            ],
            "category_id": 1,
            "id": 26
        },
        {
            "segmentation": [
                [
                    1072.463768115942,
                    1082.6086956521738,
                    1091.3043478260868,
                    1094.2028985507245
                ]
            ],
            "iscrowd": 0,
            "area": 0.0,
            "image_id": 0,
            "bbox": [
                1072.0,
                1082.0,
                19.0,
                12.0
            ],
            "category_id": 1,
            "id": 27
        },
        {
            "segmentation": [
                [
                    1268.1159420289855,
                    976.8115942028985,
                    1291.3043478260868,
                    1001.4492753623188
                ]
            ],
            "iscrowd": 0,
            "area": 0.0,
            "image_id": 0,
            "bbox": [
                1268.0,
                976.0,
                23.0,
                25.0
            ],
            "category_id": 1,
            "id": 28
        },
        {
            "segmentation": [
                [
                    1166.6666666666665,
                    1298.550724637681,
                    1189.855072463768,
                    1317.391304347826
                ]
            ],
            "iscrowd": 0,
            "area": 0.0,
            "image_id": 0,
            "bbox": [
                1166.0,
                1298.0,
                23.0,
                19.0
            ],
            "category_id": 1,
            "id": 29
        },
        {
            "segmentation": [
                [
                    1234.782608695652,
                    1321.7391304347825,
                    1253.623188405797,
                    1342.0289855072463
                ]
            ],
            "iscrowd": 0,
            "area": 0.0,
            "image_id": 0,
            "bbox": [
                1234.0,
                1321.0,
                19.0,
                21.0
            ],
            "category_id": 1,
            "id": 30
        },
        {
            "segmentation": [
                [
                    1156.5217391304348,
                    1513.0434782608695,
                    1186.9565217391303,
                    1542.0289855072463
                ]
            ],
            "iscrowd": 0,
            "area": 0.0,
            "image_id": 0,
            "bbox": [
                1156.0,
                1513.0,
                30.0,
                29.0
            ],
            "category_id": 1,
            "id": 31
        },
        {
            "segmentation": [
                [
                    1118.8405797101448,
                    1765.2173913043478,
                    1144.927536231884,
                    1797.1014492753623
                ]
            ],
            "iscrowd": 0,
            "area": 0.0,
            "image_id": 0,
            "bbox": [
                1118.0,
                1765.0,
                26.0,
                32.0
            ],
            "category_id": 1,
            "id": 32
        },
        {
            "segmentation": [
                [
                    1366.6666666666665,
                    1546.3768115942028,
                    1391.3043478260868,
                    1571.014492753623
                ]
            ],
            "iscrowd": 0,
            "area": 0.0,
            "image_id": 0,
            "bbox": [
                1366.0,
                1546.0,
                25.0,
                25.0
            ],
            "category_id": 1,
            "id": 33
        },
        {
            "segmentation": [
                [
                    1373.9130434782608,
                    1414.4927536231883,
                    1398.550724637681,
                    1437.6811594202898
                ]
            ],
            "iscrowd": 0,
            "area": 0.0,
            "image_id": 0,
            "bbox": [
                1373.0,
                1414.0,
                25.0,
                23.0
            ],
            "category_id": 1,
            "id": 34
        },
        {
            "segmentation": [
                [
                    1344.927536231884,
                    1205.7971014492753,
                    1368.1159420289855,
                    1231.8840579710145
                ]
            ],
            "iscrowd": 0,
            "area": 0.0,
            "image_id": 0,
            "bbox": [
                1344.0,
                1205.0,
                24.0,
                26.0
            ],
            "category_id": 1,
            "id": 35
        },
        {
            "segmentation": [
                [
                    1311.5942028985505,
                    1027.536231884058,
                    1331.8840579710143,
                    1050.7246376811593
                ]
            ],
            "iscrowd": 0,
            "area": 0.0,
            "image_id": 0,
            "bbox": [
                1311.0,
                1027.0,
                20.0,
                23.0
            ],
            "category_id": 1,
            "id": 36
        },
        {
            "segmentation": [
                [
                    1288.4057971014493,
                    1020.2898550724636,
                    1305.7971014492753,
                    1033.3333333333333
                ]
            ],
            "iscrowd": 0,
            "area": 0.0,
            "image_id": 0,
            "bbox": [
                1288.0,
                1020.0,
                17.0,
                13.0
            ],
            "category_id": 1,
            "id": 37
        },
        {
            "segmentation": [
                [
                    1231.8840579710145,
                    746.3768115942029,
                    1262.31884057971,
                    772.463768115942
                ]
            ],
            "iscrowd": 0,
            "area": 0.0,
            "image_id": 0,
            "bbox": [
                1231.0,
                746.0,
                31.0,
                26.0
            ],
            "category_id": 1,
            "id": 38
        },
        {
            "segmentation": [
                [
                    1357.9710144927535,
                    646.3768115942029,
                    1384.0579710144928,
                    672.463768115942
                ]
            ],
            "iscrowd": 0,
            "area": 0.0,
            "image_id": 0,
            "bbox": [
                1357.0,
                646.0,
                27.0,
                26.0
            ],
            "category_id": 1,
            "id": 39
        },
        {
            "segmentation": [
                [
                    1498.550724637681,
                    699.9999999999999,
                    1517.391304347826,
                    720.2898550724638
                ]
            ],
            "iscrowd": 0,
            "area": 0.0,
            "image_id": 0,
            "bbox": [
                1498.0,
                699.0,
                19.0,
                21.0
            ],
            "category_id": 1,
            "id": 40
        },
        {
            "segmentation": [
                [
                    1430.4347826086955,
                    788.4057971014493,
                    1472.463768115942,
                    823.1884057971014
                ]
            ],
            "iscrowd": 0,
            "area": 0.0,
            "image_id": 0,
            "bbox": [
                1430.0,
                788.0,
                42.0,
                35.0
            ],
            "category_id": 1,
            "id": 41
        },
        {
            "segmentation": [
                [
                    1637.6811594202898,
                    1013.0434782608695,
                    1663.7681159420288,
                    1042.0289855072463
                ]
            ],
            "iscrowd": 0,
            "area": 0.0,
            "image_id": 0,
            "bbox": [
                1637.0,
                1013.0,
                26.0,
                29.0
            ],
            "category_id": 1,
            "id": 42
        },
        {
            "segmentation": [
                [
                    1627.5362318840578,
                    1294.2028985507245,
                    1653.623188405797,
                    1321.7391304347825
                ]
            ],
            "iscrowd": 0,
            "area": 0.0,
            "image_id": 0,
            "bbox": [
                1627.0,
                1294.0,
                26.0,
                27.0
            ],
            "category_id": 1,
            "id": 43
        },
        {
            "segmentation": [
                [
                    1660.8695652173913,
                    1328.9855072463768,
                    1689.855072463768,
                    1352.1739130434783
                ]
            ],
            "iscrowd": 0,
            "area": 0.0,
            "image_id": 0,
            "bbox": [
                1660.0,
                1328.0,
                29.0,
                24.0
            ],
            "category_id": 1,
            "id": 44
        },
        {
            "segmentation": [
                [
                    1984.0579710144925,
                    1231.8840579710145,
                    2013.0434782608695,
                    1262.31884057971
                ]
            ],
            "iscrowd": 0,
            "area": 0.0,
            "image_id": 0,
            "bbox": [
                1984.0,
                1231.0,
                29.0,
                31.0
            ],
            "category_id": 1,
            "id": 45
        },
        {
            "segmentation": [
                [
                    1981.159420289855,
                    1250.7246376811593,
                    2002.8985507246375,
                    1269.5652173913043
                ]
            ],
            "iscrowd": 0,
            "area": 0.0,
            "image_id": 0,
            "bbox": [
                1981.0,
                1250.0,
                21.0,
                19.0
            ],
            "category_id": 1,
            "id": 46
        },
        {
            "segmentation": [
                [
                    2008.6956521739128,
                    1353.623188405797,
                    2030.4347826086955,
                    1372.463768115942
                ]
            ],
            "iscrowd": 0,
            "area": 0.0,
            "image_id": 0,
            "bbox": [
                2008.0,
                1353.0,
                22.0,
                19.0
            ],
            "category_id": 1,
            "id": 47
        },
        {
            "segmentation": [
                [
                    1953.623188405797,
                    1491.3043478260868,
                    1976.8115942028983,
                    1514.4927536231883
                ]
            ],
            "iscrowd": 0,
            "area": 0.0,
            "image_id": 0,
            "bbox": [
                1953.0,
                1491.0,
                23.0,
                23.0
            ],
            "category_id": 1,
            "id": 48
        }
    ]
}