{
    "images": [
        {
            "height": 2288,
            "width": 2376,
            "id": 0,
            "file_name": "CP3_2_gray_6_colour.png"
        }
    ],
    "categories": [
        {
            "supercategory": "g",
            "id": 0,
            "name": "g"
        },
        {
            "supercategory": "p",
            "id": 1,
            "name": "p"
        }
    ],
    "annotations": [
        {
            "segmentation": [
                [
                    1108.6206896551726,
                    639.6551724137931,
                    1148.2758620689656,
                    674.1379310344828
                ]
            ],
            "iscrowd": 0,
            "area": 0.0,
            "image_id": 0,
            "bbox": [
                1108.0,
                639.0,
                40.0,
                35.0
            ],
            "category_id": 0,
            "id": 1
        },
        {
            "segmentation": [
                [
                    1110.344827586207,
                    720.6896551724138,
                    1167.2413793103449,
                    772.4137931034484
                ]
            ],
            "iscrowd": 0,
            "area": 0.0,
            "image_id": 0,
            "bbox": [
                1110.0,
                720.0,
                57.0,
                52.0
            ],
            "category_id": 0,
            "id": 2
        },
        {
            "segmentation": [
                [
                    927.5862068965517,
                    910.344827586207,
                    989.6551724137931,
                    965.5172413793105
                ]
            ],
            "iscrowd": 0,
            "area": 0.0,
            "image_id": 0,
            "bbox": [
                927.0,
                910.0,
                62.0,
                55.0
            ],
            "category_id": 0,
            "id": 3
        },
        {
            "segmentation": [
                [
                    1594.8275862068967,
                    1184.4827586206898,
                    1656.8965517241381,
                    1239.6551724137933
                ]
            ],
            "iscrowd": 0,
            "area": 0.0,
            "image_id": 0,
            "bbox": [
                1594.0,
                1184.0,
                62.0,
                55.0
            ],
            "category_id": 0,
            "id": 4
        },
        {
            "segmentation": [
                [
                    1777.5862068965519,
                    1179.3103448275863,
                    1829.3103448275863,
                    1229.3103448275863
                ]
            ],
            "iscrowd": 0,
            "area": 0.0,
            "image_id": 0,
            "bbox": [
                1777.0,
                1179.0,
                52.0,
                50.0
            ],
            "category_id": 0,
            "id": 5
        },
        {
            "segmentation": [
                [
                    1955.1724137931035,
                    1584.4827586206898,
                    1974.1379310344828,
                    1603.448275862069
                ]
            ],
            "iscrowd": 0,
            "area": 0.0,
            "image_id": 0,
            "bbox": [
                1955.0,
                1584.0,
                19.0,
                19.0
            ],
            "category_id": 1,
            "id": 6
        }
    ]
}