{
    "images": [
        {
            "height": 2288,
            "width": 2376,
            "id": 0,
            "file_name": "CP3_cross_1_2_later_gray_c2_colour.png"
        }
    ],
    "categories": [
        {
            "supercategory": "g",
            "id": 0,
            "name": "g"
        }
    ],
    "annotations": [
        {
            "segmentation": [
                [
                    981.6326530612245,
                    430.6122448979592,
                    1044.8979591836735,
                    481.6326530612245
                ]
            ],
            "iscrowd": 0,
            "area": 0.0,
            "image_id": 0,
            "bbox": [
                981.0,
                430.0,
                63.0,
                51.0
            ],
            "category_id": 0,
            "id": 1
        },
        {
            "segmentation": [
                [
                    667.3469387755102,
                    544.8979591836735,
                    744.8979591836735,
                    614.2857142857143
                ]
            ],
            "iscrowd": 0,
            "area": 0.0,
            "image_id": 0,
            "bbox": [
                667.0,
                544.0,
                77.0,
                70.0
            ],
            "category_id": 0,
            "id": 2
        },
        {
            "segmentation": [
                [
                    651.0204081632653,
                    785.7142857142858,
                    726.530612244898,
                    865.3061224489796
                ]
            ],
            "iscrowd": 0,
            "area": 0.0,
            "image_id": 0,
            "bbox": [
                651.0,
                785.0,
                75.0,
                80.0
            ],
            "category_id": 0,
            "id": 3
        },
        {
            "segmentation": [
                [
                    830.6122448979592,
                    646.9387755102041,
                    904.0816326530612,
                    728.5714285714286
                ]
            ],
            "iscrowd": 0,
            "area": 0.0,
            "image_id": 0,
            "bbox": [
                830.0,
                646.0,
                74.0,
                82.0
            ],
            "category_id": 0,
            "id": 4
        },
        {
            "segmentation": [
                [
                    757.1428571428571,
                    679.5918367346939,
                    820.4081632653061,
                    738.7755102040817
                ]
            ],
            "iscrowd": 0,
            "area": 0.0,
            "image_id": 0,
            "bbox": [
                757.0,
                679.0,
                63.0,
                59.0
            ],
            "category_id": 0,
            "id": 5
        },
        {
            "segmentation": [
                [
                    936.7346938775511,
                    740.8163265306123,
                    1012.2448979591837,
                    816.3265306122449
                ]
            ],
            "iscrowd": 0,
            "area": 0.0,
            "image_id": 0,
            "bbox": [
                936.0,
                740.0,
                76.0,
                76.0
            ],
            "category_id": 0,
            "id": 6
        },
        {
            "segmentation": [
                [
                    1038.7755102040817,
                    775.5102040816327,
                    1120.408163265306,
                    855.1020408163265
                ]
            ],
            "iscrowd": 0,
            "area": 0.0,
            "image_id": 0,
            "bbox": [
                1038.0,
                775.0,
                82.0,
                80.0
            ],
            "category_id": 0,
            "id": 7
        },
        {
            "segmentation": [
                [
                    1118.3673469387754,
                    812.2448979591837,
                    1183.6734693877552,
                    881.6326530612245
                ]
            ],
            "iscrowd": 0,
            "area": 0.0,
            "image_id": 0,
            "bbox": [
                1118.0,
                812.0,
                65.0,
                69.0
            ],
            "category_id": 0,
            "id": 8
        },
        {
            "segmentation": [
                [
                    1065.3061224489795,
                    883.6734693877551,
                    1130.6122448979593,
                    948.9795918367347
                ]
            ],
            "iscrowd": 0,
            "area": 0.0,
            "image_id": 0,
            "bbox": [
                1065.0,
                883.0,
                65.0,
                65.0
            ],
            "category_id": 0,
            "id": 9
        },
        {
            "segmentation": [
                [
                    1132.6530612244899,
                    926.530612244898,
                    1189.795918367347,
                    983.6734693877552
                ]
            ],
            "iscrowd": 0,
            "area": 0.0,
            "image_id": 0,
            "bbox": [
                1132.0,
                926.0,
                57.0,
                57.0
            ],
            "category_id": 0,
            "id": 10
        },
        {
            "segmentation": [
                [
                    1232.6530612244899,
                    955.1020408163265,
                    1287.7551020408164,
                    1010.2040816326531
                ]
            ],
            "iscrowd": 0,
            "area": 0.0,
            "image_id": 0,
            "bbox": [
                1232.0,
                955.0,
                55.0,
                55.0
            ],
            "category_id": 0,
            "id": 11
        },
        {
            "segmentation": [
                [
                    1263.265306122449,
                    642.8571428571429,
                    1316.3265306122448,
                    710.2040816326531
                ]
            ],
            "iscrowd": 0,
            "area": 0.0,
            "image_id": 0,
            "bbox": [
                1263.0,
                642.0,
                53.0,
                68.0
            ],
            "category_id": 0,
            "id": 12
        },
        {
            "segmentation": [
                [
                    1442.857142857143,
                    473.46938775510205,
                    1518.3673469387754,
                    553.0612244897959
                ]
            ],
            "iscrowd": 0,
            "area": 0.0,
            "image_id": 0,
            "bbox": [
                1442.0,
                473.0,
                76.0,
                80.0
            ],
            "category_id": 0,
            "id": 13
        },
        {
            "segmentation": [
                [
                    1467.3469387755101,
                    612.2448979591837,
                    1538.7755102040817,
                    706.1224489795918
                ]
            ],
            "iscrowd": 0,
            "area": 0.0,
            "image_id": 0,
            "bbox": [
                1467.0,
                612.0,
                71.0,
                94.0
            ],
            "category_id": 0,
            "id": 14
        },
        {
            "segmentation": [
                [
                    1561.2244897959183,
                    673.469387755102,
                    1628.5714285714287,
                    742.8571428571429
                ]
            ],
            "iscrowd": 0,
            "area": 0.0,
            "image_id": 0,
            "bbox": [
                1561.0,
                673.0,
                67.0,
                69.0
            ],
            "category_id": 0,
            "id": 15
        },
        {
            "segmentation": [
                [
                    918.3673469387755,
                    1095.9183673469388,
                    993.8775510204082,
                    1161.2244897959183
                ]
            ],
            "iscrowd": 0,
            "area": 0.0,
            "image_id": 0,
            "bbox": [
                918.0,
                1095.0,
                75.0,
                66.0
            ],
            "category_id": 0,
            "id": 16
        },
        {
            "segmentation": [
                [
                    1122.4489795918369,
                    1048.9795918367347,
                    1189.795918367347,
                    1108.1632653061224
                ]
            ],
            "iscrowd": 0,
            "area": 0.0,
            "image_id": 0,
            "bbox": [
                1122.0,
                1048.0,
                67.0,
                60.0
            ],
            "category_id": 0,
            "id": 17
        },
        {
            "segmentation": [
                [
                    1122.4489795918369,
                    1173.4693877551022,
                    1206.1224489795918,
                    1255.1020408163265
                ]
            ],
            "iscrowd": 0,
            "area": 0.0,
            "image_id": 0,
            "bbox": [
                1122.0,
                1173.0,
                84.0,
                82.0
            ],
            "category_id": 0,
            "id": 18
        },
        {
            "segmentation": [
                [
                    1334.6938775510205,
                    759.1836734693877,
                    1404.0816326530612,
                    818.3673469387755
                ]
            ],
            "iscrowd": 0,
            "area": 0.0,
            "image_id": 0,
            "bbox": [
                1334.0,
                759.0,
                70.0,
                59.0
            ],
            "category_id": 0,
            "id": 19
        },
        {
            "segmentation": [
                [
                    1391.8367346938776,
                    818.3673469387755,
                    1442.857142857143,
                    867.3469387755102
                ]
            ],
            "iscrowd": 0,
            "area": 0.0,
            "image_id": 0,
            "bbox": [
                1391.0,
                818.0,
                51.0,
                49.0
            ],
            "category_id": 0,
            "id": 20
        },
        {
            "segmentation": [
                [
                    1442.857142857143,
                    836.7346938775511,
                    1508.1632653061224,
                    904.0816326530612
                ]
            ],
            "iscrowd": 0,
            "area": 0.0,
            "image_id": 0,
            "bbox": [
                1442.0,
                836.0,
                66.0,
                68.0
            ],
            "category_id": 0,
            "id": 21
        },
        {
            "segmentation": [
                [
                    1461.2244897959183,
                    967.3469387755102,
                    1528.5714285714287,
                    1032.6530612244899
                ]
            ],
            "iscrowd": 0,
            "area": 0.0,
            "image_id": 0,
            "bbox": [
                1461.0,
                967.0,
                67.0,
                65.0
            ],
            "category_id": 0,
            "id": 22
        },
        {
            "segmentation": [
                [
                    1346.938775510204,
                    1008.1632653061224,
                    1418.3673469387754,
                    1063.265306122449
                ]
            ],
            "iscrowd": 0,
            "area": 0.0,
            "image_id": 0,
            "bbox": [
                1346.0,
                1008.0,
                72.0,
                55.0
            ],
            "category_id": 0,
            "id": 23
        },
        {
            "segmentation": [
                [
                    1220.4081632653063,
                    1118.3673469387754,
                    1285.7142857142858,
                    1181.6326530612246
                ]
            ],
            "iscrowd": 0,
            "area": 0.0,
            "image_id": 0,
            "bbox": [
                1220.0,
                1118.0,
                65.0,
                63.0
            ],
            "category_id": 0,
            "id": 24
        },
        {
            "segmentation": [
                [
                    1297.9591836734694,
                    1087.7551020408164,
                    1365.3061224489795,
                    1157.142857142857
                ]
            ],
            "iscrowd": 0,
            "area": 0.0,
            "image_id": 0,
            "bbox": [
                1297.0,
                1087.0,
                68.0,
                70.0
            ],
            "category_id": 0,
            "id": 25
        },
        {
            "segmentation": [
                [
                    1295.9183673469388,
                    1144.8979591836735,
                    1357.142857142857,
                    1195.9183673469388
                ]
            ],
            "iscrowd": 0,
            "area": 0.0,
            "image_id": 0,
            "bbox": [
                1295.0,
                1144.0,
                62.0,
                51.0
            ],
            "category_id": 0,
            "id": 26
        },
        {
            "segmentation": [
                [
                    1375.5102040816328,
                    1175.5102040816328,
                    1428.5714285714287,
                    1244.8979591836735
                ]
            ],
            "iscrowd": 0,
            "area": 0.0,
            "image_id": 0,
            "bbox": [
                1375.0,
                1175.0,
                53.0,
                69.0
            ],
            "category_id": 0,
            "id": 27
        },
        {
            "segmentation": [
                [
                    1412.2448979591836,
                    1165.3061224489795,
                    1481.6326530612246,
                    1226.530612244898
                ]
            ],
            "iscrowd": 0,
            "area": 0.0,
            "image_id": 0,
            "bbox": [
                1412.0,
                1165.0,
                69.0,
                61.0
            ],
            "category_id": 0,
            "id": 28
        },
        {
            "segmentation": [
                [
                    897.9591836734694,
                    1430.6122448979593,
                    977.5510204081633,
                    1522.4489795918369
                ]
            ],
            "iscrowd": 0,
            "area": 0.0,
            "image_id": 0,
            "bbox": [
                897.0,
                1430.0,
                80.0,
                92.0
            ],
            "category_id": 0,
            "id": 29
        },
        {
            "segmentation": [
                [
                    1016.3265306122449,
                    1479.591836734694,
                    1077.5510204081634,
                    1540.8163265306123
                ]
            ],
            "iscrowd": 0,
            "area": 0.0,
            "image_id": 0,
            "bbox": [
                1016.0,
                1479.0,
                61.0,
                61.0
            ],
            "category_id": 0,
            "id": 30
        },
        {
            "segmentation": [
                [
                    979.5918367346939,
                    1557.142857142857,
                    1046.938775510204,
                    1630.6122448979593
                ]
            ],
            "iscrowd": 0,
            "area": 0.0,
            "image_id": 0,
            "bbox": [
                979.0,
                1557.0,
                67.0,
                73.0
            ],
            "category_id": 0,
            "id": 31
        },
        {
            "segmentation": [
                [
                    1340.8163265306123,
                    1446.938775510204,
                    1424.4897959183675,
                    1530.6122448979593
                ]
            ],
            "iscrowd": 0,
            "area": 0.0,
            "image_id": 0,
            "bbox": [
                1340.0,
                1446.0,
                84.0,
                84.0
            ],
            "category_id": 0,
            "id": 32
        },
        {
            "segmentation": [
                [
                    1295.9183673469388,
                    1638.7755102040817,
                    1377.5510204081634,
                    1714.2857142857142
                ]
            ],
            "iscrowd": 0,
            "area": 0.0,
            "image_id": 0,
            "bbox": [
                1295.0,
                1638.0,
                82.0,
                76.0
            ],
            "category_id": 0,
            "id": 33
        },
        {
            "segmentation": [
                [
                    1393.8775510204082,
                    1648.9795918367347,
                    1473.4693877551022,
                    1746.938775510204
                ]
            ],
            "iscrowd": 0,
            "area": 0.0,
            "image_id": 0,
            "bbox": [
                1393.0,
                1648.0,
                80.0,
                98.0
            ],
            "category_id": 0,
            "id": 34
        },
        {
            "segmentation": [
                [
                    1908.1632653061224,
                    689.795918367347,
                    1983.6734693877552,
                    783.6734693877551
                ]
            ],
            "iscrowd": 0,
            "area": 0.0,
            "image_id": 0,
            "bbox": [
                1908.0,
                689.0,
                75.0,
                94.0
            ],
            "category_id": 0,
            "id": 35
        },
        {
            "segmentation": [
                [
                    1981.6326530612246,
                    885.7142857142858,
                    2061.2244897959185,
                    965.3061224489796
                ]
            ],
            "iscrowd": 0,
            "area": 0.0,
            "image_id": 0,
            "bbox": [
                1981.0,
                885.0,
                80.0,
                80.0
            ],
            "category_id": 0,
            "id": 36
        },
        {
            "segmentation": [
                [
                    1712.2448979591836,
                    1053.061224489796,
                    1783.6734693877552,
                    1126.530612244898
                ]
            ],
            "iscrowd": 0,
            "area": 0.0,
            "image_id": 0,
            "bbox": [
                1712.0,
                1053.0,
                71.0,
                73.0
            ],
            "category_id": 0,
            "id": 37
        },
        {
            "segmentation": [
                [
                    1718.3673469387757,
                    1218.3673469387754,
                    1793.8775510204082,
                    1289.795918367347
                ]
            ],
            "iscrowd": 0,
            "area": 0.0,
            "image_id": 0,
            "bbox": [
                1718.0,
                1218.0,
                75.0,
                71.0
            ],
            "category_id": 0,
            "id": 38
        },
        {
            "segmentation": [
                [
                    1581.6326530612246,
                    1412.2448979591836,
                    1653.061224489796,
                    1475.5102040816328
                ]
            ],
            "iscrowd": 0,
            "area": 0.0,
            "image_id": 0,
            "bbox": [
                1581.0,
                1412.0,
                72.0,
                63.0
            ],
            "category_id": 0,
            "id": 39
        },
        {
            "segmentation": [
                [
                    1518.3673469387754,
                    1455.1020408163265,
                    1593.8775510204082,
                    1506.1224489795918
                ]
            ],
            "iscrowd": 0,
            "area": 0.0,
            "image_id": 0,
            "bbox": [
                1518.0,
                1455.0,
                75.0,
                51.0
            ],
            "category_id": 0,
            "id": 40
        },
        {
            "segmentation": [
                [
                    1604.0816326530612,
                    1483.6734693877552,
                    1675.5102040816328,
                    1557.142857142857
                ]
            ],
            "iscrowd": 0,
            "area": 0.0,
            "image_id": 0,
            "bbox": [
                1604.0,
                1483.0,
                71.0,
                74.0
            ],
            "category_id": 0,
            "id": 41
        },
        {
            "segmentation": [
                [
                    1536.734693877551,
                    1567.3469387755101,
                    1608.1632653061224,
                    1626.530612244898
                ]
            ],
            "iscrowd": 0,
            "area": 0.0,
            "image_id": 0,
            "bbox": [
                1536.0,
                1567.0,
                72.0,
                59.0
            ],
            "category_id": 0,
            "id": 42
        },
        {
            "segmentation": [
                [
                    1669.387755102041,
                    1246.938775510204,
                    1689.795918367347,
                    1269.3877551020407
                ]
            ],
            "iscrowd": 0,
            "area": 0.0,
            "image_id": 0,
            "bbox": [
                1669.0,
                1246.0,
                20.0,
                23.0
            ],
            "category_id": 0,
            "id": 43
        },
        {
            "segmentation": [
                [
                    1991.8367346938776,
                    795.9183673469388,
                    2018.3673469387757,
                    808.1632653061224
                ]
            ],
            "iscrowd": 0,
            "area": 0.0,
            "image_id": 0,
            "bbox": [
                1991.0,
                795.0,
                27.0,
                13.0
            ],
            "category_id": 0,
            "id": 44
        },
        {
            "segmentation": [
                [
                    875.5102040816327,
                    824.4897959183673,
                    900.0,
                    846.9387755102041
                ]
            ],
            "iscrowd": 0,
            "area": 0.0,
            "image_id": 0,
            "bbox": [
                875.0,
                824.0,
                25.0,
                22.0
            ],
            "category_id": 0,
            "id": 45
        }
    ]
}