{
    "images": [
        {
            "height": 2288,
            "width": 2376,
            "id": 0,
            "file_name": "CP3_1_gray_2_colour.png"
        }
    ],
    "categories": [
        {
            "supercategory": "g",
            "id": 0,
            "name": "g"
        },
        {
            "supercategory": "p",
            "id": 1,
            "name": "p"
        }
    ],
    "annotations": [
        {
            "segmentation": [
                [
                    568.9655172413793,
                    1251.7241379310346,
                    624.1379310344828,
                    1300.0
                ]
            ],
            "iscrowd": 0,
            "area": 0.0,
            "image_id": 0,
            "bbox": [
                568.0,
                1251.0,
                56.0,
                49.0
            ],
            "category_id": 0,
            "id": 1
        },
        {
            "segmentation": [
                [
                    612.0689655172414,
                    1337.9310344827586,
                    656.896551724138,
                    1386.2068965517242
                ]
            ],
            "iscrowd": 0,
            "area": 0.0,
            "image_id": 0,
            "bbox": [
                612.0,
                1337.0,
                44.0,
                49.0
            ],
            "category_id": 0,
            "id": 2
        },
        {
            "segmentation": [
                [
                    1484.4827586206898,
                    1113.793103448276,
                    1537.9310344827588,
                    1155.1724137931035
                ]
            ],
            "iscrowd": 0,
            "area": 0.0,
            "image_id": 0,
            "bbox": [
                1484.0,
                1113.0,
                53.0,
                42.0
            ],
            "category_id": 0,
            "id": 3
        },
        {
            "segmentation": [
                [
                    1363.793103448276,
                    1063.793103448276,
                    1394.8275862068967,
                    1103.448275862069
                ]
            ],
            "iscrowd": 0,
            "area": 0.0,
            "image_id": 0,
            "bbox": [
                1363.0,
                1063.0,
                31.0,
                40.0
            ],
            "category_id": 0,
            "id": 4
        },
        {
            "segmentation": [
                [
                    1784.4827586206898,
                    760.344827586207,
                    1817.2413793103449,
                    796.551724137931
                ]
            ],
            "iscrowd": 0,
            "area": 0.0,
            "image_id": 0,
            "bbox": [
                1784.0,
                760.0,
                33.0,
                36.0
            ],
            "category_id": 0,
            "id": 5
        },
        {
            "segmentation": [
                [
                    1860.344827586207,
                    677.5862068965517,
                    1889.6551724137933,
                    720.6896551724138
                ]
            ],
            "iscrowd": 0,
            "area": 0.0,
            "image_id": 0,
            "bbox": [
                1860.0,
                677.0,
                29.0,
                43.0
            ],
            "category_id": 0,
            "id": 6
        },
        {
            "segmentation": [
                [
                    1974.1379310344828,
                    667.2413793103449,
                    2005.1724137931035,
                    703.4482758620691
                ]
            ],
            "iscrowd": 0,
            "area": 0.0,
            "image_id": 0,
            "bbox": [
                1974.0,
                667.0,
                31.0,
                36.0
            ],
            "category_id": 0,
            "id": 7
        },
        {
            "segmentation": [
                [
                    1551.7241379310346,
                    605.1724137931035,
                    1574.1379310344828,
                    624.1379310344828
                ]
            ],
            "iscrowd": 0,
            "area": 0.0,
            "image_id": 0,
            "bbox": [
                1551.0,
                605.0,
                23.0,
                19.0
            ],
            "category_id": 1,
            "id": 8
        },
        {
            "segmentation": [
                [
                    1581.0344827586207,
                    681.0344827586207,
                    1598.2758620689656,
                    693.1034482758621
                ]
            ],
            "iscrowd": 0,
            "area": 0.0,
            "image_id": 0,
            "bbox": [
                1581.0,
                681.0,
                17.0,
                12.0
            ],
            "category_id": 1,
            "id": 9
        },
        {
            "segmentation": [
                [
                    1677.5862068965519,
                    1000.0000000000001,
                    1696.5517241379312,
                    1025.8620689655172
                ]
            ],
            "iscrowd": 0,
            "area": 0.0,
            "image_id": 0,
            "bbox": [
                1677.0,
                1000.0,
                19.0,
                25.0
            ],
            "category_id": 1,
            "id": 10
        },
        {
            "segmentation": [
                [
                    1970.689655172414,
                    837.9310344827587,
                    1993.1034482758623,
                    858.6206896551724
                ]
            ],
            "iscrowd": 0,
            "area": 0.0,
            "image_id": 0,
            "bbox": [
                1970.0,
                837.0,
                23.0,
                21.0
            ],
            "category_id": 1,
            "id": 11
        },
        {
            "segmentation": [
                [
                    1396.5517241379312,
                    1398.2758620689656,
                    1415.5172413793105,
                    1418.9655172413793
                ]
            ],
            "iscrowd": 0,
            "area": 0.0,
            "image_id": 0,
            "bbox": [
                1396.0,
                1398.0,
                19.0,
                20.0
            ],
            "category_id": 1,
            "id": 12
        },
        {
            "segmentation": [
                [
                    808.6206896551724,
                    1606.8965517241381,
                    829.3103448275863,
                    1631.0344827586207
                ]
            ],
            "iscrowd": 0,
            "area": 0.0,
            "image_id": 0,
            "bbox": [
                808.0,
                1606.0,
                21.0,
                25.0
            ],
            "category_id": 1,
            "id": 13
        },
        {
            "segmentation": [
                [
                    1167.2413793103449,
                    1617.2413793103449,
                    1184.4827586206898,
                    1637.9310344827588
                ]
            ],
            "iscrowd": 0,
            "area": 0.0,
            "image_id": 0,
            "bbox": [
                1167.0,
                1617.0,
                17.0,
                20.0
            ],
            "category_id": 1,
            "id": 14
        },
        {
            "segmentation": [
                [
                    1206.896551724138,
                    1718.9655172413795,
                    1231.0344827586207,
                    1737.9310344827588
                ]
            ],
            "iscrowd": 0,
            "area": 0.0,
            "image_id": 0,
            "bbox": [
                1206.0,
                1718.0,
                25.0,
                19.0
            ],
            "category_id": 1,
            "id": 15
        },
        {
            "segmentation": [
                [
                    1179.3103448275863,
                    1831.034482758621,
                    1198.2758620689656,
                    1856.8965517241381
                ]
            ],
            "iscrowd": 0,
            "area": 0.0,
            "image_id": 0,
            "bbox": [
                1179.0,
                1831.0,
                19.0,
                25.0
            ],
            "category_id": 1,
            "id": 16
        }
    ]
}