{
    "images": [
        {
            "height": 2288,
            "width": 2376,
            "id": 0,
            "file_name": "CP5_1_gray_6_colour.png"
        }
    ],
    "categories": [
        {
            "supercategory": "g",
            "id": 0,
            "name": "g"
        },
        {
            "supercategory": "p",
            "id": 1,
            "name": "p"
        }
    ],
    "annotations": [
        {
            "segmentation": [
                [
                    1068.2539682539682,
                    280.95238095238096,
                    1111.111111111111,
                    322.22222222222223
                ]
            ],
            "iscrowd": 0,
            "area": 0.0,
            "image_id": 0,
            "bbox": [
                1068.0,
                280.0,
                43.0,
                42.0
            ],
            "category_id": 0,
            "id": 1
        },
        {
            "segmentation": [
                [
                    941.2698412698412,
                    574.6031746031746,
                    993.6507936507936,
                    622.2222222222222
                ]
            ],
            "iscrowd": 0,
            "area": 0.0,
            "image_id": 0,
            "bbox": [
                941.0,
                574.0,
                52.0,
                48.0
            ],
            "category_id": 0,
            "id": 2
        },
        {
            "segmentation": [
                [
                    577.7777777777778,
                    738.0952380952381,
                    633.3333333333334,
                    780.952380952381
                ]
            ],
            "iscrowd": 0,
            "area": 0.0,
            "image_id": 0,
            "bbox": [
                577.0,
                738.0,
                56.0,
                42.0
            ],
            "category_id": 0,
            "id": 3
        },
        {
            "segmentation": [
                [
                    658.7301587301587,
                    887.3015873015873,
                    695.2380952380952,
                    926.984126984127
                ]
            ],
            "iscrowd": 0,
            "area": 0.0,
            "image_id": 0,
            "bbox": [
                658.0,
                887.0,
                37.0,
                39.0
            ],
            "category_id": 0,
            "id": 4
        },
        {
            "segmentation": [
                [
                    657.1428571428571,
                    936.5079365079365,
                    698.4126984126984,
                    974.6031746031746
                ]
            ],
            "iscrowd": 0,
            "area": 0.0,
            "image_id": 0,
            "bbox": [
                657.0,
                936.0,
                41.0,
                38.0
            ],
            "category_id": 0,
            "id": 5
        },
        {
            "segmentation": [
                [
                    1057.142857142857,
                    844.4444444444445,
                    1109.5238095238094,
                    901.5873015873016
                ]
            ],
            "iscrowd": 0,
            "area": 0.0,
            "image_id": 0,
            "bbox": [
                1057.0,
                844.0,
                52.0,
                57.0
            ],
            "category_id": 0,
            "id": 6
        },
        {
            "segmentation": [
                [
                    846.031746031746,
                    1139.6825396825398,
                    884.1269841269841,
                    1182.5396825396826
                ]
            ],
            "iscrowd": 0,
            "area": 0.0,
            "image_id": 0,
            "bbox": [
                846.0,
                1139.0,
                38.0,
                43.0
            ],
            "category_id": 0,
            "id": 7
        },
        {
            "segmentation": [
                [
                    620.6349206349206,
                    1444.4444444444443,
                    673.015873015873,
                    1485.7142857142858
                ]
            ],
            "iscrowd": 0,
            "area": 0.0,
            "image_id": 0,
            "bbox": [
                620.0,
                1444.0,
                53.0,
                41.0
            ],
            "category_id": 0,
            "id": 8
        },
        {
            "segmentation": [
                [
                    1409.5238095238094,
                    444.44444444444446,
                    1457.142857142857,
                    493.6507936507937
                ]
            ],
            "iscrowd": 0,
            "area": 0.0,
            "image_id": 0,
            "bbox": [
                1409.0,
                444.0,
                48.0,
                49.0
            ],
            "category_id": 0,
            "id": 9
        },
        {
            "segmentation": [
                [
                    1530.1587301587301,
                    398.41269841269843,
                    1576.1904761904761,
                    446.031746031746
                ]
            ],
            "iscrowd": 0,
            "area": 0.0,
            "image_id": 0,
            "bbox": [
                1530.0,
                398.0,
                46.0,
                48.0
            ],
            "category_id": 0,
            "id": 10
        },
        {
            "segmentation": [
                [
                    1517.4603174603174,
                    1009.5238095238095,
                    1550.7936507936508,
                    1042.857142857143
                ]
            ],
            "iscrowd": 0,
            "area": 0.0,
            "image_id": 0,
            "bbox": [
                1517.0,
                1009.0,
                33.0,
                33.0
            ],
            "category_id": 0,
            "id": 11
        },
        {
            "segmentation": [
                [
                    1480.952380952381,
                    641.2698412698412,
                    1507.936507936508,
                    673.015873015873
                ]
            ],
            "iscrowd": 0,
            "area": 0.0,
            "image_id": 0,
            "bbox": [
                1480.0,
                641.0,
                27.0,
                32.0
            ],
            "category_id": 0,
            "id": 12
        },
        {
            "segmentation": [
                [
                    820.6349206349206,
                    1822.2222222222222,
                    868.2539682539682,
                    1852.3809523809523
                ]
            ],
            "iscrowd": 0,
            "area": 0.0,
            "image_id": 0,
            "bbox": [
                820.0,
                1822.0,
                48.0,
                30.0
            ],
            "category_id": 0,
            "id": 13
        },
        {
            "segmentation": [
                [
                    1034.920634920635,
                    1977.7777777777778,
                    1088.888888888889,
                    2031.7460317460318
                ]
            ],
            "iscrowd": 0,
            "area": 0.0,
            "image_id": 0,
            "bbox": [
                1034.0,
                1977.0,
                54.0,
                54.0
            ],
            "category_id": 0,
            "id": 14
        },
        {
            "segmentation": [
                [
                    658.7301587301587,
                    431.74603174603175,
                    677.7777777777778,
                    447.6190476190476
                ]
            ],
            "iscrowd": 0,
            "area": 0.0,
            "image_id": 0,
            "bbox": [
                658.0,
                431.0,
                19.0,
                16.0
            ],
            "category_id": 1,
            "id": 15
        },
        {
            "segmentation": [
                [
                    1093.6507936507937,
                    1101.5873015873017,
                    1120.6349206349207,
                    1119.047619047619
                ]
            ],
            "iscrowd": 0,
            "area": 0.0,
            "image_id": 0,
            "bbox": [
                1093.0,
                1101.0,
                27.0,
                18.0
            ],
            "category_id": 1,
            "id": 16
        },
        {
            "segmentation": [
                [
                    1193.6507936507937,
                    1209.5238095238094,
                    1217.4603174603174,
                    1233.3333333333333
                ]
            ],
            "iscrowd": 0,
            "area": 0.0,
            "image_id": 0,
            "bbox": [
                1193.0,
                1209.0,
                24.0,
                24.0
            ],
            "category_id": 1,
            "id": 17
        },
        {
            "segmentation": [
                [
                    1300.0,
                    1285.7142857142858,
                    1315.873015873016,
                    1306.3492063492063
                ]
            ],
            "iscrowd": 0,
            "area": 0.0,
            "image_id": 0,
            "bbox": [
                1300.0,
                1285.0,
                15.0,
                21.0
            ],
            "category_id": 1,
            "id": 18
        },
        {
            "segmentation": [
                [
                    1330.1587301587301,
                    823.8095238095239,
                    1350.7936507936508,
                    847.6190476190476
                ]
            ],
            "iscrowd": 0,
            "area": 0.0,
            "image_id": 0,
            "bbox": [
                1330.0,
                823.0,
                20.0,
                24.0
            ],
            "category_id": 1,
            "id": 19
        },
        {
            "segmentation": [
                [
                    1434.920634920635,
                    868.2539682539682,
                    1460.3174603174602,
                    888.8888888888889
                ]
            ],
            "iscrowd": 0,
            "area": 0.0,
            "image_id": 0,
            "bbox": [
                1434.0,
                868.0,
                26.0,
                20.0
            ],
            "category_id": 1,
            "id": 20
        },
        {
            "segmentation": [
                [
                    1453.968253968254,
                    1020.6349206349206,
                    1471.4285714285713,
                    1042.857142857143
                ]
            ],
            "iscrowd": 0,
            "area": 0.0,
            "image_id": 0,
            "bbox": [
                1453.0,
                1020.0,
                18.0,
                22.0
            ],
            "category_id": 1,
            "id": 21
        },
        {
            "segmentation": [
                [
                    542.8571428571429,
                    1234.920634920635,
                    565.0793650793651,
                    1260.3174603174602
                ]
            ],
            "iscrowd": 0,
            "area": 0.0,
            "image_id": 0,
            "bbox": [
                542.0,
                1234.0,
                23.0,
                26.0
            ],
            "category_id": 1,
            "id": 22
        },
        {
            "segmentation": [
                [
                    1365.079365079365,
                    1453.968253968254,
                    1385.7142857142858,
                    1474.6031746031747
                ]
            ],
            "iscrowd": 0,
            "area": 0.0,
            "image_id": 0,
            "bbox": [
                1365.0,
                1453.0,
                20.0,
                21.0
            ],
            "category_id": 1,
            "id": 23
        },
        {
            "segmentation": [
                [
                    1690.4761904761904,
                    1269.8412698412699,
                    1711.111111111111,
                    1295.2380952380952
                ]
            ],
            "iscrowd": 0,
            "area": 0.0,
            "image_id": 0,
            "bbox": [
                1690.0,
                1269.0,
                21.0,
                26.0
            ],
            "category_id": 1,
            "id": 24
        },
        {
            "segmentation": [
                [
                    1666.6666666666667,
                    1393.6507936507937,
                    1688.888888888889,
                    1417.4603174603174
                ]
            ],
            "iscrowd": 0,
            "area": 0.0,
            "image_id": 0,
            "bbox": [
                1666.0,
                1393.0,
                22.0,
                24.0
            ],
            "category_id": 1,
            "id": 25
        },
        {
            "segmentation": [
                [
                    1920.6349206349207,
                    755.5555555555555,
                    1938.095238095238,
                    779.3650793650794
                ]
            ],
            "iscrowd": 0,
            "area": 0.0,
            "image_id": 0,
            "bbox": [
                1920.0,
                755.0,
                18.0,
                24.0
            ],
            "category_id": 1,
            "id": 26
        },
        {
            "segmentation": [
                [
                    1768.2539682539682,
                    1215.873015873016,
                    1842.857142857143,
                    1282.5396825396824
                ]
            ],
            "iscrowd": 0,
            "area": 0.0,
            "image_id": 0,
            "bbox": [
                1768.0,
                1215.0,
                74.0,
                67.0
            ],
            "category_id": 0,
            "id": 27
        },
        {
            "segmentation": [
                [
                    1039.6825396825398,
                    1814.2857142857142,
                    1061.904761904762,
                    1831.7460317460318
                ]
            ],
            "iscrowd": 0,
            "area": 0.0,
            "image_id": 0,
            "bbox": [
                1039.0,
                1814.0,
                22.0,
                17.0
            ],
            "category_id": 1,
            "id": 28
        },
        {
            "segmentation": [
                [
                    1387.3015873015872,
                    1885.7142857142858,
                    1404.7619047619048,
                    1903.1746031746031
                ]
            ],
            "iscrowd": 0,
            "area": 0.0,
            "image_id": 0,
            "bbox": [
                1387.0,
                1885.0,
                17.0,
                18.0
            ],
            "category_id": 1,
            "id": 29
        },
        {
            "segmentation": [
                [
                    879.3650793650794,
                    1952.3809523809523,
                    909.5238095238095,
                    1976.1904761904761
                ]
            ],
            "iscrowd": 0,
            "area": 0.0,
            "image_id": 0,
            "bbox": [
                879.0,
                1952.0,
                30.0,
                24.0
            ],
            "category_id": 1,
            "id": 30
        },
        {
            "segmentation": [
                [
                    1542.857142857143,
                    1049.2063492063492,
                    1566.6666666666667,
                    1071.4285714285713
                ]
            ],
            "iscrowd": 0,
            "area": 0.0,
            "image_id": 0,
            "bbox": [
                1542.0,
                1049.0,
                24.0,
                22.0
            ],
            "category_id": 1,
            "id": 31
        }
    ]
}