{
    "images": [
        {
            "height": 2288,
            "width": 2376,
            "id": 0,
            "file_name": "CP5_2_gray_5_colour.png"
        }
    ],
    "categories": [
        {
            "supercategory": "g",
            "id": 0,
            "name": "g"
        },
        {
            "supercategory": "p",
            "id": 1,
            "name": "p"
        }
    ],
    "annotations": [
        {
            "segmentation": [
                [
                    559.1836734693877,
                    759.1836734693877,
                    608.1632653061224,
                    806.1224489795918
                ]
            ],
            "iscrowd": 0,
            "area": 0.0,
            "image_id": 0,
            "bbox": [
                559.0,
                759.0,
                49.0,
                47.0
            ],
            "category_id": 0,
            "id": 1
        },
        {
            "segmentation": [
                [
                    1189.795918367347,
                    1067.3469387755101,
                    1246.938775510204,
                    1104.0816326530612
                ]
            ],
            "iscrowd": 0,
            "area": 0.0,
            "image_id": 0,
            "bbox": [
                1189.0,
                1067.0,
                57.0,
                37.0
            ],
            "category_id": 0,
            "id": 2
        },
        {
            "segmentation": [
                [
                    1420.4081632653063,
                    1046.938775510204,
                    1457.142857142857,
                    1079.591836734694
                ]
            ],
            "iscrowd": 0,
            "area": 0.0,
            "image_id": 0,
            "bbox": [
                1420.0,
                1046.0,
                37.0,
                33.0
            ],
            "category_id": 0,
            "id": 3
        },
        {
            "segmentation": [
                [
                    1712.2448979591836,
                    432.6530612244898,
                    1746.938775510204,
                    467.34693877551024
                ]
            ],
            "iscrowd": 0,
            "area": 0.0,
            "image_id": 0,
            "bbox": [
                1712.0,
                432.0,
                34.0,
                35.0
            ],
            "category_id": 0,
            "id": 4
        },
        {
            "segmentation": [
                [
                    1657.142857142857,
                    1557.142857142857,
                    1710.204081632653,
                    1600.0
                ]
            ],
            "iscrowd": 0,
            "area": 0.0,
            "image_id": 0,
            "bbox": [
                1657.0,
                1557.0,
                53.0,
                43.0
            ],
            "category_id": 0,
            "id": 5
        },
        {
            "segmentation": [
                [
                    1808.1632653061224,
                    1410.204081632653,
                    1861.2244897959183,
                    1448.9795918367347
                ]
            ],
            "iscrowd": 0,
            "area": 0.0,
            "image_id": 0,
            "bbox": [
                1808.0,
                1410.0,
                53.0,
                38.0
            ],
            "category_id": 0,
            "id": 6
        },
        {
            "segmentation": [
                [
                    2089.795918367347,
                    1318.3673469387754,
                    2130.612244897959,
                    1379.591836734694
                ]
            ],
            "iscrowd": 0,
            "area": 0.0,
            "image_id": 0,
            "bbox": [
                2089.0,
                1318.0,
                41.0,
                61.0
            ],
            "category_id": 0,
            "id": 7
        },
        {
            "segmentation": [
                [
                    2079.591836734694,
                    1483.6734693877552,
                    2122.4489795918366,
                    1516.3265306122448
                ]
            ],
            "iscrowd": 0,
            "area": 0.0,
            "image_id": 0,
            "bbox": [
                2079.0,
                1483.0,
                43.0,
                33.0
            ],
            "category_id": 0,
            "id": 8
        },
        {
            "segmentation": [
                [
                    1630.6122448979593,
                    1704.0816326530612,
                    1677.5510204081634,
                    1744.8979591836735
                ]
            ],
            "iscrowd": 0,
            "area": 0.0,
            "image_id": 0,
            "bbox": [
                1630.0,
                1704.0,
                47.0,
                40.0
            ],
            "category_id": 0,
            "id": 9
        },
        {
            "segmentation": [
                [
                    1608.1632653061224,
                    1865.3061224489795,
                    1661.2244897959183,
                    1922.4489795918369
                ]
            ],
            "iscrowd": 0,
            "area": 0.0,
            "image_id": 0,
            "bbox": [
                1608.0,
                1865.0,
                53.0,
                57.0
            ],
            "category_id": 0,
            "id": 10
        },
        {
            "segmentation": [
                [
                    908.1632653061224,
                    1016.3265306122449,
                    934.6938775510205,
                    1038.7755102040817
                ]
            ],
            "iscrowd": 0,
            "area": 0.0,
            "image_id": 0,
            "bbox": [
                908.0,
                1016.0,
                26.0,
                22.0
            ],
            "category_id": 1,
            "id": 11
        },
        {
            "segmentation": [
                [
                    1253.061224489796,
                    910.2040816326531,
                    1271.4285714285716,
                    928.5714285714286
                ]
            ],
            "iscrowd": 0,
            "area": 0.0,
            "image_id": 0,
            "bbox": [
                1253.0,
                910.0,
                18.0,
                18.0
            ],
            "category_id": 1,
            "id": 12
        },
        {
            "segmentation": [
                [
                    1842.857142857143,
                    1351.0204081632653,
                    1869.387755102041,
                    1379.591836734694
                ]
            ],
            "iscrowd": 0,
            "area": 0.0,
            "image_id": 0,
            "bbox": [
                1842.0,
                1351.0,
                27.0,
                28.0
            ],
            "category_id": 1,
            "id": 13
        },
        {
            "segmentation": [
                [
                    1975.5102040816328,
                    1446.938775510204,
                    2010.204081632653,
                    1477.5510204081634
                ]
            ],
            "iscrowd": 0,
            "area": 0.0,
            "image_id": 0,
            "bbox": [
                1975.0,
                1446.0,
                35.0,
                31.0
            ],
            "category_id": 1,
            "id": 14
        },
        {
            "segmentation": [
                [
                    1924.4897959183675,
                    918.3673469387755,
                    1944.8979591836735,
                    942.8571428571429
                ]
            ],
            "iscrowd": 0,
            "area": 0.0,
            "image_id": 0,
            "bbox": [
                1924.0,
                918.0,
                20.0,
                24.0
            ],
            "category_id": 1,
            "id": 15
        },
        {
            "segmentation": [
                [
                    1948.9795918367347,
                    928.5714285714286,
                    1971.4285714285716,
                    955.1020408163265
                ]
            ],
            "iscrowd": 0,
            "area": 0.0,
            "image_id": 0,
            "bbox": [
                1948.0,
                928.0,
                23.0,
                27.0
            ],
            "category_id": 1,
            "id": 16
        },
        {
            "segmentation": [
                [
                    2118.3673469387754,
                    1177.5510204081634,
                    2142.857142857143,
                    1197.9591836734694
                ]
            ],
            "iscrowd": 0,
            "area": 0.0,
            "image_id": 0,
            "bbox": [
                2118.0,
                1177.0,
                24.0,
                20.0
            ],
            "category_id": 1,
            "id": 17
        },
        {
            "segmentation": [
                [
                    2120.408163265306,
                    1248.9795918367347,
                    2140.816326530612,
                    1257.142857142857
                ]
            ],
            "iscrowd": 0,
            "area": 0.0,
            "image_id": 0,
            "bbox": [
                2120.0,
                1248.0,
                20.0,
                9.0
            ],
            "category_id": 1,
            "id": 18
        },
        {
            "segmentation": [
                [
                    2124.4897959183672,
                    1261.2244897959183,
                    2146.9387755102043,
                    1285.7142857142858
                ]
            ],
            "iscrowd": 0,
            "area": 0.0,
            "image_id": 0,
            "bbox": [
                2124.0,
                1261.0,
                22.0,
                24.0
            ],
            "category_id": 1,
            "id": 19
        },
        {
            "segmentation": [
                [
                    1500.0,
                    1651.0204081632653,
                    1532.6530612244899,
                    1679.591836734694
                ]
            ],
            "iscrowd": 0,
            "area": 0.0,
            "image_id": 0,
            "bbox": [
                1500.0,
                1651.0,
                32.0,
                28.0
            ],
            "category_id": 1,
            "id": 20
        }
    ]
}