{
    "images": [
        {
            "height": 2288,
            "width": 2376,
            "id": 0,
            "file_name": "MP3_2_colour_5a_colour.png"
        }
    ],
    "categories": [
        {
            "supercategory": "g",
            "id": 0,
            "name": "g"
        },
        {
            "supercategory": "p",
            "id": 1,
            "name": "p"
        }
    ],
    "annotations": [
        {
            "segmentation": [
                [
                    644.8275862068966,
                    508.62068965517244,
                    667.2413793103449,
                    544.8275862068966
                ]
            ],
            "iscrowd": 0,
            "area": 0.0,
            "image_id": 0,
            "bbox": [
                644.0,
                508.0,
                23.0,
                36.0
            ],
            "category_id": 0,
            "id": 1
        },
        {
            "segmentation": [
                [
                    756.896551724138,
                    487.93103448275866,
                    770.6896551724138,
                    510.3448275862069
                ]
            ],
            "iscrowd": 0,
            "area": 0.0,
            "image_id": 0,
            "bbox": [
                756.0,
                487.0,
                14.0,
                23.0
            ],
            "category_id": 0,
            "id": 2
        },
        {
            "segmentation": [
                [
                    1110.344827586207,
                    322.4137931034483,
                    1125.8620689655172,
                    353.448275862069
                ]
            ],
            "iscrowd": 0,
            "area": 0.0,
            "image_id": 0,
            "bbox": [
                1110.0,
                322.0,
                15.0,
                31.0
            ],
            "category_id": 0,
            "id": 3
        },
        {
            "segmentation": [
                [
                    1117.2413793103449,
                    282.7586206896552,
                    1131.0344827586207,
                    306.89655172413796
                ]
            ],
            "iscrowd": 0,
            "area": 0.0,
            "image_id": 0,
            "bbox": [
                1117.0,
                282.0,
                14.0,
                24.0
            ],
            "category_id": 0,
            "id": 4
        },
        {
            "segmentation": [
                [
                    1353.448275862069,
                    484.4827586206897,
                    1370.689655172414,
                    513.7931034482759
                ]
            ],
            "iscrowd": 0,
            "area": 0.0,
            "image_id": 0,
            "bbox": [
                1353.0,
                484.0,
                17.0,
                29.0
            ],
            "category_id": 0,
            "id": 5
        },
        {
            "segmentation": [
                [
                    1372.4137931034484,
                    429.3103448275862,
                    1379.3103448275863,
                    453.448275862069
                ]
            ],
            "iscrowd": 0,
            "area": 0.0,
            "image_id": 0,
            "bbox": [
                1372.0,
                429.0,
                7.0,
                24.0
            ],
            "category_id": 0,
            "id": 6
        },
        {
            "segmentation": [
                [
                    1434.4827586206898,
                    355.1724137931035,
                    1446.5517241379312,
                    387.93103448275866
                ]
            ],
            "iscrowd": 0,
            "area": 0.0,
            "image_id": 0,
            "bbox": [
                1434.0,
                355.0,
                12.0,
                32.0
            ],
            "category_id": 0,
            "id": 7
        },
        {
            "segmentation": [
                [
                    1525.8620689655174,
                    344.82758620689657,
                    1543.103448275862,
                    375.86206896551727
                ]
            ],
            "iscrowd": 0,
            "area": 0.0,
            "image_id": 0,
            "bbox": [
                1525.0,
                344.0,
                18.0,
                31.0
            ],
            "category_id": 0,
            "id": 8
        },
        {
            "segmentation": [
                [
                    1537.9310344827588,
                    398.2758620689655,
                    1548.2758620689656,
                    413.7931034482759
                ]
            ],
            "iscrowd": 0,
            "area": 0.0,
            "image_id": 0,
            "bbox": [
                1537.0,
                398.0,
                11.0,
                15.0
            ],
            "category_id": 0,
            "id": 9
        },
        {
            "segmentation": [
                [
                    1482.7586206896553,
                    432.7586206896552,
                    1494.8275862068967,
                    456.89655172413796
                ]
            ],
            "iscrowd": 0,
            "area": 0.0,
            "image_id": 0,
            "bbox": [
                1482.0,
                432.0,
                12.0,
                24.0
            ],
            "category_id": 0,
            "id": 10
        },
        {
            "segmentation": [
                [
                    1453.448275862069,
                    456.89655172413796,
                    1463.793103448276,
                    475.86206896551727
                ]
            ],
            "iscrowd": 0,
            "area": 0.0,
            "image_id": 0,
            "bbox": [
                1453.0,
                456.0,
                10.0,
                19.0
            ],
            "category_id": 0,
            "id": 11
        },
        {
            "segmentation": [
                [
                    1727.5862068965519,
                    463.7931034482759,
                    1744.8275862068967,
                    489.65517241379314
                ]
            ],
            "iscrowd": 0,
            "area": 0.0,
            "image_id": 0,
            "bbox": [
                1727.0,
                463.0,
                17.0,
                26.0
            ],
            "category_id": 0,
            "id": 12
        },
        {
            "segmentation": [
                [
                    1486.2068965517242,
                    696.551724137931,
                    1501.7241379310346,
                    731.0344827586207
                ]
            ],
            "iscrowd": 0,
            "area": 0.0,
            "image_id": 0,
            "bbox": [
                1486.0,
                696.0,
                15.0,
                35.0
            ],
            "category_id": 0,
            "id": 13
        },
        {
            "segmentation": [
                [
                    1494.8275862068967,
                    772.4137931034484,
                    1512.0689655172414,
                    800.0
                ]
            ],
            "iscrowd": 0,
            "area": 0.0,
            "image_id": 0,
            "bbox": [
                1494.0,
                772.0,
                18.0,
                28.0
            ],
            "category_id": 0,
            "id": 14
        },
        {
            "segmentation": [
                [
                    1431.0344827586207,
                    836.2068965517242,
                    1453.448275862069,
                    860.344827586207
                ]
            ],
            "iscrowd": 0,
            "area": 0.0,
            "image_id": 0,
            "bbox": [
                1431.0,
                836.0,
                22.0,
                24.0
            ],
            "category_id": 0,
            "id": 15
        },
        {
            "segmentation": [
                [
                    1389.6551724137933,
                    898.2758620689656,
                    1401.7241379310346,
                    917.2413793103449
                ]
            ],
            "iscrowd": 0,
            "area": 0.0,
            "image_id": 0,
            "bbox": [
                1389.0,
                898.0,
                12.0,
                19.0
            ],
            "category_id": 0,
            "id": 16
        },
        {
            "segmentation": [
                [
                    1612.0689655172414,
                    718.9655172413794,
                    1622.4137931034484,
                    743.1034482758621
                ]
            ],
            "iscrowd": 0,
            "area": 0.0,
            "image_id": 0,
            "bbox": [
                1612.0,
                718.0,
                10.0,
                25.0
            ],
            "category_id": 0,
            "id": 17
        },
        {
            "segmentation": [
                [
                    1817.2413793103449,
                    768.9655172413794,
                    1832.7586206896553,
                    789.6551724137931
                ]
            ],
            "iscrowd": 0,
            "area": 0.0,
            "image_id": 0,
            "bbox": [
                1817.0,
                768.0,
                15.0,
                21.0
            ],
            "category_id": 0,
            "id": 18
        },
        {
            "segmentation": [
                [
                    1800.0000000000002,
                    850.0000000000001,
                    1824.1379310344828,
                    872.4137931034484
                ]
            ],
            "iscrowd": 0,
            "area": 0.0,
            "image_id": 0,
            "bbox": [
                1800.0,
                850.0,
                24.0,
                22.0
            ],
            "category_id": 0,
            "id": 19
        },
        {
            "segmentation": [
                [
                    1551.7241379310346,
                    972.4137931034484,
                    1565.5172413793105,
                    994.8275862068966
                ]
            ],
            "iscrowd": 0,
            "area": 0.0,
            "image_id": 0,
            "bbox": [
                1551.0,
                972.0,
                14.0,
                22.0
            ],
            "category_id": 0,
            "id": 20
        },
        {
            "segmentation": [
                [
                    1612.0689655172414,
                    967.2413793103449,
                    1622.4137931034484,
                    991.3793103448277
                ]
            ],
            "iscrowd": 0,
            "area": 0.0,
            "image_id": 0,
            "bbox": [
                1612.0,
                967.0,
                10.0,
                24.0
            ],
            "category_id": 0,
            "id": 21
        },
        {
            "segmentation": [
                [
                    1537.9310344827588,
                    1213.793103448276,
                    1555.1724137931035,
                    1250.0
                ]
            ],
            "iscrowd": 0,
            "area": 0.0,
            "image_id": 0,
            "bbox": [
                1537.0,
                1213.0,
                18.0,
                37.0
            ],
            "category_id": 0,
            "id": 22
        },
        {
            "segmentation": [
                [
                    1610.344827586207,
                    574.1379310344828,
                    1615.5172413793105,
                    581.0344827586207
                ]
            ],
            "iscrowd": 0,
            "area": 0.0,
            "image_id": 0,
            "bbox": [
                1610.0,
                574.0,
                5.0,
                7.0
            ],
            "category_id": 1,
            "id": 23
        },
        {
            "segmentation": [
                [
                    1537.9310344827588,
                    1334.4827586206898,
                    1544.8275862068967,
                    1343.103448275862
                ]
            ],
            "iscrowd": 0,
            "area": 0.0,
            "image_id": 0,
            "bbox": [
                1537.0,
                1334.0,
                7.0,
                9.0
            ],
            "category_id": 1,
            "id": 24
        }
    ]
}