{
    "images": [
        {
            "height": 2288,
            "width": 2376,
            "id": 0,
            "file_name": "MP3_1_gray_6_colour.png"
        }
    ],
    "categories": [
        {
            "supercategory": "g",
            "id": 0,
            "name": "g"
        },
        {
            "supercategory": "p",
            "id": 1,
            "name": "p"
        }
    ],
    "annotations": [
        {
            "segmentation": [
                [
                    993.6507936507936,
                    1050.7936507936508,
                    1012.6984126984127,
                    1076.1904761904761
                ]
            ],
            "iscrowd": 0,
            "area": 0.0,
            "image_id": 0,
            "bbox": [
                993.0,
                1050.0,
                19.0,
                26.0
            ],
            "category_id": 0,
            "id": 1
        },
        {
            "segmentation": [
                [
                    1065.079365079365,
                    1119.047619047619,
                    1079.3650793650793,
                    1138.095238095238
                ]
            ],
            "iscrowd": 0,
            "area": 0.0,
            "image_id": 0,
            "bbox": [
                1065.0,
                1119.0,
                14.0,
                19.0
            ],
            "category_id": 0,
            "id": 2
        },
        {
            "segmentation": [
                [
                    1385.7142857142858,
                    577.7777777777778,
                    1390.4761904761904,
                    596.8253968253969
                ]
            ],
            "iscrowd": 0,
            "area": 0.0,
            "image_id": 0,
            "bbox": [
                1385.0,
                577.0,
                5.0,
                19.0
            ],
            "category_id": 0,
            "id": 3
        },
        {
            "segmentation": [
                [
                    1315.873015873016,
                    609.5238095238095,
                    1326.984126984127,
                    634.9206349206349
                ]
            ],
            "iscrowd": 0,
            "area": 0.0,
            "image_id": 0,
            "bbox": [
                1315.0,
                609.0,
                11.0,
                25.0
            ],
            "category_id": 0,
            "id": 4
        },
        {
            "segmentation": [
                [
                    1360.3174603174602,
                    728.5714285714286,
                    1373.015873015873,
                    749.2063492063492
                ]
            ],
            "iscrowd": 0,
            "area": 0.0,
            "image_id": 0,
            "bbox": [
                1360.0,
                728.0,
                13.0,
                21.0
            ],
            "category_id": 0,
            "id": 5
        },
        {
            "segmentation": [
                [
                    1255.5555555555557,
                    722.2222222222222,
                    1269.8412698412699,
                    739.6825396825396
                ]
            ],
            "iscrowd": 0,
            "area": 0.0,
            "image_id": 0,
            "bbox": [
                1255.0,
                722.0,
                14.0,
                17.0
            ],
            "category_id": 0,
            "id": 6
        },
        {
            "segmentation": [
                [
                    1231.7460317460318,
                    722.2222222222222,
                    1238.095238095238,
                    747.6190476190476
                ]
            ],
            "iscrowd": 0,
            "area": 0.0,
            "image_id": 0,
            "bbox": [
                1231.0,
                722.0,
                7.0,
                25.0
            ],
            "category_id": 0,
            "id": 7
        },
        {
            "segmentation": [
                [
                    1217.4603174603174,
                    795.2380952380952,
                    1223.8095238095239,
                    823.8095238095239
                ]
            ],
            "iscrowd": 0,
            "area": 0.0,
            "image_id": 0,
            "bbox": [
                1217.0,
                795.0,
                6.0,
                28.0
            ],
            "category_id": 0,
            "id": 8
        },
        {
            "segmentation": [
                [
                    750.7936507936508,
                    1166.6666666666667,
                    768.2539682539682,
                    1185.7142857142858
                ]
            ],
            "iscrowd": 0,
            "area": 0.0,
            "image_id": 0,
            "bbox": [
                750.0,
                1166.0,
                18.0,
                19.0
            ],
            "category_id": 0,
            "id": 9
        },
        {
            "segmentation": [
                [
                    636.5079365079365,
                    1126.984126984127,
                    644.4444444444445,
                    1147.6190476190477
                ]
            ],
            "iscrowd": 0,
            "area": 0.0,
            "image_id": 0,
            "bbox": [
                636.0,
                1126.0,
                8.0,
                21.0
            ],
            "category_id": 0,
            "id": 10
        },
        {
            "segmentation": [
                [
                    644.4444444444445,
                    1265.079365079365,
                    660.3174603174604,
                    1284.126984126984
                ]
            ],
            "iscrowd": 0,
            "area": 0.0,
            "image_id": 0,
            "bbox": [
                644.0,
                1265.0,
                16.0,
                19.0
            ],
            "category_id": 0,
            "id": 11
        },
        {
            "segmentation": [
                [
                    587.3015873015873,
                    1342.857142857143,
                    600.0,
                    1365.079365079365
                ]
            ],
            "iscrowd": 0,
            "area": 0.0,
            "image_id": 0,
            "bbox": [
                587.0,
                1342.0,
                13.0,
                23.0
            ],
            "category_id": 0,
            "id": 12
        },
        {
            "segmentation": [
                [
                    638.0952380952381,
                    1490.4761904761904,
                    657.1428571428571,
                    1507.936507936508
                ]
            ],
            "iscrowd": 0,
            "area": 0.0,
            "image_id": 0,
            "bbox": [
                638.0,
                1490.0,
                19.0,
                17.0
            ],
            "category_id": 0,
            "id": 13
        },
        {
            "segmentation": [
                [
                    560.3174603174604,
                    1625.3968253968253,
                    580.952380952381,
                    1644.4444444444443
                ]
            ],
            "iscrowd": 0,
            "area": 0.0,
            "image_id": 0,
            "bbox": [
                560.0,
                1625.0,
                20.0,
                19.0
            ],
            "category_id": 0,
            "id": 14
        },
        {
            "segmentation": [
                [
                    787.3015873015873,
                    1507.936507936508,
                    807.936507936508,
                    1530.1587301587301
                ]
            ],
            "iscrowd": 0,
            "area": 0.0,
            "image_id": 0,
            "bbox": [
                787.0,
                1507.0,
                20.0,
                23.0
            ],
            "category_id": 0,
            "id": 15
        },
        {
            "segmentation": [
                [
                    1026.984126984127,
                    1323.8095238095239,
                    1041.2698412698412,
                    1350.7936507936508
                ]
            ],
            "iscrowd": 0,
            "area": 0.0,
            "image_id": 0,
            "bbox": [
                1026.0,
                1323.0,
                15.0,
                27.0
            ],
            "category_id": 0,
            "id": 16
        },
        {
            "segmentation": [
                [
                    1734.920634920635,
                    842.8571428571429,
                    1747.6190476190477,
                    861.9047619047619
                ]
            ],
            "iscrowd": 0,
            "area": 0.0,
            "image_id": 0,
            "bbox": [
                1734.0,
                842.0,
                13.0,
                19.0
            ],
            "category_id": 0,
            "id": 17
        },
        {
            "segmentation": [
                [
                    1593.6507936507937,
                    1566.6666666666667,
                    1606.3492063492063,
                    1593.6507936507937
                ]
            ],
            "iscrowd": 0,
            "area": 0.0,
            "image_id": 0,
            "bbox": [
                1593.0,
                1566.0,
                13.0,
                27.0
            ],
            "category_id": 0,
            "id": 18
        },
        {
            "segmentation": [
                [
                    1731.7460317460318,
                    1419.047619047619,
                    1744.4444444444443,
                    1444.4444444444443
                ]
            ],
            "iscrowd": 0,
            "area": 0.0,
            "image_id": 0,
            "bbox": [
                1731.0,
                1419.0,
                13.0,
                25.0
            ],
            "category_id": 0,
            "id": 19
        },
        {
            "segmentation": [
                [
                    1001.5873015873016,
                    1914.2857142857142,
                    1020.6349206349206,
                    1936.5079365079364
                ]
            ],
            "iscrowd": 0,
            "area": 0.0,
            "image_id": 0,
            "bbox": [
                1001.0,
                1914.0,
                19.0,
                22.0
            ],
            "category_id": 0,
            "id": 20
        },
        {
            "segmentation": [
                [
                    803.1746031746031,
                    820.6349206349206,
                    814.2857142857143,
                    836.5079365079365
                ]
            ],
            "iscrowd": 0,
            "area": 0.0,
            "image_id": 0,
            "bbox": [
                803.0,
                820.0,
                11.0,
                16.0
            ],
            "category_id": 1,
            "id": 21
        },
        {
            "segmentation": [
                [
                    1361.904761904762,
                    1128.5714285714287,
                    1365.079365079365,
                    1139.6825396825398
                ]
            ],
            "iscrowd": 0,
            "area": 0.0,
            "image_id": 0,
            "bbox": [
                1361.0,
                1128.0,
                4.0,
                11.0
            ],
            "category_id": 1,
            "id": 22
        }
    ]
}