{
    "images": [
        {
            "height": 2288,
            "width": 2376,
            "id": 0,
            "file_name": "MP3_1_gray_5_colour.png"
        }
    ],
    "categories": [
        {
            "supercategory": "g",
            "id": 0,
            "name": "g"
        },
        {
            "supercategory": "p",
            "id": 1,
            "name": "p"
        }
    ],
    "annotations": [
        {
            "segmentation": [
                [
                    1166.6666666666665,
                    340.5797101449275,
                    1179.710144927536,
                    362.3188405797101
                ]
            ],
            "iscrowd": 0,
            "area": 0.0,
            "image_id": 0,
            "bbox": [
                1166.0,
                340.0,
                13.0,
                22.0
            ],
            "category_id": 0,
            "id": 1
        },
        {
            "segmentation": [
                [
                    1137.6811594202898,
                    589.855072463768,
                    1150.7246376811593,
                    604.3478260869565
                ]
            ],
            "iscrowd": 0,
            "area": 0.0,
            "image_id": 0,
            "bbox": [
                1137.0,
                589.0,
                13.0,
                15.0
            ],
            "category_id": 0,
            "id": 2
        },
        {
            "segmentation": [
                [
                    1507.246376811594,
                    507.24637681159413,
                    1530.4347826086955,
                    521.7391304347825
                ]
            ],
            "iscrowd": 0,
            "area": 0.0,
            "image_id": 0,
            "bbox": [
                1507.0,
                507.0,
                23.0,
                14.0
            ],
            "category_id": 0,
            "id": 3
        },
        {
            "segmentation": [
                [
                    1834.782608695652,
                    498.5507246376811,
                    1853.623188405797,
                    523.1884057971014
                ]
            ],
            "iscrowd": 0,
            "area": 0.0,
            "image_id": 0,
            "bbox": [
                1834.0,
                498.0,
                19.0,
                25.0
            ],
            "category_id": 0,
            "id": 4
        },
        {
            "segmentation": [
                [
                    1685.5072463768115,
                    620.2898550724638,
                    1710.1449275362318,
                    637.6811594202898
                ]
            ],
            "iscrowd": 0,
            "area": 0.0,
            "image_id": 0,
            "bbox": [
                1685.0,
                620.0,
                25.0,
                17.0
            ],
            "category_id": 0,
            "id": 5
        },
        {
            "segmentation": [
                [
                    1592.7536231884058,
                    585.5072463768115,
                    1608.695652173913,
                    602.8985507246376
                ]
            ],
            "iscrowd": 0,
            "area": 0.0,
            "image_id": 0,
            "bbox": [
                1592.0,
                585.0,
                16.0,
                17.0
            ],
            "category_id": 0,
            "id": 6
        },
        {
            "segmentation": [
                [
                    1517.391304347826,
                    637.6811594202898,
                    1531.8840579710143,
                    652.1739130434783
                ]
            ],
            "iscrowd": 0,
            "area": 0.0,
            "image_id": 0,
            "bbox": [
                1517.0,
                637.0,
                14.0,
                15.0
            ],
            "category_id": 0,
            "id": 7
        },
        {
            "segmentation": [
                [
                    1331.8840579710143,
                    639.1304347826086,
                    1344.927536231884,
                    655.0724637681159
                ]
            ],
            "iscrowd": 0,
            "area": 0.0,
            "image_id": 0,
            "bbox": [
                1331.0,
                639.0,
                13.0,
                16.0
            ],
            "category_id": 0,
            "id": 8
        },
        {
            "segmentation": [
                [
                    1289.855072463768,
                    672.463768115942,
                    1307.246376811594,
                    694.2028985507246
                ]
            ],
            "iscrowd": 0,
            "area": 0.0,
            "image_id": 0,
            "bbox": [
                1289.0,
                672.0,
                18.0,
                22.0
            ],
            "category_id": 0,
            "id": 9
        },
        {
            "segmentation": [
                [
                    1028.9855072463768,
                    833.3333333333333,
                    1050.7246376811593,
                    853.623188405797
                ]
            ],
            "iscrowd": 0,
            "area": 0.0,
            "image_id": 0,
            "bbox": [
                1028.0,
                833.0,
                22.0,
                20.0
            ],
            "category_id": 0,
            "id": 10
        },
        {
            "segmentation": [
                [
                    1084.0579710144928,
                    866.6666666666666,
                    1097.1014492753623,
                    884.0579710144926
                ]
            ],
            "iscrowd": 0,
            "area": 0.0,
            "image_id": 0,
            "bbox": [
                1084.0,
                866.0,
                13.0,
                18.0
            ],
            "category_id": 0,
            "id": 11
        },
        {
            "segmentation": [
                [
                    1356.5217391304348,
                    849.2753623188405,
                    1372.463768115942,
                    866.6666666666666
                ]
            ],
            "iscrowd": 0,
            "area": 0.0,
            "image_id": 0,
            "bbox": [
                1356.0,
                849.0,
                16.0,
                17.0
            ],
            "category_id": 0,
            "id": 12
        },
        {
            "segmentation": [
                [
                    1520.2898550724638,
                    849.2753623188405,
                    1533.3333333333333,
                    871.0144927536231
                ]
            ],
            "iscrowd": 0,
            "area": 0.0,
            "image_id": 0,
            "bbox": [
                1520.0,
                849.0,
                13.0,
                22.0
            ],
            "category_id": 0,
            "id": 13
        },
        {
            "segmentation": [
                [
                    1718.8405797101448,
                    921.7391304347825,
                    1736.2318840579708,
                    939.1304347826086
                ]
            ],
            "iscrowd": 0,
            "area": 0.0,
            "image_id": 0,
            "bbox": [
                1718.0,
                921.0,
                18.0,
                18.0
            ],
            "category_id": 0,
            "id": 14
        },
        {
            "segmentation": [
                [
                    2040.5797101449273,
                    739.1304347826086,
                    2050.724637681159,
                    762.3188405797101
                ]
            ],
            "iscrowd": 0,
            "area": 0.0,
            "image_id": 0,
            "bbox": [
                2040.0,
                739.0,
                10.0,
                23.0
            ],
            "category_id": 0,
            "id": 15
        },
        {
            "segmentation": [
                [
                    1953.623188405797,
                    978.2608695652173,
                    1963.7681159420288,
                    1004.3478260869564
                ]
            ],
            "iscrowd": 0,
            "area": 0.0,
            "image_id": 0,
            "bbox": [
                1953.0,
                978.0,
                10.0,
                26.0
            ],
            "category_id": 0,
            "id": 16
        },
        {
            "segmentation": [
                [
                    1949.2753623188405,
                    1218.8405797101448,
                    1962.31884057971,
                    1234.782608695652
                ]
            ],
            "iscrowd": 0,
            "area": 0.0,
            "image_id": 0,
            "bbox": [
                1949.0,
                1218.0,
                13.0,
                16.0
            ],
            "category_id": 0,
            "id": 17
        },
        {
            "segmentation": [
                [
                    2014.4927536231883,
                    1214.4927536231883,
                    2023.1884057971013,
                    1228.9855072463768
                ]
            ],
            "iscrowd": 0,
            "area": 0.0,
            "image_id": 0,
            "bbox": [
                2014.0,
                1214.0,
                9.0,
                14.0
            ],
            "category_id": 0,
            "id": 18
        },
        {
            "segmentation": [
                [
                    1995.6521739130433,
                    534.7826086956521,
                    2005.7971014492753,
                    555.0724637681159
                ]
            ],
            "iscrowd": 0,
            "area": 0.0,
            "image_id": 0,
            "bbox": [
                1995.0,
                534.0,
                10.0,
                21.0
            ],
            "category_id": 0,
            "id": 19
        },
        {
            "segmentation": [
                [
                    1997.1014492753623,
                    566.6666666666666,
                    2005.7971014492753,
                    588.4057971014493
                ]
            ],
            "iscrowd": 0,
            "area": 0.0,
            "image_id": 0,
            "bbox": [
                1997.0,
                566.0,
                8.0,
                22.0
            ],
            "category_id": 0,
            "id": 20
        },
        {
            "segmentation": [
                [
                    1413.0434782608695,
                    960.8695652173913,
                    1426.086956521739,
                    981.159420289855
                ]
            ],
            "iscrowd": 0,
            "area": 0.0,
            "image_id": 0,
            "bbox": [
                1413.0,
                960.0,
                13.0,
                21.0
            ],
            "category_id": 0,
            "id": 21
        },
        {
            "segmentation": [
                [
                    1085.5072463768115,
                    1144.927536231884,
                    1100.0,
                    1162.31884057971
                ]
            ],
            "iscrowd": 0,
            "area": 0.0,
            "image_id": 0,
            "bbox": [
                1085.0,
                1144.0,
                15.0,
                18.0
            ],
            "category_id": 0,
            "id": 22
        },
        {
            "segmentation": [
                [
                    1094.2028985507245,
                    1133.3333333333333,
                    1110.1449275362318,
                    1149.2753623188405
                ]
            ],
            "iscrowd": 0,
            "area": 0.0,
            "image_id": 0,
            "bbox": [
                1094.0,
                1133.0,
                16.0,
                16.0
            ],
            "category_id": 0,
            "id": 23
        },
        {
            "segmentation": [
                [
                    1095.6521739130435,
                    1162.31884057971,
                    1105.7971014492753,
                    1182.6086956521738
                ]
            ],
            "iscrowd": 0,
            "area": 0.0,
            "image_id": 0,
            "bbox": [
                1095.0,
                1162.0,
                10.0,
                20.0
            ],
            "category_id": 0,
            "id": 24
        },
        {
            "segmentation": [
                [
                    1217.391304347826,
                    1060.8695652173913,
                    1223.1884057971013,
                    1079.7101449275362
                ]
            ],
            "iscrowd": 0,
            "area": 0.0,
            "image_id": 0,
            "bbox": [
                1217.0,
                1060.0,
                6.0,
                19.0
            ],
            "category_id": 0,
            "id": 25
        },
        {
            "segmentation": [
                [
                    1166.6666666666665,
                    1086.9565217391303,
                    1176.8115942028985,
                    1101.4492753623188
                ]
            ],
            "iscrowd": 0,
            "area": 0.0,
            "image_id": 0,
            "bbox": [
                1166.0,
                1086.0,
                10.0,
                15.0
            ],
            "category_id": 0,
            "id": 26
        },
        {
            "segmentation": [
                [
                    1227.5362318840578,
                    1095.6521739130435,
                    1240.5797101449275,
                    1117.391304347826
                ]
            ],
            "iscrowd": 0,
            "area": 0.0,
            "image_id": 0,
            "bbox": [
                1227.0,
                1095.0,
                13.0,
                22.0
            ],
            "category_id": 0,
            "id": 27
        },
        {
            "segmentation": [
                [
                    1330.4347826086955,
                    1130.4347826086955,
                    1339.1304347826085,
                    1142.0289855072463
                ]
            ],
            "iscrowd": 0,
            "area": 0.0,
            "image_id": 0,
            "bbox": [
                1330.0,
                1130.0,
                9.0,
                12.0
            ],
            "category_id": 0,
            "id": 28
        },
        {
            "segmentation": [
                [
                    872.463768115942,
                    1201.4492753623188,
                    888.4057971014493,
                    1220.2898550724638
                ]
            ],
            "iscrowd": 0,
            "area": 0.0,
            "image_id": 0,
            "bbox": [
                872.0,
                1201.0,
                16.0,
                19.0
            ],
            "category_id": 0,
            "id": 29
        },
        {
            "segmentation": [
                [
                    789.855072463768,
                    1342.0289855072463,
                    807.2463768115941,
                    1357.9710144927535
                ]
            ],
            "iscrowd": 0,
            "area": 0.0,
            "image_id": 0,
            "bbox": [
                789.0,
                1342.0,
                18.0,
                15.0
            ],
            "category_id": 0,
            "id": 30
        },
        {
            "segmentation": [
                [
                    584.0579710144928,
                    1043.478260869565,
                    600.0,
                    1059.4202898550723
                ]
            ],
            "iscrowd": 0,
            "area": 0.0,
            "image_id": 0,
            "bbox": [
                584.0,
                1043.0,
                16.0,
                16.0
            ],
            "category_id": 0,
            "id": 31
        },
        {
            "segmentation": [
                [
                    640.5797101449275,
                    1246.3768115942028,
                    653.623188405797,
                    1265.2173913043478
                ]
            ],
            "iscrowd": 0,
            "area": 0.0,
            "image_id": 0,
            "bbox": [
                640.0,
                1246.0,
                13.0,
                19.0
            ],
            "category_id": 0,
            "id": 32
        },
        {
            "segmentation": [
                [
                    778.2608695652174,
                    1402.8985507246375,
                    785.5072463768115,
                    1427.5362318840578
                ]
            ],
            "iscrowd": 0,
            "area": 0.0,
            "image_id": 0,
            "bbox": [
                778.0,
                1402.0,
                7.0,
                25.0
            ],
            "category_id": 0,
            "id": 33
        },
        {
            "segmentation": [
                [
                    799.9999999999999,
                    1427.5362318840578,
                    813.0434782608695,
                    1447.8260869565215
                ]
            ],
            "iscrowd": 0,
            "area": 0.0,
            "image_id": 0,
            "bbox": [
                799.0,
                1427.0,
                14.0,
                20.0
            ],
            "category_id": 0,
            "id": 34
        },
        {
            "segmentation": [
                [
                    676.8115942028985,
                    1473.9130434782608,
                    689.855072463768,
                    1491.3043478260868
                ]
            ],
            "iscrowd": 0,
            "area": 0.0,
            "image_id": 0,
            "bbox": [
                676.0,
                1473.0,
                13.0,
                18.0
            ],
            "category_id": 0,
            "id": 35
        },
        {
            "segmentation": [
                [
                    730.4347826086956,
                    1505.7971014492753,
                    744.927536231884,
                    1526.086956521739
                ]
            ],
            "iscrowd": 0,
            "area": 0.0,
            "image_id": 0,
            "bbox": [
                730.0,
                1505.0,
                14.0,
                21.0
            ],
            "category_id": 0,
            "id": 36
        },
        {
            "segmentation": [
                [
                    805.7971014492753,
                    1607.246376811594,
                    818.8405797101449,
                    1617.391304347826
                ]
            ],
            "iscrowd": 0,
            "area": 0.0,
            "image_id": 0,
            "bbox": [
                805.0,
                1607.0,
                13.0,
                10.0
            ],
            "category_id": 0,
            "id": 37
        },
        {
            "segmentation": [
                [
                    1073.9130434782608,
                    1386.9565217391303,
                    1081.159420289855,
                    1402.8985507246375
                ]
            ],
            "iscrowd": 0,
            "area": 0.0,
            "image_id": 0,
            "bbox": [
                1073.0,
                1386.0,
                8.0,
                16.0
            ],
            "category_id": 0,
            "id": 38
        },
        {
            "segmentation": [
                [
                    1192.7536231884058,
                    1211.5942028985505,
                    1201.4492753623188,
                    1224.6376811594203
                ]
            ],
            "iscrowd": 0,
            "area": 0.0,
            "image_id": 0,
            "bbox": [
                1192.0,
                1211.0,
                9.0,
                13.0
            ],
            "category_id": 0,
            "id": 39
        },
        {
            "segmentation": [
                [
                    1197.1014492753623,
                    1242.0289855072463,
                    1207.246376811594,
                    1262.31884057971
                ]
            ],
            "iscrowd": 0,
            "area": 0.0,
            "image_id": 0,
            "bbox": [
                1197.0,
                1242.0,
                10.0,
                20.0
            ],
            "category_id": 0,
            "id": 40
        },
        {
            "segmentation": [
                [
                    1166.6666666666665,
                    1278.2608695652173,
                    1176.8115942028985,
                    1295.6521739130433
                ]
            ],
            "iscrowd": 0,
            "area": 0.0,
            "image_id": 0,
            "bbox": [
                1166.0,
                1278.0,
                10.0,
                17.0
            ],
            "category_id": 0,
            "id": 41
        },
        {
            "segmentation": [
                [
                    1175.3623188405795,
                    1294.2028985507245,
                    1186.9565217391303,
                    1313.0434782608695
                ]
            ],
            "iscrowd": 0,
            "area": 0.0,
            "image_id": 0,
            "bbox": [
                1175.0,
                1294.0,
                11.0,
                19.0
            ],
            "category_id": 0,
            "id": 42
        },
        {
            "segmentation": [
                [
                    1162.31884057971,
                    1311.5942028985505,
                    1173.9130434782608,
                    1333.3333333333333
                ]
            ],
            "iscrowd": 0,
            "area": 0.0,
            "image_id": 0,
            "bbox": [
                1162.0,
                1311.0,
                11.0,
                22.0
            ],
            "category_id": 0,
            "id": 43
        },
        {
            "segmentation": [
                [
                    1033.3333333333333,
                    1513.0434782608695,
                    1040.5797101449275,
                    1533.3333333333333
                ]
            ],
            "iscrowd": 0,
            "area": 0.0,
            "image_id": 0,
            "bbox": [
                1033.0,
                1513.0,
                7.0,
                20.0
            ],
            "category_id": 0,
            "id": 44
        },
        {
            "segmentation": [
                [
                    1205.7971014492753,
                    1508.695652173913,
                    1217.391304347826,
                    1527.5362318840578
                ]
            ],
            "iscrowd": 0,
            "area": 0.0,
            "image_id": 0,
            "bbox": [
                1205.0,
                1508.0,
                12.0,
                19.0
            ],
            "category_id": 0,
            "id": 45
        },
        {
            "segmentation": [
                [
                    1181.159420289855,
                    1501.4492753623188,
                    1195.6521739130433,
                    1520.2898550724638
                ]
            ],
            "iscrowd": 0,
            "area": 0.0,
            "image_id": 0,
            "bbox": [
                1181.0,
                1501.0,
                14.0,
                19.0
            ],
            "category_id": 0,
            "id": 46
        },
        {
            "segmentation": [
                [
                    1091.3043478260868,
                    1542.0289855072463,
                    1108.695652173913,
                    1555.0724637681158
                ]
            ],
            "iscrowd": 0,
            "area": 0.0,
            "image_id": 0,
            "bbox": [
                1091.0,
                1542.0,
                17.0,
                13.0
            ],
            "category_id": 0,
            "id": 47
        },
        {
            "segmentation": [
                [
                    1126.086956521739,
                    1555.0724637681158,
                    1137.6811594202898,
                    1571.014492753623
                ]
            ],
            "iscrowd": 0,
            "area": 0.0,
            "image_id": 0,
            "bbox": [
                1126.0,
                1555.0,
                11.0,
                16.0
            ],
            "category_id": 0,
            "id": 48
        },
        {
            "segmentation": [
                [
                    1442.0289855072463,
                    1237.6811594202898,
                    1455.0724637681158,
                    1253.623188405797
                ]
            ],
            "iscrowd": 0,
            "area": 0.0,
            "image_id": 0,
            "bbox": [
                1442.0,
                1237.0,
                13.0,
                16.0
            ],
            "category_id": 0,
            "id": 49
        },
        {
            "segmentation": [
                [
                    1428.9855072463768,
                    1301.4492753623188,
                    1434.782608695652,
                    1321.7391304347825
                ]
            ],
            "iscrowd": 0,
            "area": 0.0,
            "image_id": 0,
            "bbox": [
                1428.0,
                1301.0,
                6.0,
                20.0
            ],
            "category_id": 0,
            "id": 50
        },
        {
            "segmentation": [
                [
                    1485.5072463768115,
                    1284.0579710144928,
                    1498.550724637681,
                    1304.3478260869565
                ]
            ],
            "iscrowd": 0,
            "area": 0.0,
            "image_id": 0,
            "bbox": [
                1485.0,
                1284.0,
                13.0,
                20.0
            ],
            "category_id": 0,
            "id": 51
        },
        {
            "segmentation": [
                [
                    1472.463768115942,
                    1539.1304347826085,
                    1488.4057971014493,
                    1562.31884057971
                ]
            ],
            "iscrowd": 0,
            "area": 0.0,
            "image_id": 0,
            "bbox": [
                1472.0,
                1539.0,
                16.0,
                23.0
            ],
            "category_id": 0,
            "id": 52
        },
        {
            "segmentation": [
                [
                    1123.1884057971013,
                    1684.0579710144925,
                    1136.231884057971,
                    1698.550724637681
                ]
            ],
            "iscrowd": 0,
            "area": 0.0,
            "image_id": 0,
            "bbox": [
                1123.0,
                1684.0,
                13.0,
                14.0
            ],
            "category_id": 0,
            "id": 53
        },
        {
            "segmentation": [
                [
                    1128.9855072463768,
                    1776.8115942028985,
                    1139.1304347826085,
                    1794.2028985507245
                ]
            ],
            "iscrowd": 0,
            "area": 0.0,
            "image_id": 0,
            "bbox": [
                1128.0,
                1776.0,
                11.0,
                18.0
            ],
            "category_id": 0,
            "id": 54
        },
        {
            "segmentation": [
                [
                    1253.623188405797,
                    1699.9999999999998,
                    1263.7681159420288,
                    1720.2898550724635
                ]
            ],
            "iscrowd": 0,
            "area": 0.0,
            "image_id": 0,
            "bbox": [
                1253.0,
                1699.0,
                10.0,
                21.0
            ],
            "category_id": 0,
            "id": 55
        },
        {
            "segmentation": [
                [
                    1449.2753623188405,
                    1691.3043478260868,
                    1462.31884057971,
                    1714.4927536231883
                ]
            ],
            "iscrowd": 0,
            "area": 0.0,
            "image_id": 0,
            "bbox": [
                1449.0,
                1691.0,
                13.0,
                23.0
            ],
            "category_id": 0,
            "id": 56
        },
        {
            "segmentation": [
                [
                    1681.159420289855,
                    1253.623188405797,
                    1689.855072463768,
                    1275.3623188405795
                ]
            ],
            "iscrowd": 0,
            "area": 0.0,
            "image_id": 0,
            "bbox": [
                1681.0,
                1253.0,
                8.0,
                22.0
            ],
            "category_id": 0,
            "id": 57
        },
        {
            "segmentation": [
                [
                    1671.014492753623,
                    1434.782608695652,
                    1682.6086956521738,
                    1455.0724637681158
                ]
            ],
            "iscrowd": 0,
            "area": 0.0,
            "image_id": 0,
            "bbox": [
                1671.0,
                1434.0,
                11.0,
                21.0
            ],
            "category_id": 0,
            "id": 58
        },
        {
            "segmentation": [
                [
                    1610.1449275362318,
                    1423.1884057971013,
                    1623.1884057971013,
                    1447.8260869565215
                ]
            ],
            "iscrowd": 0,
            "area": 0.0,
            "image_id": 0,
            "bbox": [
                1610.0,
                1423.0,
                13.0,
                24.0
            ],
            "category_id": 0,
            "id": 59
        },
        {
            "segmentation": [
                [
                    1647.8260869565215,
                    1592.7536231884058,
                    1663.7681159420288,
                    1615.942028985507
                ]
            ],
            "iscrowd": 0,
            "area": 0.0,
            "image_id": 0,
            "bbox": [
                1647.0,
                1592.0,
                16.0,
                23.0
            ],
            "category_id": 0,
            "id": 60
        },
        {
            "segmentation": [
                [
                    1908.6956521739128,
                    1613.0434782608695,
                    1927.5362318840578,
                    1636.2318840579708
                ]
            ],
            "iscrowd": 0,
            "area": 0.0,
            "image_id": 0,
            "bbox": [
                1908.0,
                1613.0,
                19.0,
                23.0
            ],
            "category_id": 0,
            "id": 61
        },
        {
            "segmentation": [
                [
                    1901.4492753623188,
                    1440.5797101449275,
                    1910.1449275362318,
                    1466.6666666666665
                ]
            ],
            "iscrowd": 0,
            "area": 0.0,
            "image_id": 0,
            "bbox": [
                1901.0,
                1440.0,
                9.0,
                26.0
            ],
            "category_id": 0,
            "id": 62
        },
        {
            "segmentation": [
                [
                    1884.0579710144925,
                    1424.6376811594203,
                    1895.6521739130433,
                    1446.3768115942028
                ]
            ],
            "iscrowd": 0,
            "area": 0.0,
            "image_id": 0,
            "bbox": [
                1884.0,
                1424.0,
                11.0,
                22.0
            ],
            "category_id": 0,
            "id": 63
        },
        {
            "segmentation": [
                [
                    1347.8260869565215,
                    942.0289855072463,
                    1355.0724637681158,
                    955.0724637681159
                ]
            ],
            "iscrowd": 0,
            "area": 0.0,
            "image_id": 0,
            "bbox": [
                1347.0,
                942.0,
                8.0,
                13.0
            ],
            "category_id": 1,
            "id": 64
        },
        {
            "segmentation": [
                [
                    1152.1739130434783,
                    862.3188405797101,
                    1156.5217391304348,
                    873.9130434782608
                ]
            ],
            "iscrowd": 0,
            "area": 0.0,
            "image_id": 0,
            "bbox": [
                1152.0,
                862.0,
                4.0,
                11.0
            ],
            "category_id": 1,
            "id": 65
        },
        {
            "segmentation": [
                [
                    1320.2898550724638,
                    572.463768115942,
                    1326.086956521739,
                    588.4057971014493
                ]
            ],
            "iscrowd": 0,
            "area": 0.0,
            "image_id": 0,
            "bbox": [
                1320.0,
                572.0,
                6.0,
                16.0
            ],
            "category_id": 1,
            "id": 66
        },
        {
            "segmentation": [
                [
                    984.0579710144926,
                    1262.31884057971,
                    986.9565217391304,
                    1271.014492753623
                ]
            ],
            "iscrowd": 0,
            "area": 0.0,
            "image_id": 0,
            "bbox": [
                984.0,
                1262.0,
                2.0,
                9.0
            ],
            "category_id": 1,
            "id": 67
        },
        {
            "segmentation": [
                [
                    440.5797101449275,
                    1408.695652173913,
                    450.7246376811594,
                    1427.5362318840578
                ]
            ],
            "iscrowd": 0,
            "area": 0.0,
            "image_id": 0,
            "bbox": [
                440.0,
                1408.0,
                10.0,
                19.0
            ],
            "category_id": 0,
            "id": 68
        },
        {
            "segmentation": [
                [
                    1847.8260869565215,
                    1723.1884057971013,
                    1865.2173913043478,
                    1746.3768115942028
                ]
            ],
            "iscrowd": 0,
            "area": 0.0,
            "image_id": 0,
            "bbox": [
                1847.0,
                1723.0,
                18.0,
                23.0
            ],
            "category_id": 0,
            "id": 69
        },
        {
            "segmentation": [
                [
                    1588.4057971014493,
                    1402.8985507246375,
                    1598.550724637681,
                    1415.942028985507
                ]
            ],
            "iscrowd": 0,
            "area": 0.0,
            "image_id": 0,
            "bbox": [
                1588.0,
                1402.0,
                10.0,
                13.0
            ],
            "category_id": 1,
            "id": 70
        }
    ]
}