{
    "images": [
        {
            "height": 2288,
            "width": 2376,
            "id": 0,
            "file_name": "MP3_2_colour_2b_colour.png"
        }
    ],
    "categories": [
        {
            "supercategory": "g",
            "id": 0,
            "name": "g"
        },
        {
            "supercategory": "p",
            "id": 1,
            "name": "p"
        }
    ],
    "annotations": [
        {
            "segmentation": [
                [
                    984.1269841269841,
                    373.015873015873,
                    1004.7619047619047,
                    415.87301587301585
                ]
            ],
            "iscrowd": 0,
            "area": 0.0,
            "image_id": 0,
            "bbox": [
                984.0,
                373.0,
                20.0,
                42.0
            ],
            "category_id": 0,
            "id": 1
        },
        {
            "segmentation": [
                [
                    853.968253968254,
                    663.4920634920635,
                    869.8412698412699,
                    696.8253968253969
                ]
            ],
            "iscrowd": 0,
            "area": 0.0,
            "image_id": 0,
            "bbox": [
                853.0,
                663.0,
                16.0,
                33.0
            ],
            "category_id": 0,
            "id": 2
        },
        {
            "segmentation": [
                [
                    939.6825396825396,
                    650.7936507936508,
                    955.5555555555555,
                    685.7142857142857
                ]
            ],
            "iscrowd": 0,
            "area": 0.0,
            "image_id": 0,
            "bbox": [
                939.0,
                650.0,
                16.0,
                35.0
            ],
            "category_id": 0,
            "id": 3
        },
        {
            "segmentation": [
                [
                    953.968253968254,
                    553.968253968254,
                    973.015873015873,
                    585.7142857142857
                ]
            ],
            "iscrowd": 0,
            "area": 0.0,
            "image_id": 0,
            "bbox": [
                953.0,
                553.0,
                20.0,
                32.0
            ],
            "category_id": 0,
            "id": 4
        },
        {
            "segmentation": [
                [
                    603.1746031746031,
                    619.047619047619,
                    620.6349206349206,
                    641.2698412698412
                ]
            ],
            "iscrowd": 0,
            "area": 0.0,
            "image_id": 0,
            "bbox": [
                603.0,
                619.0,
                17.0,
                22.0
            ],
            "category_id": 0,
            "id": 5
        },
        {
            "segmentation": [
                [
                    784.1269841269841,
                    984.1269841269841,
                    811.1111111111111,
                    1020.6349206349206
                ]
            ],
            "iscrowd": 0,
            "area": 0.0,
            "image_id": 0,
            "bbox": [
                784.0,
                984.0,
                27.0,
                36.0
            ],
            "category_id": 0,
            "id": 6
        },
        {
            "segmentation": [
                [
                    807.936507936508,
                    1060.3174603174602,
                    823.8095238095239,
                    1084.126984126984
                ]
            ],
            "iscrowd": 0,
            "area": 0.0,
            "image_id": 0,
            "bbox": [
                807.0,
                1060.0,
                16.0,
                24.0
            ],
            "category_id": 0,
            "id": 7
        },
        {
            "segmentation": [
                [
                    730.1587301587301,
                    1165.079365079365,
                    747.6190476190476,
                    1206.3492063492063
                ]
            ],
            "iscrowd": 0,
            "area": 0.0,
            "image_id": 0,
            "bbox": [
                730.0,
                1165.0,
                17.0,
                41.0
            ],
            "category_id": 0,
            "id": 8
        },
        {
            "segmentation": [
                [
                    914.2857142857143,
                    1420.6349206349207,
                    933.3333333333334,
                    1447.6190476190477
                ]
            ],
            "iscrowd": 0,
            "area": 0.0,
            "image_id": 0,
            "bbox": [
                914.0,
                1420.0,
                19.0,
                27.0
            ],
            "category_id": 0,
            "id": 9
        },
        {
            "segmentation": [
                [
                    1000.0,
                    1387.3015873015872,
                    1019.047619047619,
                    1415.873015873016
                ]
            ],
            "iscrowd": 0,
            "area": 0.0,
            "image_id": 0,
            "bbox": [
                1000.0,
                1387.0,
                19.0,
                28.0
            ],
            "category_id": 0,
            "id": 10
        },
        {
            "segmentation": [
                [
                    1203.1746031746031,
                    1328.5714285714287,
                    1220.6349206349207,
                    1357.142857142857
                ]
            ],
            "iscrowd": 0,
            "area": 0.0,
            "image_id": 0,
            "bbox": [
                1203.0,
                1328.0,
                17.0,
                29.0
            ],
            "category_id": 0,
            "id": 11
        },
        {
            "segmentation": [
                [
                    888.8888888888889,
                    1584.126984126984,
                    909.5238095238095,
                    1617.4603174603174
                ]
            ],
            "iscrowd": 0,
            "area": 0.0,
            "image_id": 0,
            "bbox": [
                888.0,
                1584.0,
                21.0,
                33.0
            ],
            "category_id": 0,
            "id": 12
        },
        {
            "segmentation": [
                [
                    1252.3809523809523,
                    1501.5873015873017,
                    1265.079365079365,
                    1534.920634920635
                ]
            ],
            "iscrowd": 0,
            "area": 0.0,
            "image_id": 0,
            "bbox": [
                1252.0,
                1501.0,
                13.0,
                33.0
            ],
            "category_id": 0,
            "id": 13
        },
        {
            "segmentation": [
                [
                    1423.8095238095239,
                    607.936507936508,
                    1439.6825396825398,
                    638.0952380952381
                ]
            ],
            "iscrowd": 0,
            "area": 0.0,
            "image_id": 0,
            "bbox": [
                1423.0,
                607.0,
                16.0,
                31.0
            ],
            "category_id": 0,
            "id": 14
        },
        {
            "segmentation": [
                [
                    1553.968253968254,
                    704.7619047619047,
                    1579.3650793650793,
                    742.8571428571429
                ]
            ],
            "iscrowd": 0,
            "area": 0.0,
            "image_id": 0,
            "bbox": [
                1553.0,
                704.0,
                26.0,
                38.0
            ],
            "category_id": 0,
            "id": 15
        },
        {
            "segmentation": [
                [
                    1230.1587301587301,
                    914.2857142857143,
                    1250.7936507936508,
                    952.3809523809524
                ]
            ],
            "iscrowd": 0,
            "area": 0.0,
            "image_id": 0,
            "bbox": [
                1230.0,
                914.0,
                20.0,
                38.0
            ],
            "category_id": 0,
            "id": 16
        },
        {
            "segmentation": [
                [
                    1426.984126984127,
                    939.6825396825396,
                    1446.031746031746,
                    960.3174603174604
                ]
            ],
            "iscrowd": 0,
            "area": 0.0,
            "image_id": 0,
            "bbox": [
                1426.0,
                939.0,
                20.0,
                21.0
            ],
            "category_id": 0,
            "id": 17
        },
        {
            "segmentation": [
                [
                    1303.1746031746031,
                    1052.3809523809523,
                    1320.6349206349207,
                    1074.6031746031747
                ]
            ],
            "iscrowd": 0,
            "area": 0.0,
            "image_id": 0,
            "bbox": [
                1303.0,
                1052.0,
                17.0,
                22.0
            ],
            "category_id": 0,
            "id": 18
        },
        {
            "segmentation": [
                [
                    1339.6825396825398,
                    1009.5238095238095,
                    1353.968253968254,
                    1030.1587301587301
                ]
            ],
            "iscrowd": 0,
            "area": 0.0,
            "image_id": 0,
            "bbox": [
                1339.0,
                1009.0,
                14.0,
                21.0
            ],
            "category_id": 0,
            "id": 19
        },
        {
            "segmentation": [
                [
                    1384.126984126984,
                    1052.3809523809523,
                    1414.2857142857142,
                    1087.3015873015872
                ]
            ],
            "iscrowd": 0,
            "area": 0.0,
            "image_id": 0,
            "bbox": [
                1384.0,
                1052.0,
                30.0,
                35.0
            ],
            "category_id": 0,
            "id": 20
        },
        {
            "segmentation": [
                [
                    1484.126984126984,
                    1233.3333333333333,
                    1511.111111111111,
                    1250.7936507936508
                ]
            ],
            "iscrowd": 0,
            "area": 0.0,
            "image_id": 0,
            "bbox": [
                1484.0,
                1233.0,
                27.0,
                17.0
            ],
            "category_id": 0,
            "id": 21
        },
        {
            "segmentation": [
                [
                    1807.936507936508,
                    828.5714285714286,
                    1822.2222222222222,
                    852.3809523809524
                ]
            ],
            "iscrowd": 0,
            "area": 0.0,
            "image_id": 0,
            "bbox": [
                1807.0,
                828.0,
                15.0,
                24.0
            ],
            "category_id": 0,
            "id": 22
        },
        {
            "segmentation": [
                [
                    1911.111111111111,
                    722.2222222222222,
                    1931.7460317460318,
                    755.5555555555555
                ]
            ],
            "iscrowd": 0,
            "area": 0.0,
            "image_id": 0,
            "bbox": [
                1911.0,
                722.0,
                20.0,
                33.0
            ],
            "category_id": 0,
            "id": 23
        },
        {
            "segmentation": [
                [
                    1966.6666666666667,
                    682.5396825396825,
                    1977.7777777777778,
                    711.1111111111111
                ]
            ],
            "iscrowd": 0,
            "area": 0.0,
            "image_id": 0,
            "bbox": [
                1966.0,
                682.0,
                11.0,
                29.0
            ],
            "category_id": 0,
            "id": 24
        },
        {
            "segmentation": [
                [
                    709.5238095238095,
                    644.4444444444445,
                    723.8095238095239,
                    663.4920634920635
                ]
            ],
            "iscrowd": 0,
            "area": 0.0,
            "image_id": 0,
            "bbox": [
                709.0,
                644.0,
                14.0,
                19.0
            ],
            "category_id": 1,
            "id": 25
        },
        {
            "segmentation": [
                [
                    447.6190476190476,
                    825.3968253968254,
                    457.14285714285717,
                    834.9206349206349
                ]
            ],
            "iscrowd": 0,
            "area": 0.0,
            "image_id": 0,
            "bbox": [
                447.0,
                825.0,
                10.0,
                9.0
            ],
            "category_id": 1,
            "id": 26
        },
        {
            "segmentation": [
                [
                    841.2698412698412,
                    739.6825396825396,
                    849.2063492063492,
                    746.031746031746
                ]
            ],
            "iscrowd": 0,
            "area": 0.0,
            "image_id": 0,
            "bbox": [
                841.0,
                739.0,
                8.0,
                7.0
            ],
            "category_id": 1,
            "id": 27
        },
        {
            "segmentation": [
                [
                    734.9206349206349,
                    1057.142857142857,
                    742.8571428571429,
                    1069.8412698412699
                ]
            ],
            "iscrowd": 0,
            "area": 0.0,
            "image_id": 0,
            "bbox": [
                734.0,
                1057.0,
                8.0,
                12.0
            ],
            "category_id": 1,
            "id": 28
        },
        {
            "segmentation": [
                [
                    1096.8253968253969,
                    1315.873015873016,
                    1109.5238095238094,
                    1325.3968253968253
                ]
            ],
            "iscrowd": 0,
            "area": 0.0,
            "image_id": 0,
            "bbox": [
                1096.0,
                1315.0,
                13.0,
                10.0
            ],
            "category_id": 1,
            "id": 29
        },
        {
            "segmentation": [
                [
                    1149.2063492063492,
                    1358.7301587301588,
                    1157.142857142857,
                    1366.6666666666667
                ]
            ],
            "iscrowd": 0,
            "area": 0.0,
            "image_id": 0,
            "bbox": [
                1149.0,
                1358.0,
                8.0,
                8.0
            ],
            "category_id": 1,
            "id": 30
        },
        {
            "segmentation": [
                [
                    1047.6190476190477,
                    1526.984126984127,
                    1052.3809523809523,
                    1534.920634920635
                ]
            ],
            "iscrowd": 0,
            "area": 0.0,
            "image_id": 0,
            "bbox": [
                1047.0,
                1526.0,
                5.0,
                8.0
            ],
            "category_id": 1,
            "id": 31
        },
        {
            "segmentation": [
                [
                    1546.031746031746,
                    1215.873015873016,
                    1550.7936507936508,
                    1228.5714285714287
                ]
            ],
            "iscrowd": 0,
            "area": 0.0,
            "image_id": 0,
            "bbox": [
                1546.0,
                1215.0,
                4.0,
                13.0
            ],
            "category_id": 1,
            "id": 32
        },
        {
            "segmentation": [
                [
                    1838.095238095238,
                    804.7619047619047,
                    1846.031746031746,
                    817.4603174603175
                ]
            ],
            "iscrowd": 0,
            "area": 0.0,
            "image_id": 0,
            "bbox": [
                1838.0,
                804.0,
                8.0,
                13.0
            ],
            "category_id": 1,
            "id": 33
        }
    ]
}