{
    "images": [
        {
            "height": 2288,
            "width": 2376,
            "id": 0,
            "file_name": "MP3_2_colour_3b_colour.png"
        }
    ],
    "categories": [
        {
            "supercategory": "g",
            "id": 0,
            "name": "g"
        },
        {
            "supercategory": "p",
            "id": 1,
            "name": "p"
        }
    ],
    "annotations": [
        {
            "segmentation": [
                [
                    1050.0,
                    351.72413793103453,
                    1068.9655172413793,
                    379.3103448275862
                ]
            ],
            "iscrowd": 0,
            "area": 0.0,
            "image_id": 0,
            "bbox": [
                1050.0,
                351.0,
                18.0,
                28.0
            ],
            "category_id": 0,
            "id": 1
        },
        {
            "segmentation": [
                [
                    746.551724137931,
                    458.62068965517244,
                    760.344827586207,
                    487.93103448275866
                ]
            ],
            "iscrowd": 0,
            "area": 0.0,
            "image_id": 0,
            "bbox": [
                746.0,
                458.0,
                14.0,
                29.0
            ],
            "category_id": 0,
            "id": 2
        },
        {
            "segmentation": [
                [
                    867.2413793103449,
                    679.3103448275863,
                    889.6551724137931,
                    706.896551724138
                ]
            ],
            "iscrowd": 0,
            "area": 0.0,
            "image_id": 0,
            "bbox": [
                867.0,
                679.0,
                22.0,
                27.0
            ],
            "category_id": 0,
            "id": 3
        },
        {
            "segmentation": [
                [
                    675.8620689655173,
                    815.5172413793103,
                    705.1724137931035,
                    850.0000000000001
                ]
            ],
            "iscrowd": 0,
            "area": 0.0,
            "image_id": 0,
            "bbox": [
                675.0,
                815.0,
                30.0,
                35.0
            ],
            "category_id": 0,
            "id": 4
        },
        {
            "segmentation": [
                [
                    1394.8275862068967,
                    684.4827586206897,
                    1417.2413793103449,
                    720.6896551724138
                ]
            ],
            "iscrowd": 0,
            "area": 0.0,
            "image_id": 0,
            "bbox": [
                1394.0,
                684.0,
                23.0,
                36.0
            ],
            "category_id": 0,
            "id": 5
        },
        {
            "segmentation": [
                [
                    1479.3103448275863,
                    732.7586206896552,
                    1505.1724137931035,
                    767.2413793103449
                ]
            ],
            "iscrowd": 0,
            "area": 0.0,
            "image_id": 0,
            "bbox": [
                1479.0,
                732.0,
                26.0,
                35.0
            ],
            "category_id": 0,
            "id": 6
        },
        {
            "segmentation": [
                [
                    1720.689655172414,
                    317.2413793103448,
                    1739.6551724137933,
                    348.2758620689655
                ]
            ],
            "iscrowd": 0,
            "area": 0.0,
            "image_id": 0,
            "bbox": [
                1720.0,
                317.0,
                19.0,
                31.0
            ],
            "category_id": 0,
            "id": 7
        },
        {
            "segmentation": [
                [
                    758.6206896551724,
                    541.3793103448277,
                    775.8620689655173,
                    560.344827586207
                ]
            ],
            "iscrowd": 0,
            "area": 0.0,
            "image_id": 0,
            "bbox": [
                758.0,
                541.0,
                17.0,
                19.0
            ],
            "category_id": 0,
            "id": 8
        },
        {
            "segmentation": [
                [
                    1062.0689655172414,
                    705.1724137931035,
                    1075.8620689655172,
                    718.9655172413794
                ]
            ],
            "iscrowd": 0,
            "area": 0.0,
            "image_id": 0,
            "bbox": [
                1062.0,
                705.0,
                13.0,
                13.0
            ],
            "category_id": 0,
            "id": 9
        },
        {
            "segmentation": [
                [
                    827.5862068965517,
                    991.3793103448277,
                    846.551724137931,
                    1025.8620689655172
                ]
            ],
            "iscrowd": 0,
            "area": 0.0,
            "image_id": 0,
            "bbox": [
                827.0,
                991.0,
                19.0,
                34.0
            ],
            "category_id": 0,
            "id": 10
        },
        {
            "segmentation": [
                [
                    924.1379310344828,
                    1077.5862068965519,
                    950.0000000000001,
                    1108.6206896551726
                ]
            ],
            "iscrowd": 0,
            "area": 0.0,
            "image_id": 0,
            "bbox": [
                924.0,
                1077.0,
                26.0,
                31.0
            ],
            "category_id": 0,
            "id": 11
        },
        {
            "segmentation": [
                [
                    734.4827586206897,
                    1191.3793103448277,
                    751.7241379310345,
                    1206.896551724138
                ]
            ],
            "iscrowd": 0,
            "area": 0.0,
            "image_id": 0,
            "bbox": [
                734.0,
                1191.0,
                17.0,
                15.0
            ],
            "category_id": 0,
            "id": 12
        },
        {
            "segmentation": [
                [
                    1015.5172413793105,
                    1493.103448275862,
                    1041.3793103448277,
                    1527.5862068965519
                ]
            ],
            "iscrowd": 0,
            "area": 0.0,
            "image_id": 0,
            "bbox": [
                1015.0,
                1493.0,
                26.0,
                34.0
            ],
            "category_id": 0,
            "id": 13
        },
        {
            "segmentation": [
                [
                    1536.2068965517242,
                    1065.5172413793105,
                    1562.0689655172414,
                    1100.0
                ]
            ],
            "iscrowd": 0,
            "area": 0.0,
            "image_id": 0,
            "bbox": [
                1536.0,
                1065.0,
                26.0,
                35.0
            ],
            "category_id": 0,
            "id": 14
        },
        {
            "segmentation": [
                [
                    1031.0344827586207,
                    1160.344827586207,
                    1056.896551724138,
                    1191.3793103448277
                ]
            ],
            "iscrowd": 0,
            "area": 0.0,
            "image_id": 0,
            "bbox": [
                1031.0,
                1160.0,
                25.0,
                31.0
            ],
            "category_id": 0,
            "id": 15
        },
        {
            "segmentation": [
                [
                    1006.896551724138,
                    951.7241379310345,
                    1024.1379310344828,
                    982.7586206896552
                ]
            ],
            "iscrowd": 0,
            "area": 0.0,
            "image_id": 0,
            "bbox": [
                1006.0,
                951.0,
                18.0,
                31.0
            ],
            "category_id": 0,
            "id": 16
        },
        {
            "segmentation": [
                [
                    1044.8275862068965,
                    1003.4482758620691,
                    1068.9655172413793,
                    1041.3793103448277
                ]
            ],
            "iscrowd": 0,
            "area": 0.0,
            "image_id": 0,
            "bbox": [
                1044.0,
                1003.0,
                24.0,
                38.0
            ],
            "category_id": 0,
            "id": 17
        },
        {
            "segmentation": [
                [
                    1146.5517241379312,
                    1156.896551724138,
                    1156.896551724138,
                    1177.5862068965519
                ]
            ],
            "iscrowd": 0,
            "area": 0.0,
            "image_id": 0,
            "bbox": [
                1146.0,
                1156.0,
                10.0,
                21.0
            ],
            "category_id": 0,
            "id": 18
        },
        {
            "segmentation": [
                [
                    1108.6206896551726,
                    1200.0,
                    1120.689655172414,
                    1225.8620689655174
                ]
            ],
            "iscrowd": 0,
            "area": 0.0,
            "image_id": 0,
            "bbox": [
                1108.0,
                1200.0,
                12.0,
                25.0
            ],
            "category_id": 0,
            "id": 19
        },
        {
            "segmentation": [
                [
                    1222.4137931034484,
                    1124.1379310344828,
                    1244.8275862068967,
                    1156.896551724138
                ]
            ],
            "iscrowd": 0,
            "area": 0.0,
            "image_id": 0,
            "bbox": [
                1222.0,
                1124.0,
                22.0,
                32.0
            ],
            "category_id": 0,
            "id": 20
        },
        {
            "segmentation": [
                [
                    962.0689655172414,
                    1017.2413793103449,
                    981.0344827586208,
                    1041.3793103448277
                ]
            ],
            "iscrowd": 0,
            "area": 0.0,
            "image_id": 0,
            "bbox": [
                962.0,
                1017.0,
                19.0,
                24.0
            ],
            "category_id": 0,
            "id": 21
        },
        {
            "segmentation": [
                [
                    1272.4137931034484,
                    1012.0689655172414,
                    1289.6551724137933,
                    1037.9310344827586
                ]
            ],
            "iscrowd": 0,
            "area": 0.0,
            "image_id": 0,
            "bbox": [
                1272.0,
                1012.0,
                17.0,
                25.0
            ],
            "category_id": 0,
            "id": 22
        },
        {
            "segmentation": [
                [
                    1301.7241379310346,
                    1091.3793103448277,
                    1327.5862068965519,
                    1118.9655172413793
                ]
            ],
            "iscrowd": 0,
            "area": 0.0,
            "image_id": 0,
            "bbox": [
                1301.0,
                1091.0,
                26.0,
                27.0
            ],
            "category_id": 0,
            "id": 23
        },
        {
            "segmentation": [
                [
                    1289.6551724137933,
                    915.5172413793105,
                    1300.0,
                    934.4827586206898
                ]
            ],
            "iscrowd": 0,
            "area": 0.0,
            "image_id": 0,
            "bbox": [
                1289.0,
                915.0,
                11.0,
                19.0
            ],
            "category_id": 0,
            "id": 24
        },
        {
            "segmentation": [
                [
                    1331.0344827586207,
                    943.1034482758621,
                    1341.3793103448277,
                    960.344827586207
                ]
            ],
            "iscrowd": 0,
            "area": 0.0,
            "image_id": 0,
            "bbox": [
                1331.0,
                943.0,
                10.0,
                17.0
            ],
            "category_id": 0,
            "id": 25
        },
        {
            "segmentation": [
                [
                    1427.5862068965519,
                    1029.3103448275863,
                    1444.8275862068967,
                    1062.0689655172414
                ]
            ],
            "iscrowd": 0,
            "area": 0.0,
            "image_id": 0,
            "bbox": [
                1427.0,
                1029.0,
                17.0,
                33.0
            ],
            "category_id": 0,
            "id": 26
        },
        {
            "segmentation": [
                [
                    1431.0344827586207,
                    803.4482758620691,
                    1444.8275862068967,
                    832.7586206896552
                ]
            ],
            "iscrowd": 0,
            "area": 0.0,
            "image_id": 0,
            "bbox": [
                1431.0,
                803.0,
                13.0,
                29.0
            ],
            "category_id": 0,
            "id": 27
        },
        {
            "segmentation": [
                [
                    1382.7586206896553,
                    806.896551724138,
                    1401.7241379310346,
                    827.5862068965517
                ]
            ],
            "iscrowd": 0,
            "area": 0.0,
            "image_id": 0,
            "bbox": [
                1382.0,
                806.0,
                19.0,
                21.0
            ],
            "category_id": 0,
            "id": 28
        },
        {
            "segmentation": [
                [
                    1213.793103448276,
                    834.4827586206898,
                    1222.4137931034484,
                    846.551724137931
                ]
            ],
            "iscrowd": 0,
            "area": 0.0,
            "image_id": 0,
            "bbox": [
                1213.0,
                834.0,
                9.0,
                12.0
            ],
            "category_id": 1,
            "id": 29
        },
        {
            "segmentation": [
                [
                    1196.5517241379312,
                    344.82758620689657,
                    1203.448275862069,
                    355.1724137931035
                ]
            ],
            "iscrowd": 0,
            "area": 0.0,
            "image_id": 0,
            "bbox": [
                1196.0,
                344.0,
                7.0,
                11.0
            ],
            "category_id": 1,
            "id": 30
        },
        {
            "segmentation": [
                [
                    1070.689655172414,
                    1744.8275862068967,
                    1074.1379310344828,
                    1760.344827586207
                ]
            ],
            "iscrowd": 0,
            "area": 0.0,
            "image_id": 0,
            "bbox": [
                1070.0,
                1744.0,
                4.0,
                16.0
            ],
            "category_id": 1,
            "id": 31
        }
    ]
}